,ds,trend,yhat_lower,yhat_upper,trend_lower,trend_upper,additive_terms,additive_terms_lower,additive_terms_upper,weekly,weekly_lower,weekly_upper,yearly,yearly_lower,yearly_upper,multiplicative_terms,multiplicative_terms_lower,multiplicative_terms_upper,yhat
0,2009-01-12,-6242.6444890742405,-11850.273322617888,18078.896573804745,-6242.6444890742405,-6242.6444890742405,9182.524595522604,9182.524595522604,9182.524595522604,2220.8449841635606,2220.8449841635606,2220.8449841635606,6961.6796113590435,6961.6796113590435,6961.6796113590435,0.0,0.0,0.0,2939.880106448363
1,2009-01-13,-6194.991927004257,-14350.930798293852,16537.528618405737,-6194.991927004257,-6194.991927004257,8301.605083566676,8301.605083566676,8301.605083566676,1317.7282325201554,1317.7282325201554,1317.7282325201554,6983.87685104652,6983.87685104652,6983.87685104652,0.0,0.0,0.0,2106.613156562418
2,2009-01-14,-6147.339364934274,-13072.94158387408,15962.916180253682,-6147.339364934274,-6147.339364934274,8162.771122070469,8162.771122070469,8162.771122070469,1190.3939740596477,1190.3939740596477,1190.3939740596477,6972.377148010821,6972.377148010821,6972.377148010821,0.0,0.0,0.0,2015.4317571361944
3,2009-01-15,-6099.686802864291,-11093.40882485584,19498.36117465806,-6099.686802864291,-6099.686802864291,10295.630331036646,10295.630331036646,10295.630331036646,3364.72492935307,3364.72492935307,3364.72492935307,6930.905401683574,6930.905401683574,6930.905401683574,0.0,0.0,0.0,4195.9435281723545
4,2009-01-16,-6052.034240794308,-15061.080611288522,15590.92473975086,-6052.034240794308,-6052.034240794308,5923.188156748009,5923.188156748009,5923.188156748009,-940.6156865318543,-940.6156865318543,-940.6156865318543,6863.803843279861,6863.803843279861,6863.803843279861,0.0,0.0,0.0,-128.84608404629944
5,2009-01-17,-6004.381678724325,-20138.153645247086,9315.990770542885,-6004.381678724325,-6004.381678724325,297.432001208294,297.432001208294,297.432001208294,-6478.464914936142,-6478.464914936142,-6478.464914936142,6775.896916144436,6775.896916144436,6775.896916144436,0.0,0.0,0.0,-5706.9496775160305
6,2009-01-18,-5956.729116654341,-15670.095041449174,14992.614480116636,-5956.729116654341,-5956.729116654341,5997.731902979219,5997.731902979219,5997.731902979219,-674.6115186156,-674.6115186156,-674.6115186156,6672.343421594819,6672.343421594819,6672.343421594819,0.0,0.0,0.0,41.00278632487789
7,2009-01-19,-5909.076554584358,-11308.552596667012,19009.68662109788,-5909.076554584358,-5909.076554584358,8779.325496361596,8779.325496361596,8779.325496361596,2220.8449841623255,2220.8449841623255,2220.8449841623255,6558.48051219927,6558.48051219927,6558.48051219927,0.0,0.0,0.0,2870.2489417772385
8,2009-01-20,-5861.423992514375,-13137.026545162744,16587.066647380663,-5861.423992514375,-5861.423992514375,7757.392552344904,7757.392552344904,7757.392552344904,1317.7282325221656,1317.7282325221656,1317.7282325221656,6439.664319822739,6439.664319822739,6439.664319822739,0.0,0.0,0.0,1895.9685598305296
9,2009-01-21,-5813.771430444392,-14021.937618830158,16259.669650840042,-5813.771430444392,-5813.771430444392,7511.506039627344,7511.506039627344,7511.506039627344,1190.3939740581857,1190.3939740581857,1190.3939740581857,6321.112065569157,6321.112065569157,6321.112065569157,0.0,0.0,0.0,1697.7346091829522
10,2009-01-22,-5766.118868374408,-10647.912889492469,20087.966733252953,-5766.118868374408,-5766.118868374408,9572.475341593405,9572.475341593405,9572.475341593405,3364.7249293562,3364.7249293562,3364.7249293562,6207.750412237205,6207.750412237205,6207.750412237205,0.0,0.0,0.0,3806.356473218997
11,2009-01-23,-5718.4663063044245,-16284.679179698927,14838.105094937078,-5718.4663063044245,-5718.4663063044245,5163.458904152263,5163.458904152263,5163.458904152263,-940.6156865362447,-940.6156865362447,-940.6156865362447,6104.074590688508,6104.074590688508,6104.074590688508,0.0,0.0,0.0,-555.0074021521614
12,2009-01-24,-5670.813744234441,-22466.332628997992,8911.581725510347,-5670.813744234441,-5670.813744234441,-464.4424474728793,-464.4424474728793,-464.4424474728793,-6478.464914934234,-6478.464914934234,-6478.464914934234,6014.0224674613555,6014.0224674613555,6014.0224674613555,0.0,0.0,0.0,-6135.256191707321
13,2009-01-25,-5623.161182164458,-16330.951184598685,14393.136754415651,-5623.161182164458,-5623.161182164458,5266.255715319653,5266.255715319653,5266.255715319653,-674.6115186240754,-674.6115186240754,-674.6115186240754,5940.867233943729,5940.867233943729,5940.867233943729,0.0,0.0,0.0,-356.90546684480523
14,2009-01-26,-5575.508620094475,-13379.60156004752,17456.76147314941,-5575.508620094475,-5575.508620094475,8107.976787014338,8107.976787014338,8107.976787014338,2220.8449841654588,2220.8449841654588,2220.8449841654588,5887.1318028488795,5887.1318028488795,5887.1318028488795,0.0,0.0,0.0,2532.4681669198626
15,2009-01-27,-5527.856058024491,-15043.058973144969,16804.376762035587,-5527.856058024491,-5527.856058024491,7172.255546826368,7172.255546826368,7172.255546826368,1317.728232519686,1317.728232519686,1317.728232519686,5854.5273143066825,5854.5273143066825,5854.5273143066825,0.0,0.0,0.0,1644.399488801877
16,2009-01-28,-5480.203495954508,-14719.174841964046,16531.81334586297,-5480.203495954508,-5480.203495954508,7034.311376677976,7034.311376677976,7034.311376677976,1190.3939740615028,1190.3939740615028,1190.3939740615028,5843.917402616476,5843.917402616476,5843.917402616476,0.0,0.0,0.0,1554.107880723468
17,2009-01-29,-5432.550933884525,-11156.891156778263,18886.091109654437,-5432.550933884525,-5432.550933884525,9220.034008132516,9220.034008132516,9220.034008132516,3364.724929359332,3364.724929359332,3364.724929359332,5855.309078773186,5855.309078773186,5855.309078773186,0.0,0.0,0.0,3787.4830742479908
18,2009-01-30,-5384.898371814542,-15414.921794431406,16231.143800611895,-5384.898371814542,-5384.898371814542,4947.254580919171,4947.254580919171,4947.254580919171,-940.6156865300441,-940.6156865300441,-940.6156865300441,5887.870267449214,5887.870267449214,5887.870267449214,0.0,0.0,0.0,-437.64379089537124
19,2009-01-31,-5337.245809744559,-21362.08252562472,8906.486034599058,-5337.245809744559,-5337.245809744559,-538.4916899371052,-538.4916899371052,-538.4916899371052,-6478.4649149349225,-6478.4649149349225,-6478.4649149349225,5939.973224997818,5939.973224997818,5939.973224997818,0.0,0.0,0.0,-5875.737499681664
20,2009-02-01,-5289.593247674576,-15545.80613660801,15219.718509370143,-5289.593247674576,-5289.593247674576,5334.650762975823,5334.650762975823,5334.650762975823,-674.6115186192591,-674.6115186192591,-674.6115186192591,6009.262281595083,6009.262281595083,6009.262281595083,0.0,0.0,0.0,45.057515301247804
21,2009-02-02,-5241.9406856045925,-12226.176615812548,18823.413908178867,-5241.9406856045925,-5241.9406856045925,8313.588603658269,8313.588603658269,8313.588603658269,2220.8449841642237,2220.8449841642237,2220.8449841642237,6092.743619494046,6092.743619494046,6092.743619494046,0.0,0.0,0.0,3071.647918053676
22,2009-02-03,-5194.288119284985,-14270.878937641588,16506.905577842037,-5194.288119284985,-5194.288119284985,7504.622374585124,7504.622374585124,7504.622374585124,1317.7282325172073,1317.7282325172073,1317.7282325172073,6186.894142067915,6186.894142067915,6186.894142067915,0.0,0.0,0.0,2310.3342553001385
23,2009-02-04,-5146.635552965378,-13689.69793710455,17114.910547360985,-5146.635552965378,-5146.635552965378,7478.179898554739,7478.179898554739,7478.179898554739,1190.3939740600415,1190.3939740600415,1190.3939740600415,6287.785924494698,6287.785924494698,6287.785924494698,0.0,0.0,0.0,2331.544345589361
24,2009-02-05,-5098.982986645771,-11598.158704569654,20399.277779215805,-5098.982986645771,-5098.982986645771,9755.94721231218,9755.94721231218,9755.94721231218,3364.7249293544605,3364.7249293544605,3364.7249293544605,6391.2222829577195,6391.2222829577195,6391.2222829577195,0.0,0.0,0.0,4656.964225666408
25,2009-02-06,-5051.330420326165,-14298.526248158485,16162.359983783805,-5051.330420326165,-5051.330420326165,5552.2654817366465,5552.2654817366465,5552.2654817366465,-940.6156865304175,-940.6156865304175,-940.6156865304175,6492.881168267065,6492.881168267065,6492.881168267065,0.0,0.0,0.0,500.93506141048147
26,2009-02-07,-5003.677854006557,-21804.30642066732,11284.684089877344,-5003.677854006557,-5003.677854006557,109.99647627126963,109.99647627126963,109.99647627126963,-6478.464914935373,-6478.464914935373,-6478.464914935373,6588.4613912066425,6588.4613912066425,6588.4613912066425,0.0,0.0,0.0,-4893.681377735287
27,2009-02-08,-4956.025287686951,-13589.382270315533,16302.349871213659,-4956.025287686951,-4956.025287686951,5999.215607299335,5999.215607299335,5999.215607299335,-674.6115186142127,-674.6115186142127,-674.6115186142127,6673.827125913548,6673.827125913548,6673.827125913548,0.0,0.0,0.0,1043.190319612384
28,2009-02-09,-4908.372721367343,-10508.047037728691,19948.74682045371,-4908.372721367343,-4908.372721367343,8965.99119961491,8965.99119961491,8965.99119961491,2220.84498416493,2220.84498416493,2220.84498416493,6745.146215449981,6745.146215449981,6745.146215449981,0.0,0.0,0.0,4057.6184782475666
29,2009-02-10,-4860.720155047736,-11691.852914954683,17857.946070790258,-4860.720155047736,-4860.720155047736,8116.746249777438,8116.746249777438,8116.746249777438,1317.728232522946,1317.728232522946,1317.728232522946,6799.0180172544915,6799.0180172544915,6799.0180172544915,0.0,0.0,0.0,3256.026094729702
30,2009-02-11,-4813.0675887281295,-11346.978154037388,18450.41232941651,-4813.0675887281295,-4813.0675887281295,8022.980842402899,8022.980842402899,8022.980842402899,1190.3939740572202,1190.3939740572202,1190.3939740572202,6832.586868345678,6832.586868345678,6832.586868345678,0.0,0.0,0.0,3209.9132536747693
31,2009-02-12,-4765.415022408523,-8346.24603832383,20868.936970928233,-4765.415022408523,-4765.415022408523,10208.36263927961,10208.36263927961,10208.36263927961,3364.7249293593504,3364.7249293593504,3364.7249293593504,6843.63770992026,6843.63770992026,6843.63770992026,0.0,0.0,0.0,5442.947616871087
32,2009-02-13,-4717.762456088915,-13222.534818242097,16509.049747076348,-4717.762456088915,-4717.762456088915,5890.055287429829,5890.055287429829,5890.055287429829,-940.6156865388248,-940.6156865388248,-940.6156865388248,6830.670973968656,6830.670973968656,6830.670973968656,0.0,0.0,0.0,1172.2928313409138
33,2009-02-14,-4670.109889769308,-18943.90186066295,11236.504089422346,-4670.109889769308,-4670.109889769308,314.48956817389654,314.48956817389654,314.48956817389654,-6478.464914935822,-6478.464914935822,-6478.464914935822,6792.954483109718,6792.954483109718,6792.954483109718,0.0,0.0,0.0,-4355.620321595412
34,2009-02-15,-4622.457323449701,-13240.791898377232,16154.460114092282,-4622.457323449701,-4622.457323449701,6055.939310498711,6055.939310498711,6055.939310498711,-674.6115186093966,-674.6115186093966,-674.6115186093966,6730.550829108107,6730.550829108107,6730.550829108107,0.0,0.0,0.0,1433.48198704901
35,2009-02-16,-4574.804757130094,-10964.813074401178,19869.544858979327,-4574.804757130094,-4574.804757130094,8865.164437618623,8865.164437618623,8865.164437618623,2220.8449841629667,2220.8449841629667,2220.8449841629667,6644.319453455655,6644.319453455655,6644.319453455655,0.0,0.0,0.0,4290.359680488529
36,2009-02-17,-4527.152190810488,-13800.385315191434,18123.114049876192,-4527.152190810488,-4527.152190810488,7853.621664477192,7853.621664477192,7853.621664477192,1317.7282325167384,1317.7282325167384,1317.7282325167384,6535.893431960452,6535.893431960452,6535.893431960452,0.0,0.0,0.0,3326.4694736667043
37,2009-02-18,-4479.499624490881,-12207.757733600272,17977.345846940585,-4479.499624490881,-4479.499624490881,7598.025714767645,7598.025714767645,7598.025714767645,1190.393974060537,1190.393974060537,1190.393974060537,6407.631740707108,6407.631740707108,6407.631740707108,0.0,0.0,0.0,3118.526090276764
38,2009-02-19,-4431.847058171274,-10630.242543946264,19894.66833908646,-4431.847058171274,-4431.847058171274,9627.273459017706,9627.273459017706,9627.273459017706,3364.7249293527198,3364.7249293527198,3364.7249293527198,6262.548529664987,6262.548529664987,6262.548529664987,0.0,0.0,0.0,5195.426400846432
39,2009-02-20,-4384.1944918516665,-15923.00470301174,16454.81975502334,-4384.1944918516665,-4384.1944918516665,5163.605943449308,5163.605943449308,5163.605943449308,-940.6156865432162,-940.6156865432162,-940.6156865432162,6104.221629992523,6104.221629992523,6104.221629992523,0.0,0.0,0.0,779.4114515976416
40,2009-02-21,-4336.541925532059,-21692.481615924207,11032.777694103148,-4336.541925532059,-4336.541925532059,-541.7817641841704,-541.7817641841704,-541.7817641841704,-6478.464914934154,-6478.464914934154,-6478.464914934154,5936.683150749985,5936.683150749985,5936.683150749985,0.0,0.0,0.0,-4878.32368971623
41,2009-02-22,-4288.889359212452,-13989.892105784595,16750.234848566743,-4288.889359212452,-4288.889359212452,5089.684042846849,5089.684042846849,5089.684042846849,-674.6115186181025,-674.6115186181025,-674.6115186181025,5764.295561464952,5764.295561464952,5764.295561464952,0.0,0.0,0.0,800.7946836343963
42,2009-02-23,-4241.236792892845,-10511.477230320075,18791.703178320295,-4241.236792892845,-4241.236792892845,7812.462076931311,7812.462076931311,7812.462076931311,2220.8449841617316,2220.8449841617316,2220.8449841617316,5591.61709276958,5591.61709276958,5591.61709276958,0.0,0.0,0.0,3571.2252840384654
43,2009-02-24,-4193.58422657324,-12173.88845708487,18856.402075978513,-4193.58422657324,-4193.58422657324,6740.988837870924,6740.988837870924,6740.988837870924,1317.7282325179874,1317.7282325179874,1317.7282325179874,5423.260605352934,5423.260605352934,5423.260605352934,0.0,0.0,0.0,2547.404611297684
44,2009-02-25,-4145.93166279938,-13526.41868863015,17514.68799723815,-4145.93166279938,-4145.93166279938,6454.144242543954,6454.144242543954,6454.144242543954,1190.393974063853,1190.393974063853,1190.393974063853,5263.7502684801,5263.7502684801,5263.7502684801,0.0,0.0,0.0,2308.2125797445733
45,2009-02-26,-4098.2790990255235,-11791.832379870233,19054.009254593035,-4098.2790990255235,-4098.2790990255235,8482.105377393218,8482.105377393218,8482.105377393218,3364.7249293576097,3364.7249293576097,3364.7249293576097,5117.380448035606,5117.380448035606,5117.380448035606,0.0,0.0,0.0,4383.826278367695
46,2009-02-27,-4050.626535251665,-15302.466033029526,14879.924405582511,-4050.626535251665,-4050.626535251665,4047.4654425823946,4047.4654425823946,4047.4654425823946,-940.6156865370143,-940.6156865370143,-940.6156865370143,4988.081129119409,4988.081129119409,4988.081129119409,0.0,0.0,0.0,-3.161092669270147
47,2009-02-28,-4002.9739714778066,-21498.792732747337,9490.800018485168,-4002.9739714778066,-4002.9739714778066,-1599.1709226116009,-1599.1709226116009,-1599.1709226116009,-6478.464914936962,-6478.464914936962,-6478.464914936962,4879.293992325361,4879.293992325361,4879.293992325361,0.0,0.0,0.0,-5602.144894089408
48,2009-03-01,-3955.3214077039493,-15085.729396629893,15390.137228646023,-3955.3214077039493,-3955.3214077039493,4119.2514140514,4119.2514140514,4119.2514140514,-674.611518626578,-674.611518626578,-674.611518626578,4793.862932677978,4793.862932677978,4793.862932677978,0.0,0.0,0.0,163.93000634745113
49,2009-03-02,-3907.668843930092,-12509.321945387583,17974.918601486774,-3907.668843930092,-3907.668843930092,6954.787350310507,6954.787350310507,6954.787350310507,2220.8449841643796,2220.8449841643796,2220.8449841643796,4733.942366146127,4733.942366146127,4733.942366146127,0.0,0.0,0.0,3047.1185063804146
50,2009-03-03,-3860.0162801562337,-12221.768405867419,17545.707729639333,-3860.0162801562337,-3860.0162801562337,6018.654356993695,6018.654356993695,6018.654356993695,1317.7282325155086,1317.7282325155086,1317.7282325155086,4700.9261244781865,4700.9261244781865,4700.9261244781865,0.0,0.0,0.0,2158.638076837461
51,2009-03-04,-3812.3637163823755,-14124.413797437235,17459.140614334076,-3812.3637163823755,-3812.3637163823755,5885.793085625557,5885.793085625557,5885.793085625557,1190.3939740562544,1190.3939740562544,1190.3939740562544,4695.3991115693025,4695.3991115693025,4695.3991115693025,0.0,0.0,0.0,2073.4293692431816
52,2009-03-05,-3764.7111526085173,-10421.733723384014,20230.294058818286,-3764.7111526085173,-3764.7111526085173,8081.838132276377,8081.838132276377,8081.838132276377,3364.7249293558593,3364.7249293558593,3364.7249293558593,4717.113202920516,4717.113202920516,4717.113202920516,0.0,0.0,0.0,4317.12697966786
53,2009-03-06,-3717.05858883466,-14215.424555285777,15618.110971156078,-3717.05858883466,-3717.05858883466,3824.3724484854665,3824.3724484854665,3824.3724484854665,-940.6156865454218,-940.6156865454218,-940.6156865454218,4764.988135030889,4764.988135030889,4764.988135030889,0.0,0.0,0.0,107.31385965080653
54,2009-03-07,-3669.4060250608027,-20135.946078790093,10509.625705560753,-3669.4060250608027,-3669.4060250608027,-1641.3275388231846,-1641.3275388231846,-1641.3275388231846,-6478.4649149350535,-6478.4649149350535,-6478.4649149350535,4837.137376111869,4837.137376111869,4837.137376111869,0.0,0.0,0.0,-5310.733563883987
55,2009-03-08,-3621.7534612869445,-14719.590291155508,16011.71267443142,-3621.7534612869445,-3621.7534612869445,4256.306697589639,4256.306697589639,4256.306697589639,-674.6115186215308,-674.6115186215308,-674.6115186215308,4930.91821621117,4930.91821621117,4930.91821621117,0.0,0.0,0.0,634.5532363026946
56,2009-03-09,-3574.1008975130867,-13131.5830669018,18354.662261778954,-3574.1008975130867,-3574.1008975130867,7263.849570534666,7263.849570534666,7263.849570534666,2220.8449841624165,2220.8449841624165,2220.8449841624165,5043.004586372249,5043.004586372249,5043.004586372249,0.0,0.0,0.0,3689.748673021579
57,2009-03-10,-3526.4483337392285,-12173.260457770783,17594.162615130877,-3526.4483337392285,-3526.4483337392285,6487.208667259345,6487.208667259345,6487.208667259345,1317.7282325212482,1317.7282325212482,1317.7282325212482,5169.480434738095,5169.480434738095,5169.480434738095,0.0,0.0,0.0,2960.7603335201165
58,2009-03-11,-3478.7957699653707,-13486.324836295926,17827.180460348038,-3478.7957699653707,-3478.7957699653707,6496.344847069411,6496.344847069411,6496.344847069411,1190.3939740582111,1190.3939740582111,1190.3939740582111,5305.950873011201,5305.950873011201,5305.950873011201,0.0,0.0,0.0,3017.5490771040404
59,2009-03-12,-3431.143206191513,-10842.202438270731,19942.32504697298,-3431.143206191513,-3431.143206191513,8812.392706947772,8812.392706947772,8812.392706947772,3364.72492935411,3364.72492935411,3364.72492935411,5447.667777593662,5447.667777593662,5447.667777593662,0.0,0.0,0.0,5381.249500756259
60,2009-03-13,-3383.490642417655,-13854.957165482761,16927.885462651222,-3383.490642417655,-3383.490642417655,4649.050415341087,4649.050415341087,4649.050415341087,-940.6156865457958,-940.6156865457958,-940.6156865457958,5589.666101886883,5589.666101886883,5589.666101886883,0.0,0.0,0.0,1265.5597729234314
61,2009-03-14,-3335.8380786437974,-18357.56079840846,10605.275832557474,-3335.8380786437974,-3335.8380786437974,-751.5580728506822,-751.5580728506822,-751.5580728506822,-6478.464914935504,-6478.464914935504,-6478.464914935504,5726.906842084822,5726.906842084822,5726.906842084822,0.0,0.0,0.0,-4087.3961514944795
62,2009-03-15,-3288.1855148699397,-14108.104174137137,16984.9750532164,-3288.1855148699397,-3288.1855148699397,5179.81088883904,5179.81088883904,5179.81088883904,-674.6115186304677,-674.6115186304677,-674.6115186304677,5854.422407469507,5854.422407469507,5854.422407469507,0.0,0.0,0.0,1891.6253739691
63,2009-03-16,-3240.532951096082,-10067.942809201448,20884.723437303062,-3240.532951096082,-3240.532951096082,8188.305067309393,8188.305067309393,8188.305067309393,2220.8449841631223,2220.8449841631223,2220.8449841631223,5967.460083146271,5967.460083146271,5967.460083146271,0.0,0.0,0.0,4947.772116213311
64,2009-03-17,-3192.8803873222237,-10997.899857432638,20251.714087325592,-3192.8803873222237,-3192.8803873222237,7379.347572200509,7379.347572200509,7379.347572200509,1317.7282325224978,1317.7282325224978,1317.7282325224978,6061.61933967801,6061.61933967801,6061.61933967801,0.0,0.0,0.0,4186.4671848782855
65,2009-03-18,-3145.22782215212,-11223.493796058425,19543.011022215604,-3145.22782215212,-3145.22782215212,7323.372911949517,7323.372911949517,7323.372911949517,1190.3939740567491,1190.3939740567491,1190.3939740567491,6132.97893789277,6132.97893789277,6132.97893789277,0.0,0.0,0.0,4178.145089797397
66,2009-03-19,-3097.5752569820165,-8502.105764277316,21750.39333500224,-3097.5752569820165,-3097.5752569820165,9542.935021189178,9542.935021189178,9542.935021189178,3364.7249293523596,3364.7249293523596,3364.7249293523596,6178.210091836819,6178.210091836819,6178.210091836819,0.0,0.0,0.0,6445.359764207162
67,2009-03-20,-3049.922691811913,-14386.510812319522,18230.458527362356,-3049.922691811913,-3049.922691811913,5254.056692077593,5254.056692077593,5254.056692077593,-940.6156865395949,-940.6156865395949,-940.6156865395949,6194.672378617188,6194.672378617188,6194.672378617188,0.0,0.0,0.0,2204.13400026568
68,2009-03-21,-3002.2701266418094,-18456.151537458187,11280.987952138194,-3002.2701266418094,-3002.2701266418094,-297.9753074857051,-297.9753074857051,-297.9753074857051,-6478.464914933835,-6478.464914933835,-6478.464914933835,6180.48960744813,6180.48960744813,6180.48960744813,0.0,0.0,0.0,-3300.2454341275143
69,2009-03-22,-2954.617561471706,-12623.371218017013,17251.94984787595,-2954.617561471706,-2954.617561471706,5459.991946821915,5459.991946821915,5459.991946821915,-674.6115186254207,-674.6115186254207,-674.6115186254207,6134.603465447335,6134.603465447335,6134.603465447335,0.0,0.0,0.0,2505.374385350209
70,2009-03-23,-2906.9649963016022,-9734.80240668243,20940.473010295667,-2906.9649963016022,-2906.9649963016022,8277.648410285141,8277.648410285141,8277.648410285141,2220.844984163829,2220.844984163829,2220.844984163829,6056.803426121311,6056.803426121311,6056.803426121311,0.0,0.0,0.0,5370.683413983539
71,2009-03-24,-2859.312431131498,-10735.575969198722,18939.94068692625,-2859.312431131498,-2859.312431131498,7265.460350124319,7265.460350124319,7265.460350124319,1317.7282325162894,1317.7282325162894,1317.7282325162894,5947.73211760803,5947.73211760803,5947.73211760803,0.0,0.0,0.0,4406.147918992821
72,2009-03-25,-2811.6598659613946,-10829.511748944919,19690.474902235455,-2811.6598659613946,-2811.6598659613946,6999.260054089813,6999.260054089813,6999.260054089813,1190.3939740587064,1190.3939740587064,1190.3939740587064,5808.866080031107,5808.866080031107,5808.866080031107,0.0,0.0,0.0,4187.600188128418
73,2009-03-26,-2764.0073007912906,-9038.443803561906,20851.61002152413,-2764.0073007912906,-2764.0073007912906,9007.197501968318,9007.197501968318,9007.197501968318,3364.7249293572495,3364.7249293572495,3364.7249293572495,5642.472572611066,5642.472572611066,5642.472572611066,0.0,0.0,0.0,6243.190201177027
74,2009-03-27,-2716.3547356211875,-13811.434819690705,17787.763269874416,-2716.3547356211875,-2716.3547356211875,4510.928112873551,4510.928112873551,4510.928112873551,-940.6156865439858,-940.6156865439858,-940.6156865439858,5451.543799417537,5451.543799417537,5451.543799417537,0.0,0.0,0.0,1794.5733772523636
75,2009-03-28,-2668.702170451084,-19461.263454707787,11488.839267875774,-2668.702170451084,-2668.702170451084,-1238.7543283545358,-1238.7543283545358,-1238.7543283545358,-6478.4649149368815,-6478.4649149368815,-6478.4649149368815,5239.710586582345,5239.710586582345,5239.710586582345,0.0,0.0,0.0,-3907.45649880562
76,2009-03-29,-2621.04960528098,-13608.617047121405,17387.428267727904,-2621.04960528098,-2621.04960528098,4336.526624944165,4336.526624944165,4336.526624944165,-674.6115186206049,-674.6115186206049,-674.6115186206049,5011.138143564769,5011.138143564769,5011.138143564769,0.0,0.0,0.0,1715.4770196631848
77,2009-03-30,-2573.397040110876,-11568.908496013231,21705.197993352653,-2573.397040110876,-2573.397040110876,6991.252043083552,6991.252043083552,6991.252043083552,2220.8449841645347,2220.8449841645347,2220.8449841645347,4770.407058919017,4770.407058919017,4770.407058919017,0.0,0.0,0.0,4417.855002972676
78,2009-03-31,-2525.7444749407728,-12158.466560839495,17119.823124036622,-2525.7444749407728,-2525.7444749407728,5840.111334081867,5840.111334081867,5840.111334081867,1317.7282325220283,1317.7282325220283,1317.7282325220283,4522.383101559838,4522.383101559838,4522.383101559838,0.0,0.0,0.0,3314.3668591410947
79,2009-04-01,-2478.0919097706687,-12963.597112773738,18156.630490076917,-2478.0919097706687,-2478.0919097706687,5462.473683728553,5462.473683728553,5462.473683728553,1190.3939740572448,1190.3939740572448,1190.3939740572448,4272.079709671307,4272.079709671307,4272.079709671307,0.0,0.0,0.0,2984.381773957884
80,2009-04-02,-2430.4393446005656,-10551.475351442898,20409.81134385333,-2430.4393446005656,-2430.4393446005656,7389.2421715003165,7389.2421715003165,7389.2421715003165,3364.7249293554996,3364.7249293554996,3364.7249293554996,4024.5172421448156,4024.5172421448156,4024.5172421448156,0.0,0.0,0.0,4958.802826899751
81,2009-04-03,-2382.7867794304616,-14125.092776907824,15412.471834818607,-2382.7867794304616,-2382.7867794304616,2843.967449993091,2843.967449993091,2843.967449993091,-940.615686548376,-940.615686548376,-940.615686548376,3784.583136541468,3784.583136541468,3784.583136541468,0.0,0.0,0.0,461.18067056262953
82,2009-04-04,-2335.134214260358,-20522.435439790443,10567.6120248492,-2335.134214260358,-2335.134214260358,-2921.567853307761,-2921.567853307761,-2921.567853307761,-6478.464914937331,-6478.464914937331,-6478.464914937331,3556.89706162957,3556.89706162957,3556.89706162957,0.0,0.0,0.0,-5256.70206756812
83,2009-04-05,-2287.481649090255,-14156.419301953716,16028.744558360973,-2287.481649090255,-2287.481649090255,2671.0734551580754,2671.0734551580754,2671.0734551580754,-674.6115186290804,-674.6115186290804,-674.6115186290804,3345.6849737871553,3345.6849737871553,3345.6849737871553,0.0,0.0,0.0,383.59180606782047
84,2009-04-06,-2239.829083920151,-12695.06201702853,17485.022953230124,-2239.829083920151,-2239.829083920151,5375.510675316722,5375.510675316722,5375.510675316722,2220.8449841625725,2220.8449841625725,2220.8449841625725,3154.6656911541486,3154.6656911541486,3154.6656911541486,0.0,0.0,0.0,3135.681591396571
85,2009-04-07,-2192.176518750046,-14057.816978375784,17077.52425728089,-2192.176518750046,-2192.176518750046,4304.681429352596,4304.681429352596,4304.681429352596,1317.7282325195495,1317.7282325195495,1317.7282325195495,2986.9531968330457,2986.9531968330457,2986.9531968330457,0.0,0.0,0.0,2112.50491060255
86,2009-04-08,-2144.5239395789336,-13829.933651318233,17286.686805174788,-2144.5239395789336,-2144.5239395789336,4035.3713596590464,4035.3713596590464,4035.3713596590464,1190.3939740605608,1190.3939740605608,1190.3939740605608,2844.9773855984854,2844.9773855984854,2844.9773855984854,0.0,0.0,0.0,1890.847420080113
87,2009-04-09,-2096.8713604078193,-10745.306116108348,20345.007438100332,-2096.8713604078193,-2096.8713604078193,6095.15032238291,6095.15032238291,6095.15032238291,3364.7249293586306,3364.7249293586306,3364.7249293586306,2730.42539302428,2730.42539302428,2730.42539302428,0.0,0.0,0.0,3998.278961975091
88,2009-04-10,-2049.218781236705,-15227.695085071831,15793.062873461147,-2049.218781236705,-2049.218781236705,1703.589323165617,1703.589323165617,1703.589323165617,-940.6156865527666,-940.6156865527666,-940.6156865527666,2644.2050097183837,2644.2050097183837,2644.2050097183837,0.0,0.0,0.0,-345.62945807108804
89,2009-04-11,-2001.5662020655927,-21481.5711986233,9545.867947209817,-2001.5662020655927,-2001.5662020655927,-3892.0339087817356,-3892.0339087817356,-3892.0339087817356,-6478.46491493802,-6478.46491493802,-6478.46491493802,2586.4310061562846,2586.4310061562846,2586.4310061562846,0.0,0.0,0.0,-5893.600110847328
90,2009-04-12,-1953.9136228944785,-15191.876861033577,14853.099916290179,-1953.9136228944785,-1953.9136228944785,1881.8229777674374,1881.8229777674374,1881.8229777674374,-674.6115186242641,-674.6115186242641,-674.6115186242641,2556.4344963917015,2556.4344963917015,2556.4344963917015,0.0,0.0,0.0,-72.09064512704117
91,2009-04-13,-1906.2610437233652,-11742.847358534911,18430.15496791473,-1906.2610437233652,-1906.2610437233652,4773.63975727384,4773.63975727384,4773.63975727384,2220.8449841632782,2220.8449841632782,2220.8449841632782,2552.7947731105614,2552.7947731105614,2552.7947731105614,0.0,0.0,0.0,2867.3787135504745
92,2009-04-14,-1858.608464552252,-12700.400977034493,17161.92891447033,-1858.608464552252,-1858.608464552252,3891.1206059396472,3891.1206059396472,3891.1206059396472,1317.7282325215597,1317.7282325215597,1317.7282325215597,2573.3923734180876,2573.3923734180876,2573.3923734180876,0.0,0.0,0.0,2032.5121413873953
93,2009-04-15,-1810.9558853811386,-12785.578581253745,17482.01889055289,-1810.9558853811386,-1810.9558853811386,3805.875478952725,3805.875478952725,3805.875478952725,1190.393974063878,1190.393974063878,1190.393974063878,2615.4815048888468,2615.4815048888468,2615.4815048888468,0.0,0.0,0.0,1994.9195935715866
94,2009-04-16,-1763.3033062100244,-11199.988930313153,19700.324756918886,-1763.3033062100244,-1763.3033062100244,6040.5043232988,6040.5043232988,6040.5043232988,3364.7249293537598,3364.7249293537598,3364.7249293537598,2675.7793939450416,2675.7793939450416,2675.7793939450416,0.0,0.0,0.0,4277.201017088775
95,2009-04-17,-1715.650727038911,-15288.587604035332,14390.766501076676,-1715.650727038911,-1715.650727038911,1809.9539440404826,1809.9539440404826,1809.9539440404826,-940.6156865465657,-940.6156865465657,-940.6156865465657,2750.5696305870483,2750.5696305870483,2750.5696305870483,0.0,0.0,0.0,94.30321700157151
96,2009-04-18,-1667.9981478677978,-19900.957092289773,9758.30844439624,-1667.9981478677978,-1667.9981478677978,-3642.648725408288,-3642.648725408288,-3642.648725408288,-6478.464914936113,-6478.464914936113,-6478.464914936113,2835.8161895278245,2835.8161895278245,2835.8161895278245,0.0,0.0,0.0,-5310.646873276086
97,2009-04-19,-1620.3455686966836,-15040.039144617875,15934.663654044987,-1620.3455686966836,-1620.3455686966836,2252.6730009090074,2252.6730009090074,2252.6730009090074,-674.6115186192172,-674.6115186192172,-674.6115186192172,2927.2845195282243,2927.2845195282243,2927.2845195282243,0.0,0.0,0.0,632.3274322123239
98,2009-04-20,-1572.692989525571,-11464.863448178416,18773.37876114044,-1572.692989525571,-1572.692989525571,5241.510902558675,5241.510902558675,5241.510902558675,2220.844984162043,2220.844984162043,2220.844984162043,3020.665918396632,3020.665918396632,3020.665918396632,0.0,0.0,0.0,3668.8179130331046
99,2009-04-21,-1525.040410354457,-11995.976292736586,19362.887124784724,-1525.040410354457,-1525.040410354457,4429.429588177894,4429.429588177894,4429.429588177894,1317.72823252357,1317.72823252357,1317.72823252357,3111.7013556543243,3111.7013556543243,3111.7013556543243,0.0,0.0,0.0,2904.3891778234374
100,2009-04-22,-1477.3878311833435,-12462.12163657805,17757.636819167903,-1477.3878311833435,-1477.3878311833435,4386.694943173603,4386.694943173603,4386.694943173603,1190.3939740610563,1190.3939740610563,1190.3939740610563,3196.300969112547,3196.300969112547,3196.300969112547,0.0,0.0,0.0,2909.3071119902597
101,2009-04-23,-1429.7352520122301,-9978.32663049099,21152.274485888873,-1429.7352520122301,-1429.7352520122301,6635.380572454674,6635.380572454674,6635.380572454674,3364.7249293568902,3364.7249293568902,3364.7249293568902,3270.655643097783,3270.655643097783,3270.655643097783,0.0,0.0,0.0,5205.645320442443
102,2009-04-24,-1382.082672841116,-14011.52208258764,16441.917022979127,-1382.082672841116,-1382.082672841116,2390.7216817912454,2390.7216817912454,2390.7216817912454,-940.6156865509563,-940.6156865509563,-940.6156865509563,3331.337368342202,3331.337368342202,3331.337368342202,0.0,0.0,0.0,1008.6390089501294
103,2009-04-25,-1334.4300936700026,-19862.23333522295,10958.011172514383,-1334.4300936700026,-1334.4300936700026,-3103.07943792556,-3103.07943792556,-3103.07943792556,-6478.464914934206,-6478.464914934206,-6478.464914934206,3375.3854770086455,3375.3854770086455,3375.3854770086455,0.0,0.0,0.0,-4437.509531595562
104,2009-04-26,-1286.7775144988893,-14400.306686953458,16147.849621150815,-1286.7775144988893,-1286.7775144988893,2725.7648093949806,2725.7648093949806,2725.7648093949806,-674.6115186141706,-674.6115186141706,-674.6115186141706,3400.3763280091507,3400.3763280091507,3400.3763280091507,0.0,0.0,0.0,1438.9872948960913
105,2009-04-27,-1239.124935327776,-10561.915192596436,19056.846723992312,-1239.124935327776,-1239.124935327776,5625.319556373883,5625.319556373883,5625.319556373883,2220.844984163963,2220.844984163963,2220.844984163963,3404.4745722099196,3404.4745722099196,3404.4745722099196,0.0,0.0,0.0,4386.1946210461065
106,2009-04-28,-1191.4723561566618,-10778.183733663145,19265.04925687632,-1191.4723561566618,-1191.4723561566618,4704.192968933725,4704.192968933725,4704.192968933725,1317.728232521091,1317.728232521091,1317.728232521091,3386.4647364126345,3386.4647364126345,3386.4647364126345,0.0,0.0,0.0,3512.7206127770633
107,2009-04-29,-1143.8197769855476,-12392.398503877852,17976.00151745146,-1143.8197769855476,-1143.8197769855476,4536.156483815231,4536.156483815231,4536.156483815231,1190.3939740595954,1190.3939740595954,1190.3939740595954,3345.762509755637,3345.762509755637,3345.762509755637,0.0,0.0,0.0,3392.336706829683
108,2009-04-30,-1096.1672002466983,-9537.416434239864,20886.758754368664,-1096.1672002466983,-1096.1672002466983,6647.130705151998,6647.130705151998,6647.130705151998,3364.7249293551404,3364.7249293551404,3364.7249293551404,3282.405775796858,3282.405775796858,3282.405775796858,0.0,0.0,0.0,5550.9635049052995
109,2009-05-01,-1048.5146235078473,-14164.959938840142,17281.617278105557,-1048.5146235078473,-1048.5146235078473,2256.41040054443,2256.41040054443,2256.41040054443,-940.6156865407384,-940.6156865407384,-940.6156865407384,3197.0260870851685,3197.0260870851685,3197.0260870851685,0.0,0.0,0.0,1207.8957770365828
110,2009-05-02,-1000.8620467689971,-20116.126677909746,10415.990634923497,-1000.8620467689971,-1000.8620467689971,-3387.663009195569,-3387.663009195569,-3387.663009195569,-6478.464914934894,-6478.464914934894,-6478.464914934894,3090.801905739325,3090.801905739325,3090.801905739325,0.0,0.0,0.0,-4388.5250559645665
111,2009-05-03,-953.209470030146,-12851.736160963725,16463.118915033127,-953.209470030146,-953.209470030146,2290.783994969292,2290.783994969292,2290.783994969292,-674.6115186228767,-674.6115186228767,-674.6115186228767,2965.395513592169,2965.395513592169,2965.395513592169,0.0,0.0,0.0,1337.5745249391462
112,2009-05-04,-905.5568932912959,-11393.787031114078,19249.743936204424,-905.5568932912959,-905.5568932912959,5043.720994592214,5043.720994592214,5043.720994592214,2220.844984162728,2220.844984162728,2220.844984162728,2822.8760104294865,2822.8760104294865,2822.8760104294865,0.0,0.0,0.0,4138.164101300918
113,2009-05-05,-857.9043165524448,-12135.206022431203,18708.610542533253,-857.9043165524448,-857.9043165524448,3983.359485002008,3983.359485002008,3983.359485002008,1317.7282325186115,1317.7282325186115,1317.7282325186115,2665.6312524833975,2665.6312524833975,2665.6312524833975,0.0,0.0,0.0,3125.455168449563
114,2009-05-06,-810.2517398135939,-12271.958071985791,16505.201857063737,-810.2517398135939,-810.2517398135939,3686.665895995657,3686.665895995657,3686.665895995657,1190.393974058134,1190.393974058134,1190.393974058134,2496.2719219375235,2496.2719219375235,2496.2719219375235,0.0,0.0,0.0,2876.4141561820634
115,2009-05-07,-762.5991630747444,-10006.237911082144,20336.989756616313,-762.5991630747444,-762.5991630747444,5682.256080339533,5682.256080339533,5682.256080339533,3364.7249293533896,3364.7249293533896,3364.7249293533896,2317.531150986143,2317.531150986143,2317.531150986143,0.0,0.0,0.0,4919.656917264789
116,2009-05-08,-714.9465863358935,-15557.147612006458,15042.651339190064,-714.9465863358935,-714.9465863358935,1191.5475572058765,1191.5475572058765,1191.5475572058765,-940.6156865265037,-940.6156865265037,-940.6156865265037,2132.16324373238,2132.16324373238,2132.16324373238,0.0,0.0,0.0,476.60097086998303
117,2009-05-09,-667.2940095970432,-20733.128509689126,10661.63163369629,-667.2940095970432,-667.2940095970432,-4535.619872897651,-4535.619872897651,-4535.619872897651,-6478.4649149353445,-6478.4649149353445,-6478.4649149353445,1942.8450420376935,1942.8450420376935,1942.8450420376935,0.0,0.0,0.0,-5202.913882494694
118,2009-05-10,-619.6414328581922,-15944.446799124753,15067.55208210467,-619.6414328581922,-619.6414328581922,1077.4718487556743,1077.4718487556743,1077.4718487556743,-674.6115186180602,-674.6115186180602,-674.6115186180602,1752.0833673737347,1752.0833673737347,1752.0833673737347,0.0,0.0,0.0,457.8304158974821
119,2009-05-11,-571.988856119342,-12435.437519902347,18402.934190111657,-571.988856119342,-571.988856119342,3782.976727557837,3782.976727557837,3782.976727557837,2220.8449841646484,2220.8449841646484,2220.8449841646484,1562.1317433931897,1562.1317433931897,1562.1317433931897,0.0,0.0,0.0,3210.987871438495
120,2009-05-12,-524.336279380491,-13628.518961849108,16947.91657950098,-524.336279380491,-524.336279380491,2692.647503135358,2692.647503135358,2692.647503135358,1317.7282325198614,1317.7282325198614,1317.7282325198614,1374.919270615497,1374.919270615497,1374.919270615497,0.0,0.0,0.0,2168.311223754867
121,2009-05-13,-476.68370264163997,-13851.993477847098,16586.71115811101,-476.68370264163997,-476.68370264163997,2382.3880700671475,2382.3880700671475,2382.3880700671475,1190.3939740553128,1190.3939740553128,1190.3939740553128,1191.9940960118356,1191.9940960118356,1191.9940960118356,0.0,0.0,0.0,1905.7043674255076
122,2009-05-14,-429.03112590279056,-11395.5174591961,20654.016417789473,-429.03112590279056,-429.03112590279056,4379.208339385139,4379.208339385139,4379.208339385139,3364.724929353399,3364.724929353399,3364.724929353399,1014.4834100317393,1014.4834100317393,1014.4834100317393,0.0,0.0,0.0,3950.1772134823486
123,2009-05-15,-381.37854916393957,-14853.220674495176,15540.976626020692,-381.37854916393957,-381.37854916393957,-97.5443583439856,-97.5443583439856,-97.5443583439856,-940.6156865349112,-940.6156865349112,-940.6156865349112,843.0713281909258,843.0713281909258,843.0713281909258,0.0,0.0,0.0,-478.9229075079252
124,2009-05-16,-333.72597242508937,-22063.910165846257,9044.683779914369,-333.72597242508937,-333.72597242508937,-5800.469522766324,-5800.469522766324,-5800.469522766324,-6478.464914935794,-6478.464914935794,-6478.464914935794,677.9953921694697,677.9953921694697,677.9953921694697,0.0,0.0,0.0,-6134.195495191414
125,2009-05-17,-286.07339568623837,-16385.447514857427,14194.659571635319,-286.07339568623837,-286.07339568623837,-155.54974203329462,-155.54974203329462,-155.54974203329462,-674.6115186132441,-674.6115186132441,-674.6115186132441,519.0617765799494,519.0617765799494,519.0617765799494,0.0,0.0,0.0,-441.623137719533
126,2009-05-18,-238.42081894738817,-14146.412055927878,18439.410383574574,-238.42081894738817,-238.42081894738817,2586.5236172741306,2586.5236172741306,2586.5236172741306,2220.8449841626853,2220.8449841626853,2220.8449841626853,365.67863311144544,365.67863311144544,365.67863311144544,0.0,0.0,0.0,2348.1027983267422
127,2009-05-19,-190.76824220853717,-14194.323592081808,16202.6953302594,-190.76824220853717,-190.76824220853717,1534.634597475598,1534.634597475598,1534.634597475598,1317.728232518143,1317.728232518143,1317.728232518143,216.90636495745517,216.90636495745517,216.90636495745517,0.0,0.0,0.0,1343.8663552670607
128,2009-05-20,-143.11566546968695,-14474.114799307343,15999.751268760394,-143.11566546968695,-143.11566546968695,1261.916996236782,1261.916996236782,1261.916996236782,1190.3939740586293,1190.3939740586293,1190.3939740586293,71.52302217815273,71.52302217815273,71.52302217815273,0.0,0.0,0.0,1118.8013307670951
129,2009-05-21,-95.46308718535639,-11664.24340620457,18553.681855166407,-95.46308718535639,-95.46308718535639,3292.827392127311,3292.827392127311,3292.827392127311,3364.724929356531,3364.724929356531,3364.724929356531,-71.89753722921927,-71.89753722921927,-71.89753722921927,0.0,0.0,0.0,3197.3643049419547
130,2009-05-22,-47.81050890102502,-17884.44819614838,14316.025985912096,-47.81050890102502,-47.81050890102502,-1155.5132336184233,-1155.5132336184233,-1155.5132336184233,-940.6156865393021,-940.6156865393021,-940.6156865393021,-214.89754707912132,-214.89754707912132,-214.89754707912132,0.0,0.0,0.0,-1203.3237425194484
131,2009-05-23,-0.15793061669444802,-22362.329656871574,8799.98491958251,-0.15793061669444802,-0.15793061669444802,-6837.505415842608,-6837.505415842608,-6837.505415842608,-6478.464914933886,-6478.464914933886,-6478.464914933886,-359.04050090872244,-359.04050090872244,-359.04050090872244,0.0,0.0,0.0,-6837.663346459302
132,2009-05-24,47.49464766763612,-16172.575302264799,15197.939427233965,47.49464766763612,47.49464766763612,-1180.4245912160827,-1180.4245912160827,-1180.4245912160827,-674.6115186219497,-674.6115186219497,-674.6115186219497,-505.81307259413273,-505.81307259413273,-505.81307259413273,0.0,0.0,0.0,-1132.9299435484465
133,2009-05-25,95.14722595196669,-13092.378036462449,18751.08770332074,95.14722595196669,95.14722595196669,1564.3175463423677,1564.3175463423677,1564.3175463423677,2220.844984163391,2220.844984163391,2220.844984163391,-656.5274378210237,-656.5274378210237,-656.5274378210237,0.0,0.0,0.0,1659.4647722943344
134,2009-05-26,142.79980423629806,-14450.76447022826,16643.53160990464,142.79980423629806,142.79980423629806,505.50054432024587,505.50054432024587,505.50054432024587,1317.7282325193923,1317.7282325193923,1317.7282325193923,-812.2276881991468,-812.2276881991468,-812.2276881991468,0.0,0.0,0.0,648.3003485565439
135,2009-05-27,190.45238252062944,-15789.265504757686,16519.85823253686,190.45238252062944,190.45238252062944,216.79002327977426,216.79002327977426,216.79002327977426,1190.393974061946,1190.393974061946,1190.393974061946,-973.6039507821714,-973.6039507821714,-973.6039507821714,0.0,0.0,0.0,407.24240580040373
136,2009-05-28,238.1049608049592,-12158.419838682055,17449.462013870623,238.1049608049592,238.1049608049592,2223.8073039955666,2223.8073039955666,2223.8073039955666,3364.7249293516593,3364.7249293516593,3364.7249293516593,-1140.9176253560925,-1140.9176253560925,-1140.9176253560925,0.0,0.0,0.0,2461.912264800526
137,2009-05-29,285.75753908929056,-17432.92969006608,13150.8818276965,285.75753908929056,285.75753908929056,-2254.5565216247437,-2254.5565216247437,-2254.5565216247437,-940.6156865331008,-940.6156865331008,-940.6156865331008,-1313.9408350916435,-1313.9408350916435,-1313.9408350916435,0.0,0.0,0.0,-1968.7989825354532
138,2009-05-30,333.4101173736211,-23341.82454112901,7171.0653167497685,333.4101173736211,333.4101173736211,-7970.377676826711,-7970.377676826711,-7970.377676826711,-6478.464914936933,-6478.464914936933,-6478.464914936933,-1491.9127618897774,-1491.9127618897774,-1491.9127618897774,0.0,0.0,0.0,-7636.96755945309
139,2009-05-31,381.06269565795253,-17125.408667080592,14310.711167262489,381.06269565795253,381.06269565795253,-2348.126536928839,-2348.126536928839,-2348.126536928839,-674.6115186169031,-674.6115186169031,-674.6115186169031,-1673.5150183119351,-1673.5150183119351,-1673.5150183119351,0.0,0.0,0.0,-1967.0638412708863
140,2009-06-01,428.7152739422831,-15171.343551190788,15979.271634148847,428.7152739422831,428.7152739422831,363.9773754226544,363.9773754226544,363.9773754226544,2220.8449841640977,2220.8449841640977,2220.8449841640977,-1856.867608741443,-1856.867608741443,-1856.867608741443,0.0,0.0,0.0,792.6926493649376
141,2009-06-02,476.36785222661365,-15827.679475692035,14964.22737336752,476.36785222661365,476.36785222661365,-721.8181391103999,-721.8181391103999,-721.8181391103999,1317.728232516913,1317.728232516913,1317.728232516913,-2039.546371627313,-2039.546371627313,-2039.546371627313,0.0,0.0,0.0,-245.45028688378625
142,2009-06-03,524.0204305109451,-16165.020039821493,13890.84714248901,524.0204305109451,524.0204305109451,-1028.2281183892142,-1028.2281183892142,-1028.2281183892142,1190.393974060484,1190.393974060484,1190.393974060484,-2218.6220924496984,-2218.6220924496984,-2218.6220924496984,0.0,0.0,0.0,-504.2076878782691
143,2009-06-04,571.6730087952756,-13626.456042474732,17197.15995728406,571.6730087952756,571.6730087952756,974.0041739954521,974.0041739954521,974.0041739954521,3364.724929356549,3364.724929356549,3364.724929356549,-2390.720755361097,-2390.720755361097,-2390.720755361097,0.0,0.0,0.0,1545.6771827907278
144,2009-06-05,619.325587079607,-17877.44755209658,12274.663765304045,619.325587079607,619.325587079607,-3492.7193693989643,-3492.7193693989643,-3492.7193693989643,-940.6156865374916,-940.6156865374916,-940.6156865374916,-2552.1036828614724,-2552.1036828614724,-2552.1036828614724,0.0,0.0,0.0,-2873.3937823193573
145,2009-06-06,666.9781653639376,-23141.23425399333,6103.888244281557,666.9781653639376,666.9781653639376,-9177.23053523039,-9177.23053523039,-9177.23053523039,-6478.464914935024,-6478.464914935024,-6478.464914935024,-2698.7656202953654,-2698.7656202953654,-2698.7656202953654,0.0,0.0,0.0,-8510.252369866452
146,2009-06-07,714.6307436482681,-17892.347660581447,12082.011918401851,714.6307436482681,714.6307436482681,-3501.1596963089837,-3501.1596963089837,-3501.1596963089837,-674.6115186118565,-674.6115186118565,-674.6115186118565,-2826.548177697128,-2826.548177697128,-2826.548177697128,0.0,0.0,0.0,-2786.5289526607157
147,2009-06-08,762.2833219325995,-15468.07103112847,14764.80772648291,762.2833219325995,762.2833219325995,-710.4204825310336,-710.4204825310336,-710.4204825310336,2220.844984164804,2220.844984164804,2220.844984164804,-2931.2654666958374,-2931.2654666958374,-2931.2654666958374,0.0,0.0,0.0,51.86283940156591
148,2009-06-09,809.93590021693,-17136.399208692656,14401.501753371644,809.93590021693,809.93590021693,-1691.1100514432494,-1691.1100514432494,-1691.1100514432494,1317.7282325226524,1317.7282325226524,1317.7282325226524,-3008.838283965902,-3008.838283965902,-3008.838283965902,0.0,0.0,0.0,-881.1741512263194
149,2009-06-10,857.5884785012614,-17095.329009712248,15981.272305534183,857.5884785012614,857.5884785012614,-1865.0388378443542,-1865.0388378443542,-1865.0388378443542,1190.393974062441,1190.393974062441,1190.393974062441,-3055.4328119067955,-3055.4328119067955,-3055.4328119067955,0.0,0.0,0.0,-1007.4503593430928
150,2009-06-11,905.2410567855912,-13816.353235074272,16648.655248691928,905.2410567855912,905.2410567855912,297.1253839523049,297.1253839523049,297.1253839523049,3364.7249293499185,3364.7249293499185,3364.7249293499185,-3067.5995453976134,-3067.5995453976134,-3067.5995453976134,0.0,0.0,0.0,1202.366440737896
151,2009-06-12,952.8936658406269,-17303.550771229668,13770.79126921799,952.8936658406269,952.8936658406269,-3983.0237074205493,-3983.0237074205493,-3983.0237074205493,-940.6156865418819,-940.6156865418819,-940.6156865418819,-3042.4080208786663,-3042.4080208786663,-3042.4080208786663,0.0,0.0,0.0,-3030.1300415799224
152,2009-06-13,1000.5462748956619,-23653.906821702607,7176.920974287293,1000.5462748956619,1000.5462748956619,-9456.037841872369,-9456.037841872369,-9456.037841872369,-6478.464914935475,-6478.464914935475,-6478.464914935475,-2977.5729269368935,-2977.5729269368935,-2977.5729269368935,0.0,0.0,0.0,-8455.491566976707
153,2009-06-14,1048.1988839506962,-18375.13298012742,13064.420871701366,1048.1988839506962,1048.1988839506962,-3546.1788349206518,-3546.1788349206518,-3546.1788349206518,-674.6115186343153,-674.6115186343153,-674.6115186343153,-2871.567316286336,-2871.567316286336,-2871.567316286336,0.0,0.0,0.0,-2497.9799509699556
154,2009-06-15,1095.851493005732,-14166.651528405386,16462.6120215716,1095.851493005732,1095.851493005732,-502.8739314530914,-502.8739314530914,-502.8739314530914,2220.844984162841,2220.844984162841,2220.844984162841,-2723.718915615932,-2723.718915615932,-2723.718915615932,0.0,0.0,0.0,592.9775615526405
155,2009-06-16,1143.5041020607662,-15359.033594936003,14400.793272176927,1143.5041020607662,1143.5041020607662,-1216.557703498059,-1216.557703498059,-1216.557703498059,1317.728232520173,1317.728232520173,1317.728232520173,-2534.2859360182324,-2534.2859360182324,-2534.2859360182324,0.0,0.0,0.0,-73.05360143729285
156,2009-06-17,1191.156711115802,-16019.243573159394,15827.431574763663,1191.156711115802,1191.156711115802,-1114.1153384835584,-1114.1153384835584,-1114.1153384835584,1190.3939740609796,1190.3939740609796,1190.3939740609796,-2304.5093125445383,-2304.5093125445383,-2304.5093125445383,0.0,0.0,0.0,77.04137263224357
157,2009-06-18,1238.8093201708361,-13151.1319787962,19611.126511440583,1238.8093201708361,1238.8093201708361,1328.0859965954749,1328.0859965954749,1328.0859965954749,3364.724929353049,3364.724929353049,3364.724929353049,-2036.6389327575746,-2036.6389327575746,-2036.6389327575746,0.0,0.0,0.0,2566.895316766311
158,2009-06-19,1286.461929225872,-17350.9058776953,14582.232738301853,1286.461929225872,1286.461929225872,-2674.547820265973,-2674.547820265973,-2674.547820265973,-940.6156865462729,-940.6156865462729,-940.6156865462729,-1733.9321337196998,-1733.9321337196998,-1733.9321337196998,0.0,0.0,0.0,-1388.085891040101
159,2009-06-20,1334.114538280906,-21589.448890178835,8903.851144773933,1334.114538280906,1334.114538280906,-7879.088449216117,-7879.088449216117,-7879.088449216117,-6478.4649149338065,-6478.4649149338065,-6478.4649149338065,-1400.62353428231,-1400.62353428231,-1400.62353428231,0.0,0.0,0.0,-6544.97391093521
160,2009-06-21,1381.7671473359417,-15173.782790401603,15958.013671032255,1381.7671473359417,1381.7671473359417,-1716.4776208407807,-1716.4776208407807,-1716.4776208407807,-674.6115186292691,-674.6115186292691,-674.6115186292691,-1041.8661022115118,-1041.8661022115118,-1041.8661022115118,0.0,0.0,0.0,-334.710473504839
161,2009-06-22,1429.4197563909759,-12643.083202774771,17992.957377915693,1429.4197563909759,1429.4197563909759,1557.2007748661474,1557.2007748661474,1557.2007748661474,2220.8449841654888,2220.8449841654888,2220.8449841654888,-663.6442092993411,-663.6442092993411,-663.6442092993411,0.0,0.0,0.0,2986.6205312571233
162,2009-06-23,1477.0723654460116,-12820.138214179415,17893.92496959626,1477.0723654460116,1477.0723654460116,1045.0679556804891,1045.0679556804891,1045.0679556804891,1317.7282325176943,1317.7282325176943,1317.7282325176943,-272.6602768372051,-272.6602768372051,-272.6602768372051,0.0,0.0,0.0,2522.1403211265006
163,2009-06-24,1524.7249745010458,-11653.666372069745,17812.656336081614,1524.7249745010458,1524.7249745010458,1314.1965409531101,1314.1965409531101,1314.1965409531101,1190.3939740629364,1190.3939740629364,1190.3939740629364,123.80256689017364,123.80256689017364,123.80256689017364,0.0,0.0,0.0,2838.921515454156
164,2009-06-25,1572.37758355608,-9365.822196474519,21120.64127836265,1572.37758355608,1572.37758355608,3882.763560368986,3882.763560368986,3882.763560368986,3364.7249293579393,3364.7249293579393,3364.7249293579393,518.0386310110466,518.0386310110466,518.0386310110466,0.0,0.0,0.0,5455.141143925066
165,2009-06-26,1620.0301926111158,-12576.449967253979,16058.808635792075,1620.0301926111158,1620.0301926111158,-38.520950007788656,-38.520950007788656,-38.520950007788656,-940.6156865400715,-940.6156865400715,-940.6156865400715,902.0947365322832,902.0947365322832,902.0947365322832,0.0,0.0,0.0,1581.509242603327
166,2009-06-27,1667.68280166615,-19299.124211455983,10890.704324654236,1667.68280166615,1667.68280166615,-5210.507151374074,-5210.507151374074,-5210.507151374074,-6478.464914934255,-6478.464914934255,-6478.464914934255,1267.9577635601815,1267.9577635601815,1267.9577635601815,0.0,0.0,0.0,-3542.824349707924
167,2009-06-28,1715.3354107211858,-13404.40399537418,18829.319017489568,1715.3354107211858,1715.3354107211858,933.1382292302396,933.1382292302396,933.1382292302396,-674.6115186244523,-674.6115186244523,-674.6115186244523,1607.7497478546918,1607.7497478546918,1607.7497478546918,0.0,0.0,0.0,2648.4736399514254
168,2009-06-29,1762.98801977622,-9365.86128140351,20288.210504190363,1762.98801977622,1762.98801977622,4134.770256364035,4134.770256364035,4134.770256364035,2220.8449841642528,2220.8449841642528,2220.8449841642528,1913.9252721997823,1913.9252721997823,1913.9252721997823,0.0,0.0,0.0,5897.7582761402555
169,2009-06-30,1810.6406288312558,-9602.139849634104,21495.46950858501,1810.6406288312558,1810.6406288312558,3497.193946548715,3497.193946548715,3497.193946548715,1317.7282325152148,1317.7282325152148,1317.7282325152148,2179.4657140335003,2179.4657140335003,2179.4657140335003,0.0,0.0,0.0,5307.83457537997
170,2009-07-01,1858.2932378862915,-10364.864369557385,20504.273144589974,1858.2932378862915,1858.2932378862915,3588.4588555548653,3588.4588555548653,3588.4588555548653,1190.3939740553374,1190.3939740553374,1190.3939740553374,2398.0648814995266,2398.0648814995266,2398.0648814995266,0.0,0.0,0.0,5446.752093441157
171,2009-07-02,1905.9458469413235,-7028.607032172839,22941.232507446177,1905.9458469413235,1905.9458469413235,5929.025628193276,5929.025628193276,5929.025628193276,3364.7249293561895,3364.7249293561895,3364.7249293561895,2564.3006988370867,2564.3006988370867,2564.3006988370867,0.0,0.0,0.0,7834.9714751346
172,2009-07-03,1953.5984799301614,-10967.5536504647,19485.23383972155,1953.5984799301614,1953.5984799301614,1733.172201077498,1733.172201077498,1733.172201077498,-940.6156865404457,-940.6156865404457,-940.6156865404457,2673.787887617944,2673.787887617944,2673.787887617944,0.0,0.0,0.0,3686.7706810076593
173,2009-07-04,2001.2511129189993,-16214.555203682454,13687.905025466382,2001.2511129189993,2001.2511129189993,-3755.1578882457793,-3755.1578882457793,-3755.1578882457793,-6478.464914934706,-6478.464914934706,-6478.464914934706,2723.3070266889267,2723.3070266889267,2723.3070266889267,0.0,0.0,0.0,-1753.90677532678
174,2009-07-05,2048.903745907837,-11562.514524811373,20188.55173307619,2048.903745907837,2048.903745907837,2036.2944318848947,2036.2944318848947,2036.2944318848947,-674.6115186191751,-674.6115186191751,-674.6115186191751,2710.90595050407,2710.90595050407,2710.90595050407,0.0,0.0,0.0,4085.198177792732
175,2009-07-06,2096.556378896674,-7992.380381627028,22714.518614499662,2096.556378896674,2096.556378896674,4856.815132169343,4856.815132169343,4856.815132169343,2220.84498416229,2220.84498416229,2220.84498416229,2635.970148007054,2635.970148007054,2635.970148007054,0.0,0.0,0.0,6953.371511066017
176,2009-07-07,2144.2090118855117,-9942.190800466307,21286.449877975927,2144.2090118855117,2144.2090118855117,3816.987866463414,3816.987866463414,3816.987866463414,1317.728232520954,1317.728232520954,1317.728232520954,2499.259633942461,2499.259633942461,2499.259633942461,0.0,0.0,0.0,5961.196878348926
177,2009-07-08,2191.8616448743496,-10036.504218296865,20849.677801092268,2191.8616448743496,2191.8616448743496,3493.304633535306,3493.304633535306,3493.304633535306,1190.3939740586536,1190.3939740586536,1190.3939740586536,2302.9106594766527,2302.9106594766527,2302.9106594766527,0.0,0.0,0.0,5685.166278409655
178,2009-07-09,2239.5142778631857,-7426.799163138094,22610.49229273751,2239.5142778631857,2239.5142778631857,5415.126513981911,5415.126513981911,5415.126513981911,3364.7249293593204,3364.7249293593204,3364.7249293593204,2050.401584622591,2050.401584622591,2050.401584622591,0.0,0.0,0.0,7654.640791845097
179,2009-07-10,2287.1669108520223,-12506.913718257216,17641.65666835949,2287.1669108520223,2287.1669108520223,805.8675380234798,805.8675380234798,805.8675380234798,-940.615686548853,-940.615686548853,-940.615686548853,1746.483224572333,1746.483224572333,1746.483224572333,0.0,0.0,0.0,3093.034448875502
180,2009-07-11,2334.819543840862,-18411.42175463724,12863.119330922302,2334.819543840862,2334.819543840862,-5081.389937424702,-5081.389937424702,-5081.389937424702,-6478.464914937991,-6478.464914937991,-6478.464914937991,1397.0749775132892,1397.0749775132892,1397.0749775132892,0.0,0.0,0.0,-2746.57039358384
181,2009-07-12,2382.472176829698,-12943.507503910741,18469.34353573283,2382.472176829698,2382.472176829698,334.51749580373416,334.51749580373416,334.51749580373416,-674.6115186281118,-674.6115186281118,-674.6115186281118,1009.1290144318456,1009.1290144318456,1009.1290144318456,0.0,0.0,0.0,2716.9896726334323
182,2009-07-13,2430.1248098185347,-9515.925401448692,20770.56969649785,2430.1248098185347,2430.1248098185347,2811.3107177124516,2811.3107177124516,2811.3107177124516,2220.8449841629963,2220.8449841629963,2220.8449841629963,590.4657335494553,590.4657335494553,590.4657335494553,0.0,0.0,0.0,5241.435527530986
183,2009-07-14,2477.7774428073744,-10771.041696482735,19426.054241219415,2477.7774428073744,2477.7774428073744,1467.3127588425393,1467.3127588425393,1467.3127588425393,1317.728232514746,1317.728232514746,1317.728232514746,149.58452632779353,149.58452632779353,149.58452632779353,0.0,0.0,0.0,3945.090201649914
184,2009-07-15,2525.4300757962105,-12149.575935910754,18273.562577584245,2525.4300757962105,2525.4300757962105,885.8486174783429,885.8486174783429,885.8486174783429,1190.3939740619708,1190.3939740619708,1190.3939740619708,-304.5453565836277,-304.5453565836277,-304.5453565836277,0.0,0.0,0.0,3411.2786932745535
185,2009-07-16,2573.0827087850485,-9527.747821678837,20230.811616389346,2573.0827087850485,2573.0827087850485,2602.016494320685,2602.016494320685,2602.016494320685,3364.7249293526893,3364.7249293526893,3364.7249293526893,-762.7084350320046,-762.7084350320046,-762.7084350320046,0.0,0.0,0.0,5175.099203105734
186,2009-07-17,2620.735341773885,-14148.984974801822,14660.728624574413,2620.735341773885,2620.735341773885,-2156.2909350420123,-2156.2909350420123,-2156.2909350420123,-940.6156865426519,-940.6156865426519,-940.6156865426519,-1215.6752484993606,-1215.6752484993606,-1215.6752484993606,0.0,0.0,0.0,464.44440673187273
187,2009-07-18,2668.387974762723,-21809.451644863628,8927.847487423578,2668.387974762723,2668.387974762723,-8132.9019512027535,-8132.9019512027535,-8132.9019512027535,-6478.464914936083,-6478.464914936083,-6478.464914936083,-1654.437036266672,-1654.437036266672,-1654.437036266672,0.0,0.0,0.0,-5464.51397644003
188,2009-07-19,2716.040607751561,-16060.118790357681,15983.243442658546,2716.040607751561,2716.040607751561,-2745.048036629913,-2745.048036629913,-2745.048036629913,-674.6115186230649,-674.6115186230649,-674.6115186230649,-2070.436518006849,-2070.436518006849,-2070.436518006849,0.0,0.0,0.0,-29.00742887835213
189,2009-07-20,2763.6932407403974,-12297.324134981884,18603.009373614346,2763.6932407403974,2763.6932407403974,-234.94349389041113,-234.94349389041113,-234.94349389041113,2220.844984161761,2220.844984161761,2220.844984161761,-2455.788478052172,-2455.788478052172,-2455.788478052172,0.0,0.0,0.0,2528.7497468499864
190,2009-07-21,2811.3458737292353,-15323.053071520586,17442.232705931856,2811.3458737292353,2811.3458737292353,-1485.7558349065055,-1485.7558349065055,-1485.7558349065055,1317.7282325159956,1317.7282325159956,1317.7282325159956,-2803.484067422501,-2803.484067422501,-2803.484067422501,0.0,0.0,0.0,1325.5900388227299
191,2009-07-22,2858.9985067180733,-14358.644450078353,15490.266724785588,2858.9985067180733,2858.9985067180733,-1917.1791471760037,-1917.1791471760037,-1917.1791471760037,1190.3939740591493,1190.3939740591493,1190.3939740591493,-3107.573121235153,-3107.573121235153,-3107.573121235153,0.0,0.0,0.0,941.8193595420696
192,2009-07-23,2906.651139706912,-12886.484061835154,17319.461480001304,2906.651139706912,2906.651139706912,1.4055929161484157,1.4055929161484157,1.4055929161484157,3364.7249293575796,3364.7249293575796,3364.7249293575796,-3363.3193364414315,-3363.3193364414315,-3363.3193364414315,0.0,0.0,0.0,2908.0567326230607
193,2009-07-24,2954.3038132332604,-18142.47300854148,13558.171309400906,2954.3038132332604,2954.3038132332604,-4507.939538433972,-4507.939538433972,-4507.939538433972,-940.6156865470429,-940.6156865470429,-940.6156865470429,-3567.3238518869302,-3567.3238518869302,-3567.3238518869302,0.0,0.0,0.0,-1553.635725200712
194,2009-07-25,3001.956486759611,-22809.361137204236,8190.370138290877,3001.956486759611,3001.956486759611,-10196.078516287045,-10196.078516287045,-10196.078516287045,-6478.464914936533,-6478.464914936533,-6478.464914936533,-3717.6136013505106,-3717.6136013505106,-3717.6136013505106,0.0,0.0,0.0,-7194.122029527434
195,2009-07-26,3049.609160285959,-15790.536223521862,13606.409786309418,3049.609160285959,3049.609160285959,-4488.3032668249325,-4488.3032668249325,-4488.3032668249325,-674.6115186180181,-674.6115186180181,-674.6115186180181,-3813.6917482069152,-3813.6917482069152,-3813.6917482069152,0.0,0.0,0.0,-1438.6941065389733
196,2009-07-27,3097.261833812306,-14672.187976373256,16196.66035894472,3097.261833812306,3097.261833812306,-1635.7035480705097,-1635.7035480705097,-1635.7035480705097,2220.8449841644087,2220.8449841644087,2220.8449841644087,-3856.5485322349186,-3856.5485322349186,-3856.5485322349186,0.0,0.0,0.0,1461.5582857417965
197,2009-07-28,3144.9145073386567,-15673.207302479826,16043.176072619464,3144.9145073386567,3144.9145073386567,-2530.903704281826,-2530.903704281826,-2530.903704281826,1317.7282325187662,1317.7282325187662,1317.7282325187662,-3848.631936800593,-3848.631936800593,-3848.631936800593,0.0,0.0,0.0,614.0108030568308
198,2009-07-29,3192.567180865005,-15194.32727990664,16478.269394245654,3192.567180865005,3192.567180865005,-2603.384714163352,-2603.384714163352,-2603.384714163352,1190.3939740576882,1190.3939740576882,1190.3939740576882,-3793.7786882210394,-3793.7786882210394,-3793.7786882210394,0.0,0.0,0.0,589.1824667016531
199,2009-07-30,3240.2198543913537,-12692.491591508277,17027.2145053916,3240.2198543913537,3240.2198543913537,-332.3822684031162,-332.3822684031162,-332.3822684031162,3364.7249293558298,3364.7249293558298,3364.7249293558298,-3697.1071977589454,-3697.1071977589454,-3697.1071977589454,0.0,0.0,0.0,2907.8375859882376
200,2009-07-31,3287.8725279177024,-15151.157419840358,13752.421658905898,3287.8725279177024,3287.8725279177024,-4505.490805958305,-4505.490805958305,-4505.490805958305,-940.6156865554498,-940.6156865554498,-940.6156865554498,-3564.875119402855,-3564.875119402855,-3564.875119402855,0.0,0.0,0.0,-1217.6182780406025
201,2009-08-01,3335.5252014440525,-22028.051772114362,8592.96894405111,3335.5252014440525,3335.5252014440525,-9882.770108112734,-9882.770108112734,-9882.770108112734,-6478.464914934625,-6478.464914934625,-6478.464914934625,-3404.3051931781065,-3404.3051931781065,-3404.3051931781065,0.0,0.0,0.0,-6547.244906668682
202,2009-08-02,3383.1778749704013,-15657.101125457555,15939.181649834118,3383.1778749704013,3383.1778749704013,-3897.9954643253,-3897.9954643253,-3897.9954643253,-674.611518626724,-674.611518626724,-674.611518626724,-3223.3839456985756,-3223.3839456985756,-3223.3839456985756,0.0,0.0,0.0,-514.8175893548987
203,2009-08-03,3430.8305484967495,-12398.749987255973,17799.833512064262,3430.8305484967495,3430.8305484967495,-809.7936168010436,-809.7936168010436,-809.7936168010436,2220.844984162446,2220.844984162446,2220.844984162446,-3030.6386009634894,-3030.6386009634894,-3030.6386009634894,0.0,0.0,0.0,2621.036931695706
204,2009-08-04,3478.4832220231,-12386.720393182739,17074.02395077134,3478.4832220231,3478.4832220231,-1517.169959641933,-1517.169959641933,-1517.169959641933,1317.728232520017,1317.728232520017,1317.728232520017,-2834.8981921619497,-2834.8981921619497,-2834.8981921619497,0.0,0.0,0.0,1961.313262381167
205,2009-08-05,3526.135895549447,-12507.54088836841,17483.215577984152,3526.135895549447,3526.135895549447,-1454.6513666286385,-1454.6513666286385,-1454.6513666286385,1190.3939740610044,1190.3939740610044,1190.3939740610044,-2645.0453406896427,-2645.0453406896427,-2645.0453406896427,0.0,0.0,0.0,2071.4845289208088
206,2009-08-06,3573.7885690757957,-9929.776146933436,19796.942673868307,3573.7885690757957,3573.7885690757957,894.9594622154447,894.9594622154447,894.9594622154447,3364.72492935408,3364.72492935408,3364.72492935408,-2469.7654671386354,-2469.7654671386354,-2469.7654671386354,0.0,0.0,0.0,4468.74803129124
207,2009-08-07,3621.441242602144,-15504.183400538092,14919.552932261191,3621.441242602144,3621.441242602144,-3257.9159977992545,-3257.9159977992545,-3257.9159977992545,-940.6156865225903,-940.6156865225903,-940.6156865225903,-2317.300311276665,-2317.300311276665,-2317.300311276665,0.0,0.0,0.0,363.5252448028896
208,2009-08-08,3669.093916128494,-21345.947303853474,9949.574915439469,3669.093916128494,3669.093916128494,-8673.677474574426,-8673.677474574426,-8673.677474574426,-6478.464914937672,-6478.464914937672,-6478.464914937672,-2195.212559636754,-2195.212559636754,-2195.212559636754,0.0,0.0,0.0,-5004.583558445932
209,2009-08-09,3716.746589654843,-13631.663250366903,16400.73138779884,3716.746589654843,3716.746589654843,-2784.7796299707816,-2784.7796299707816,-2784.7796299707816,-674.6115186219076,-674.6115186219076,-674.6115186219076,-2110.1681113488735,-2110.1681113488735,-2110.1681113488735,0.0,0.0,0.0,931.9669596840613
210,2009-08-10,3764.3992631811916,-10503.912142013369,18917.138881984614,3764.3992631811916,3764.3992631811916,153.1029225026935,153.1029225026935,153.1029225026935,2220.8449841631523,2220.8449841631523,2220.8449841631523,-2067.7420616604586,-2067.7420616604586,-2067.7420616604586,0.0,0.0,0.0,3917.5021856838853
211,2009-08-11,3812.0519367075417,-12352.508417185663,18761.381439121677,3812.0519367075417,3812.0519367075417,-754.5256273489879,-754.5256273489879,-754.5256273489879,1317.7282325212661,1317.7282325212661,1317.7282325212661,-2072.253859870254,-2072.253859870254,-2072.253859870254,0.0,0.0,0.0,3057.5263093585536
212,2009-08-12,3859.7046102338904,-11345.835904918542,18426.346581457386,3859.7046102338904,3859.7046102338904,-936.2423465632,-936.2423465632,-936.2423465632,1190.393974059543,1190.393974059543,1190.393974059543,-2126.636320622743,-2126.636320622743,-2126.636320622743,0.0,0.0,0.0,2923.4622636706904
213,2009-08-13,3907.3572837602374,-10371.81332816465,20679.1575144768,3907.3572837602374,3907.3572837602374,1132.3826736615024,1132.3826736615024,1132.3826736615024,3364.7249293540895,3364.7249293540895,3364.7249293540895,-2232.342255692587,-2232.342255692587,-2232.342255692587,0.0,0.0,0.0,5039.73995742174
214,2009-08-14,3955.0099572865865,-14630.325486180407,15191.550082415864,3955.0099572865865,3955.0099572865865,-3329.907158907276,-3329.907158907276,-3329.907158907276,-940.6156865309973,-940.6156865309973,-940.6156865309973,-2389.2914723762774,-2389.2914723762774,-2389.2914723762774,0.0,0.0,0.0,625.1027983793106
215,2009-08-15,4002.6664916203376,-20449.40674072789,10078.798179579147,4002.6664916203376,4002.6664916203376,-9074.3246974447,-9074.3246974447,-9074.3246974447,-6478.464914935765,-6478.464914935765,-6478.464914935765,-2595.8597825089337,-2595.8597825089337,-2595.8597825089337,0.0,0.0,0.0,-5071.658205824362
216,2009-08-16,4050.3230259540887,-14085.823612173957,14849.167128917748,4050.3230259540887,4050.3230259540887,-3523.522031983241,-3523.522031983241,-3523.522031983241,-674.6115186168614,-674.6115186168614,-674.6115186168614,-2848.91051336638,-2848.91051336638,-2848.91051336638,0.0,0.0,0.0,526.8009939708477
217,2009-08-17,4097.97956028784,-11444.31845402885,18150.83045000923,4097.97956028784,4097.97956028784,-923.0228562367327,-923.0228562367327,-923.0228562367327,2220.844984163858,2220.844984163858,2220.844984163858,-3143.867840400591,-3143.867840400591,-3143.867840400591,0.0,0.0,0.0,3174.9567040511074
218,2009-08-18,4145.636094621593,-12737.964049211156,17914.96815744787,4145.636094621593,4145.636094621593,-2157.1018720495526,-2157.1018720495526,-2157.1018720495526,1317.7282325195476,1317.7282325195476,1317.7282325195476,-3474.8301045690996,-3474.8301045690996,-3474.8301045690996,0.0,0.0,0.0,1988.53422257204
219,2009-08-19,4193.292628955343,-14311.415676096718,16492.509185354833,4193.292628955343,4193.292628955343,-2644.326192340902,-2644.326192340902,-2644.326192340902,1190.3939740615,1190.3939740615,1190.3939740615,-3834.7201664024024,-3834.7201664024024,-3834.7201664024024,0.0,0.0,0.0,1548.9664366144416
220,2009-08-20,4240.949163289095,-10585.95053824215,19359.015991029206,4240.949163289095,4240.949163289095,-850.7438867933627,-850.7438867933627,-850.7438867933627,3364.72492935722,3364.72492935722,3364.72492935722,-4215.468816150583,-4215.468816150583,-4215.468816150583,0.0,0.0,0.0,3390.2052764957325
221,2009-08-21,4288.605697622847,-16844.694938783203,13066.683576070967,4288.605697622847,4288.605697622847,-5548.842020151018,-5548.842020151018,-5548.842020151018,-940.6156865353882,-940.6156865353882,-940.6156865353882,-4608.226333615631,-4608.226333615631,-4608.226333615631,0.0,0.0,0.0,-1260.2363225281706
222,2009-08-22,4336.262231956598,-22277.286905876987,8915.718140620043,4336.262231956598,4336.262231956598,-11482.061413709565,-11482.061413709565,-11482.061413709565,-6478.4649149338575,-6478.4649149338575,-6478.4649149338575,-5003.596498775708,-5003.596498775708,-5003.596498775708,0.0,0.0,0.0,-7145.799181752967
223,2009-08-23,4383.91876629035,-17045.156836549864,14479.141978799487,4383.91876629035,4383.91876629035,-6066.498236346128,-6066.498236346128,-6066.498236346128,-674.611518612045,-674.611518612045,-674.611518612045,-5391.886717734084,-5391.886717734084,-5391.886717734084,0.0,0.0,0.0,-1682.579470055778
224,2009-08-24,4431.5753006241,-15075.034332690959,16183.773901545552,4431.5753006241,4431.5753006241,-3542.5224819951973,-3542.5224819951973,-3542.5224819951973,2220.844984163109,2220.844984163109,2220.844984163109,-5763.367466158307,-5763.367466158307,-5763.367466158307,0.0,0.0,0.0,889.052818628903
225,2009-08-25,4479.2318349578545,-14967.855495801865,15971.219045685248,4479.2318349578545,4479.2318349578545,-4790.805745100395,-4790.805745100395,-4790.805745100395,1317.7282325207973,1317.7282325207973,1317.7282325207973,-6108.533977621192,-6108.533977621192,-6108.533977621192,0.0,0.0,0.0,-311.5739101425406
226,2009-08-26,4526.888369291606,-16412.411787848097,14227.076942509397,4526.888369291606,4526.888369291606,-5227.969051294285,-5227.969051294285,-5227.969051294285,1190.393974060038,1190.393974060038,1190.393974060038,-6418.363025354323,-6418.363025354323,-6418.363025354323,0.0,0.0,0.0,-701.0806820026792
227,2009-08-27,4574.544903625357,-14377.511604812422,16644.331501277247,4574.544903625357,4574.544903625357,-3319.8328362474695,-3319.8328362474695,-3319.8328362474695,3364.72492935547,3364.72492935547,3364.72492935547,-6684.557765602939,-6684.557765602939,-6684.557765602939,0.0,0.0,0.0,1254.7120673778873
228,2009-08-28,4622.201437959109,-18027.20424145809,12121.689530383128,4622.201437959109,4622.201437959109,-7840.3896125964275,-7840.3896125964275,-7840.3896125964275,-940.6156865437955,-940.6156865437955,-940.6156865437955,-6899.773926052633,-6899.773926052633,-6899.773926052633,0.0,0.0,0.0,-3218.1881746373183
229,2009-08-29,4669.857972292861,-24888.915864406605,7871.8389322301355,4669.857972292861,4669.857972292861,-13536.286040416562,-13536.286040416562,-13536.286040416562,-6478.464914936904,-6478.464914936904,-6478.464914936904,-7057.8211254796615,-7057.8211254796615,-7057.8211254796615,0.0,0.0,0.0,-8866.428068123701
230,2009-08-30,4717.514506626611,-18090.586484478827,12425.217744053614,4717.514506626611,4717.514506626611,-7828.445305554737,-7828.445305554737,-7828.445305554737,-674.6115186205203,-674.6115186205203,-674.6115186205203,-7153.833786934218,-7153.833786934218,-7153.833786934218,0.0,0.0,0.0,-3110.930798928126
231,2009-08-31,4765.171040960363,-15482.261197267802,16185.465417065887,4765.171040960363,4765.171040960363,-4963.561953900814,-4963.561953900814,-4963.561953900814,2220.8449841638153,2220.8449841638153,2220.8449841638153,-7184.40693806463,-7184.40693806463,-7184.40693806463,0.0,0.0,0.0,-198.39091294045102
232,2009-09-01,4812.827575294115,-15841.72859083331,14092.026475693341,4812.827575294115,4812.827575294115,-5829.964922854448,-5829.964922854448,-5829.964922854448,1317.7282325183178,1317.7282325183178,1317.7282325183178,-7147.693155372766,-7147.693155372766,-7147.693155372766,0.0,0.0,0.0,-1017.1373475603323
233,2009-09-02,4860.484109627866,-15787.413574363487,14549.408009054634,4860.484109627866,4860.484109627866,-5853.0640036366485,-5853.0640036366485,-5853.0640036366485,1190.393974058577,1190.393974058577,1190.393974058577,-7043.457977695224,-7043.457977695224,-7043.457977695224,0.0,0.0,0.0,-992.5798940087825
234,2009-09-03,4908.140643961618,-15071.002690029527,16871.988971426832,4908.140643961618,4908.140643961618,-3508.3673287938723,-3508.3673287938723,-3508.3673287938723,3364.724929358601,3364.724929358601,3364.724929358601,-6873.092258152474,-6873.092258152474,-6873.092258152474,0.0,0.0,0.0,1399.7733151677453
235,2009-09-04,4955.797178295371,-17119.882022678445,12677.703225169598,4955.797178295371,4955.797178295371,-7580.196797803399,-7580.196797803399,-7580.196797803399,-940.6156865335778,-940.6156865335778,-940.6156865335778,-6639.581111269822,-6639.581111269822,-6639.581111269822,0.0,0.0,0.0,-2624.399619508028
236,2009-09-05,5004.241271099059,-22450.000377260752,7815.978946452029,5004.241271099059,5004.241271099059,-12825.89522468757,-12825.89522468757,-12825.89522468757,-6478.464914934995,-6478.464914934995,-6478.464914934995,-6347.4303097525735,-6347.4303097525735,-6347.4303097525735,0.0,0.0,0.0,-7821.653953588511
237,2009-09-06,5052.685363902748,-16920.150629928896,13897.73291451448,5052.685363902748,5052.685363902748,-6677.163678570181,-6677.163678570181,-6677.163678570181,-674.6115186157041,-674.6115186157041,-674.6115186157041,-6002.5521599544745,-6002.5521599544745,-6002.5521599544745,0.0,0.0,0.0,-1624.4783146674336
238,2009-09-07,5101.129456706437,-14169.171074487258,16247.802757641706,5101.129456706437,5101.129456706437,-3391.2690192445693,-3391.2690192445693,-3391.2690192445693,2220.8449841645215,2220.8449841645215,2220.8449841645215,-5612.11400340909,-5612.11400340909,-5612.11400340909,0.0,0.0,0.0,1709.8604374618676
239,2009-09-08,5149.573549510127,-13853.35684283853,16875.981913610925,5149.573549510127,5149.573549510127,-3866.6252900771615,-3866.6252900771615,-3866.6252900771615,1317.728232519568,1317.728232519568,1317.728232519568,-5184.35352259673,-5184.35352259673,-5184.35352259673,0.0,0.0,0.0,1282.9482594329656
240,2009-09-09,5198.0176423138155,-13285.320998586943,16161.927371266667,5198.0176423138155,5198.0176423138155,-3537.9719693642824,-3537.9719693642824,-3537.9719693642824,1190.393974060534,1190.393974060534,1190.393974060534,-4728.365943424816,-4728.365943424816,-4728.365943424816,0.0,0.0,0.0,1660.0456729495331
241,2009-09-10,5246.461735117504,-10664.705401572633,19497.139970319433,5246.461735117504,5246.461735117504,-889.1440695902706,-889.1440695902706,-889.1440695902706,3364.724929350608,3364.724929350608,3364.724929350608,-4253.868998940879,-4253.868998940879,-4253.868998940879,0.0,0.0,0.0,4357.317665527233
242,2009-09-11,5294.905827921194,-14386.868586320194,16297.085469698684,5294.905827921194,5294.905827921194,-4711.567813571346,-4711.567813571346,-4711.567813571346,-940.6156865379685,-940.6156865379685,-940.6156865379685,-3770.952127033378,-3770.952127033378,-3770.952127033378,0.0,0.0,0.0,583.338014349848
243,2009-09-12,5343.349920724882,-19548.996380974233,11136.412230780828,5343.349920724882,5343.349920724882,-9768.281717029093,-9768.281717029093,-9768.281717029093,-6478.464914935445,-6478.464914935445,-6478.464914935445,-3289.816802093649,-3289.816802093649,-3289.816802093649,0.0,0.0,0.0,-4424.93179630421
244,2009-09-13,5391.794013528571,-13577.421235235077,17306.281529374977,5391.794013528571,5391.794013528571,-3495.1266534785077,-3495.1266534785077,-3495.1266534785077,-674.6115186108881,-674.6115186108881,-674.6115186108881,-2820.51513486762,-2820.51513486762,-2820.51513486762,0.0,0.0,0.0,1896.667360050063
245,2009-09-14,5440.23810633226,-10577.823761472455,20007.30527492614,5440.23810633226,5440.23810633226,-151.84892534527276,-151.84892534527276,-151.84892534527276,2220.844984162559,2220.844984162559,2220.844984162559,-2372.693909507831,-2372.693909507831,-2372.693909507831,0.0,0.0,0.0,5288.389180986987
246,2009-09-15,5488.68219913595,-9981.90070617308,20952.54537789554,5488.68219913595,5488.68219913595,-637.622828680743,-637.622828680743,-637.622828680743,1317.728232521578,1317.728232521578,1317.728232521578,-1955.351061202321,-1955.351061202321,-1955.351061202321,0.0,0.0,0.0,4851.0593704552075
247,2009-09-16,5537.126291939639,-9549.021157924464,19966.634425522567,5537.126291939639,5537.126291939639,-386.2172623612366,-386.2172623612366,-386.2172623612366,1190.3939740590727,1190.3939740590727,1190.3939740590727,-1576.611236420309,-1576.611236420309,-1576.611236420309,0.0,0.0,0.0,5150.909029578402
248,2009-09-17,5585.570384743327,-8591.748267406607,24151.93231199303,5585.570384743327,5585.570384743327,2121.198398258137,2121.198398258137,2121.198398258137,3364.724929353739,3364.724929353739,3364.724929353739,-1243.526531095602,-1243.526531095602,-1243.526531095602,0.0,0.0,0.0,7706.768783001464
249,2009-09-18,5634.014477547019,-11831.111997446404,19012.062041203488,5634.014477547019,5634.014477547019,-1902.5234719623459,-1902.5234719623459,-1902.5234719623459,-940.6156865423588,-940.6156865423588,-940.6156865423588,-961.9077854199865,-961.9077854199865,-961.9077854199865,0.0,0.0,0.0,3731.491005584673
250,2009-09-19,5682.458570350707,-14947.74469210439,14099.503298032243,5682.458570350707,5682.458570350707,-7214.655862636164,-7214.655862636164,-7214.655862636164,-6478.464914933537,-6478.464914933537,-6478.464914933537,-736.1909477026268,-736.1909477026268,-736.1909477026268,0.0,0.0,0.0,-1532.1972922854566
251,2009-09-20,5730.902663154395,-10771.413199067054,20111.727649352182,5730.902663154395,5730.902663154395,-1243.953547000469,-1243.953547000469,-1243.953547000469,-674.6115186331164,-674.6115186331164,-674.6115186331164,-569.3420283673528,-569.3420283673528,-569.3420283673528,0.0,0.0,0.0,4486.949116153926
252,2009-09-21,5779.346755958083,-7999.999781129488,23063.71077440475,5779.346755958083,5779.346755958083,1758.041907378494,1758.041907378494,1758.041907378494,2220.8449841652064,2220.8449841652064,2220.8449841652064,-462.8030767867123,-462.8030767867123,-462.8030767867123,0.0,0.0,0.0,7537.388663336577
253,2009-09-22,5827.790848761775,-8617.92295324099,22231.94643719181,5827.790848761775,5827.790848761775,901.2477735376757,901.2477735376757,901.2477735376757,1317.7282325190988,1317.7282325190988,1317.7282325190988,-416.4804589814234,-416.4804589814234,-416.4804589814234,0.0,0.0,0.0,6729.038622299451
254,2009-09-23,5876.2349415654635,-8741.919773500811,22274.028870325365,5876.2349415654635,5876.2349415654635,761.6184482125711,761.6184482125711,761.6184482125711,1190.3939740623887,1190.3939740623887,1190.3939740623887,-428.77552584981777,-428.77552584981777,-428.77552584981777,0.0,0.0,0.0,6637.853389778034
255,2009-09-24,5924.679034369152,-6839.230188739456,24040.678496696262,5924.679034369152,5924.679034369152,2868.068356166239,2868.068356166239,2868.068356166239,3364.7249293519885,3364.7249293519885,3364.7249293519885,-496.65657318574966,-496.65657318574966,-496.65657318574966,0.0,0.0,0.0,8792.74739053539
256,2009-09-25,5973.123127172839,-10599.801051699242,18540.051630002854,5973.123127172839,5973.123127172839,-1556.385526257017,-1556.385526257017,-1556.385526257017,-940.6156865361579,-940.6156865361579,-940.6156865361579,-615.7698397208591,-615.7698397208591,-615.7698397208591,0.0,0.0,0.0,4416.737600915822
257,2009-09-26,6025.285015963398,-16736.926044055333,13667.680589683716,6025.285015963398,6025.285015963398,-7259.051115345552,-7259.051115345552,-7259.051115345552,-6478.464914934227,-6478.464914934227,-6478.464914934227,-780.5862004113247,-780.5862004113247,-780.5862004113247,0.0,0.0,0.0,-1233.7660993821537
258,2009-09-27,6077.446904753956,-11152.869935389628,20701.47268768009,6077.446904753956,6077.446904753956,-1659.1907384323617,-1659.1907384323617,-1659.1907384323617,-674.6115186282998,-674.6115186282998,-674.6115186282998,-984.5792198040614,-984.5792198040614,-984.5792198040614,0.0,0.0,0.0,4418.256166321595
259,2009-09-28,6129.608793544514,-8066.559898814299,21430.78988097699,6129.608793544514,6129.608793544514,1000.4156216802628,1000.4156216802628,1000.4156216802628,2220.8449841639704,2220.8449841639704,2220.8449841639704,-1220.429362483708,-1220.429362483708,-1220.429362483708,0.0,0.0,0.0,7130.024415224777
260,2009-09-29,6181.770682335075,-9099.270185863852,21943.619104187954,6181.770682335075,6181.770682335075,-162.52020605147445,-162.52020605147445,-162.52020605147445,1317.7282325166195,1317.7282325166195,1317.7282325166195,-1480.2484385680943,-1480.2484385680943,-1480.2484385680943,0.0,0.0,0.0,6019.250476283601
261,2009-09-30,6233.932571125633,-7664.241635760946,20989.483058990638,6233.932571125633,6233.932571125633,-565.4238381604351,-565.4238381604351,-565.4238381604351,1190.3939740609276,1190.3939740609276,1190.3939740609276,-1755.8178122213626,-1755.8178122213626,-1755.8178122213626,0.0,0.0,0.0,5668.508732965198
262,2009-10-01,6286.094459916191,-8047.858609655567,21229.414206954752,6286.094459916191,6286.094459916191,1325.8913941198261,1325.8913941198261,1325.8913941198261,3364.724929356879,3364.724929356879,3364.724929356879,-2038.8335352370532,-2038.8335352370532,-2038.8335352370532,0.0,0.0,0.0,7611.985854036017
263,2009-10-02,6338.256348706751,-12037.13981518205,18411.3715958029,6338.256348706751,6338.256348706751,-3261.7670827192346,-3261.7670827192346,-3261.7670827192346,-940.6156865365319,-940.6156865365319,-940.6156865365319,-2321.151396182703,-2321.151396182703,-2321.151396182703,0.0,0.0,0.0,3076.4892659875163
264,2009-10-03,6390.418237497309,-17729.318571406566,12054.460242619154,6390.418237497309,6390.418237497309,-9073.489817599539,-9073.489817599539,-9073.489817599539,-6478.464914934676,-6478.464914934676,-6478.464914934676,-2595.024902664864,-2595.024902664864,-2595.024902664864,0.0,0.0,0.0,-2683.0715801022297
265,2009-10-04,6442.580126287867,-12033.982323790324,18346.627129314533,6442.580126287867,6442.580126287867,-3527.9409576456046,-3527.9409576456046,-3527.9409576456046,-674.6115186230226,-674.6115186230226,-674.6115186230226,-2853.3294390225824,-2853.3294390225824,-2853.3294390225824,0.0,0.0,0.0,2914.639168642262
266,2009-10-05,6494.7420150784255,-9569.569317639969,20204.82447280799,6494.7420150784255,6494.7420150784255,-868.921273119938,-868.921273119938,-868.921273119938,2220.8449841646775,2220.8449841646775,2220.8449841646775,-3089.766257284615,-3089.766257284615,-3089.766257284615,0.0,0.0,0.0,5625.820741958488
267,2009-10-06,6546.903903868985,-10201.57429623209,18655.47703839727,6546.903903868985,6546.903903868985,-1981.3123209611404,-1981.3123209611404,-1981.3123209611404,1317.7282325223591,1317.7282325223591,1317.7282325223591,-3299.040553483499,-3299.040553483499,-3299.040553483499,0.0,0.0,0.0,4565.591582907845
268,2009-10-07,6599.065792659543,-11677.70845773037,20014.853444647295,6599.065792659543,6599.065792659543,-2286.614663129811,-2286.614663129811,-2286.614663129811,1190.3939740567466,1190.3939740567466,1190.3939740567466,-3477.0086371865577,-3477.0086371865577,-3477.0086371865577,0.0,0.0,0.0,4312.4511295297325
269,2009-10-08,6651.227681450101,-8947.694384921017,21734.43610613506,6651.227681450101,6651.227681450101,-256.06516819614563,-256.06516819614563,-256.06516819614563,3364.7249293600103,3364.7249293600103,3364.7249293600103,-3620.7900975561556,-3620.7900975561556,-3620.7900975561556,0.0,0.0,0.0,6395.162513253956
270,2009-10-09,6703.389570240661,-12201.421490855764,17474.540873624257,6703.389570240661,6703.389570240661,-4669.457565329423,-4669.457565329423,-4669.457565329423,-940.6156865449394,-940.6156865449394,-940.6156865449394,-3728.841878784485,-3728.841878784485,-3728.841878784485,0.0,0.0,0.0,2033.9320049112375
271,2009-10-10,6755.551459031219,-19126.76445447287,11990.250802984798,6755.551459031219,6755.551459031219,-10279.457187371838,-10279.457187371838,-10279.457187371838,-6478.464914935126,-6478.464914935126,-6478.464914935126,-3800.992272436711,-3800.992272436711,-3800.992272436711,0.0,0.0,0.0,-3523.905728340619
272,2009-10-11,6807.713347821777,-12763.856548984697,17127.965577357747,6807.713347821777,6807.713347821777,-4513.0455014502295,-4513.0455014502295,-4513.0455014502295,-674.6115186319593,-674.6115186319593,-674.6115186319593,-3838.43398281827,-3838.43398281827,-3838.43398281827,0.0,0.0,0.0,2294.667846371547
273,2009-10-12,6859.875236612335,-11423.15729445785,19900.067337479515,6859.875236612335,6859.875236612335,-1622.831607104798,-1622.831607104798,-1622.831607104798,2220.8449841627144,2220.8449841627144,2220.8449841627144,-3843.6765912675123,-3843.6765912675123,-3843.6765912675123,0.0,0.0,0.0,5237.043629507538
274,2009-10-13,6912.037125402895,-11191.69129665104,18393.94967759809,6912.037125402895,6912.037125402895,-2502.731670477191,-2502.731670477191,-2502.731670477191,1317.7282325161507,1317.7282325161507,1317.7282325161507,-3820.459902993342,-3820.459902993342,-3820.459902993342,0.0,0.0,0.0,4409.305454925704
275,2009-10-14,6964.199014193453,-11358.89842744501,19818.09458426327,6964.199014193453,6964.199014193453,-2583.2367988186656,-2583.2367988186656,-2583.2367988186656,1190.3939740600633,1190.3939740600633,1190.3939740600633,-3773.630772878729,-3773.630772878729,-3773.630772878729,0.0,0.0,0.0,4380.962215374788
276,2009-10-15,7016.360902984011,-8877.429507597471,21778.79930666182,7016.360902984011,7016.360902984011,-344.26211369473606,-344.26211369473606,-344.26211369473606,3364.724929353379,3364.724929353379,3364.724929353379,-3708.987043048115,-3708.987043048115,-3708.987043048115,0.0,0.0,0.0,6672.0987892892745
277,2009-10-16,7068.522791774572,-12796.732631076648,17747.67068150134,7068.522791774572,7068.522791774572,-4573.708842253394,-4573.708842253394,-4573.708842253394,-940.6156865493296,-940.6156865493296,-940.6156865493296,-3633.0931557040635,-3633.0931557040635,-3633.0931557040635,0.0,0.0,0.0,2494.813949521178
278,2009-10-17,7120.684680565132,-17755.519548848475,11564.840831386617,7120.684680565132,7120.684680565132,-10031.537718507276,-10031.537718507276,-10031.537718507276,-6478.464914933457,-6478.464914933457,-6478.464914933457,-3553.072803573816,-3553.072803573816,-3553.072803573816,0.0,0.0,0.0,-2910.8530379421436
279,2009-10-18,7176.18374731386,-12059.187910422821,17804.79205618857,7176.18374731386,7176.18374731386,-4150.99614350422,-4150.99614350422,-4150.99614350422,-674.6115186269125,-674.6115186269125,-674.6115186269125,-3476.3846248773066,-3476.3846248773066,-3476.3846248773066,0.0,0.0,0.0,3025.1876038096407
280,2009-10-19,7231.682814062591,-9355.34405744292,21521.38667252902,7231.682814062591,7231.682814062591,-1189.7424379442007,-1189.7424379442007,-1189.7424379442007,2220.8449841614797,2220.8449841614797,2220.8449841614797,-3410.5874221056797,-3410.5874221056797,-3410.5874221056797,0.0,0.0,0.0,6041.94037611839
281,2009-10-20,7287.181880811322,-10935.236315651224,21685.1749013997,7287.181880811322,7287.181880811322,-2045.3734385695018,-2045.3734385695018,-2045.3734385695018,1317.7282325174008,1317.7282325174008,1317.7282325174008,-3363.101671086902,-3363.101671086902,-3363.101671086902,0.0,0.0,0.0,5241.808442241821
282,2009-10-21,7342.68094756005,-10736.314858635687,20675.18505702283,7342.68094756005,7342.68094756005,-2150.580207021899,-2150.580207021899,-2150.580207021899,1190.3939740633796,1190.3939740633796,1190.3939740633796,-3340.974181085279,-3340.974181085279,-3340.974181085279,0.0,0.0,0.0,5192.1007405381515
283,2009-10-22,7398.1800143087785,-7982.754979242295,23166.349250137653,7398.1800143087785,7398.1800143087785,14.072263510456805,14.072263510456805,14.072263510456805,3364.724929358269,3364.724929358269,3364.724929358269,-3350.652665847813,-3350.652665847813,-3350.652665847813,0.0,0.0,0.0,7412.252277819235
284,2009-10-23,7453.679081057509,-12323.399605860179,18667.290724058294,7453.679081057509,7453.679081057509,-4338.392379522605,-4338.392379522605,-4338.392379522605,-940.615686543129,-940.615686543129,-940.615686543129,-3397.7766929794757,-3397.7766929794757,-3397.7766929794757,0.0,0.0,0.0,3115.2867015349048
285,2009-10-24,7509.178147806241,-17684.886114489767,12536.65955477803,7509.178147806241,7509.178147806241,-9965.455918466309,-9965.455918466309,-9965.455918466309,-6478.464914936504,-6478.464914936504,-6478.464914936504,-3486.991003529803,-3486.991003529803,-3486.991003529803,0.0,0.0,0.0,-2456.2777706600673
286,2009-10-25,7564.677214554969,-12169.62483773958,19317.917845140888,7564.677214554969,7564.677214554969,-4296.398067895258,-4296.398067895258,-4296.398067895258,-674.6115186218657,-674.6115186218657,-674.6115186218657,-3621.7865492733918,-3621.7865492733918,-3621.7865492733918,0.0,0.0,0.0,3268.279146659712
287,2009-10-26,7620.176281303697,-8376.648849064113,21301.38280182202,7620.176281303697,7620.176281303697,-1583.528816425847,-1583.528816425847,-1583.528816425847,2220.844984164127,2220.844984164127,2220.844984164127,-3804.3738005899736,-3804.3738005899736,-3804.3738005899736,0.0,0.0,0.0,6036.647464877849
288,2009-10-27,7675.6753480524285,-10848.850717127752,20865.67116467572,7675.6753480524285,7675.6753480524285,-2717.8637235796145,-2717.8637235796145,-2717.8637235796145,1317.728232514921,1317.728232514921,1317.728232514921,-4035.591956094536,-4035.591956094536,-4035.591956094536,0.0,0.0,0.0,4957.8116244728135
289,2009-10-28,7731.174414801159,-11762.283556350527,19346.992283737294,7731.174414801159,7731.174414801159,-3124.4626887103373,-3124.4626887103373,-3124.4626887103373,1190.3939740557805,1190.3939740557805,1190.3939740557805,-4314.8566627661185,-4314.8566627661185,-4314.8566627661185,0.0,0.0,0.0,4606.711726090822
290,2009-10-29,7786.673481549888,-8386.774964869264,21611.945238966047,7786.673481549888,7786.673481549888,-1275.4228322515046,-1275.4228322515046,-1275.4228322515046,3364.7249293565196,3364.7249293565196,3364.7249293565196,-4640.147761608024,-4640.147761608024,-4640.147761608024,0.0,0.0,0.0,6511.250649298383
291,2009-10-30,7842.1725482986185,-13687.527010032969,17695.420699949063,7842.1725482986185,7842.1725482986185,-5948.653126656484,-5948.653126656484,-5948.653126656484,-940.6156865515364,-940.6156865515364,-940.6156865515364,-5008.037440104948,-5008.037440104948,-5008.037440104948,0.0,0.0,0.0,1893.5194216421341
292,2009-10-31,7897.671615047347,-19855.878497088255,11457.890340136697,7897.671615047347,7897.671615047347,-11892.222946187023,-11892.222946187023,-11892.222946187023,-6478.464914934597,-6478.464914934597,-6478.464914934597,-5413.758031252427,-5413.758031252427,-5413.758031252427,0.0,0.0,0.0,-3994.551331139676
293,2009-11-01,7953.1706817960785,-13855.37433406299,16632.59795929143,7953.1706817960785,7953.1706817960785,-6525.919100746115,-6525.919100746115,-6525.919100746115,-674.6115186168191,-674.6115186168191,-674.6115186168191,-5851.307582129296,-5851.307582129296,-5851.307582129296,0.0,0.0,0.0,1427.2515810499635
294,2009-11-02,8008.669748544809,-11212.842540502896,18470.720102128143,8008.669748544809,8008.669748544809,-4092.7452703057415,-4092.7452703057415,-4092.7452703057415,2220.8449841621637,2220.8449841621637,2220.8449841621637,-6313.590254467905,-6313.590254467905,-6313.590254467905,0.0,0.0,0.0,3915.924478239068
295,2009-11-03,8064.168815293538,-12144.818062647697,17713.452006498297,8064.168815293538,8064.168815293538,-5474.859412951016,-5474.859412951016,-5474.859412951016,1317.728232521421,1317.728232521421,1317.728232521421,-6792.587645472437,-6792.587645472437,-6792.587645472437,0.0,0.0,0.0,2589.309402342522
296,2009-11-04,8119.667882042266,-13361.545544970917,15740.482116956875,8119.667882042266,8119.667882042266,-6089.1622823604,-6089.1622823604,-6089.1622823604,1190.393974059097,1190.393974059097,1190.393974059097,-7279.556256419499,-7279.556256419499,-7279.556256419499,0.0,0.0,0.0,2030.5055996818655
297,2009-11-05,8175.166948790997,-11793.754245850012,20584.22541356748,8175.166948790997,8175.166948790997,-4400.52068416733,-4400.52068416733,-4400.52068416733,3364.7249293547693,3364.7249293547693,3364.7249293547693,-7765.245613522098,-7765.245613522098,-7765.245613522098,0.0,0.0,0.0,3774.646264623667
298,2009-11-06,8230.666015539728,-15879.003960139911,14023.137543871517,8230.666015539728,8230.666015539728,-9180.746666686717,-9180.746666686717,-9180.746666686717,-940.6156865519099,-940.6156865519099,-940.6156865519099,-8240.130980134807,-8240.130980134807,-8240.130980134807,0.0,0.0,0.0,-950.0806511469891
299,2009-11-07,8286.165082288459,-22965.859515656368,8018.568178174302,8286.165082288459,8286.165082288459,-15173.119121951393,-15173.119121951393,-15173.119121951393,-6478.464914937643,-6478.464914937643,-6478.464914937643,-8694.65420701375,-8694.65420701375,-8694.65420701375,0.0,0.0,0.0,-6886.9540396629345
300,2009-11-08,8342.48004535146,-16849.538306846553,14022.38574466515,8342.48004535146,8342.48004535146,-9794.077577191567,-9794.077577191567,-9794.077577191567,-674.6115186257559,-674.6115186257559,-674.6115186257559,-9119.46605856581,-9119.46605856581,-9119.46605856581,0.0,0.0,0.0,-1451.597531840107
301,2009-11-09,8398.795008414463,-14272.104653052662,16562.30220813298,8398.795008414463,8398.795008414463,-7284.818348827424,-7284.818348827424,-7284.818348827424,2220.844984162871,2220.844984162871,2220.844984162871,-9505.663332990292,-9505.663332990292,-9505.663332990292,0.0,0.0,0.0,1113.9766595870387
302,2009-11-10,8455.109971477466,-15089.891056580842,15715.375151298042,8455.109971477466,8455.109971477466,-8527.286030233967,-8527.286030233967,-8527.286030233967,1317.7282325189417,1317.7282325189417,1317.7282325189417,-9845.014262752908,-9845.014262752908,-9845.014262752908,0.0,0.0,0.0,-72.17605875650042
303,2009-11-11,8511.42493454047,-16360.886532450002,14718.31668127458,8511.42493454047,8511.42493454047,-8939.772059249131,-8939.772059249131,-8939.772059249131,1190.3939740576352,1190.3939740576352,1190.3939740576352,-10130.166033306765,-10130.166033306765,-10130.166033306765,0.0,0.0,0.0,-428.3471247086618
304,2009-11-12,8567.739897603473,-14149.806886507018,15631.22036860631,8567.739897603473,8567.739897603473,-6990.103852347599,-6990.103852347599,-6990.103852347599,3364.7249293530194,3364.7249293530194,3364.7249293530194,-10354.828781700618,-10354.828781700618,-10354.828781700618,0.0,0.0,0.0,1577.6360452558738
305,2009-11-13,8624.054860666474,-17904.2647719673,11955.474158396546,8624.054860666474,8624.054860666474,-11454.54680356987,-11454.54680356987,-11454.54680356987,-940.6156865457091,-940.6156865457091,-940.6156865457091,-10513.931117024162,-10513.931117024162,-10513.931117024162,0.0,0.0,0.0,-2830.491942903396
306,2009-11-14,8680.369823729478,-24411.671362297573,8187.146516667021,8680.369823729478,8680.369823729478,-17082.207936406743,-17082.207936406743,-17082.207936406743,-6478.464914935736,-6478.464914935736,-6478.464914935736,-10603.743021471008,-10603.743021471008,-10603.743021471008,0.0,0.0,0.0,-8401.838112677266
307,2009-11-15,8736.68478679248,-18113.656514725586,12435.677036043866,8736.68478679248,8736.68478679248,-11296.574439037016,-11296.574439037016,-11296.574439037016,-674.6115186207089,-674.6115186207089,-674.6115186207089,-10621.962920416307,-10621.962920416307,-10621.962920416307,0.0,0.0,0.0,-2559.8896522445357
308,2009-11-16,8792.999749855484,-13508.196179132263,15850.669154403446,8792.999749855484,8792.999749855484,-8346.921741094939,-8346.921741094939,-8346.921741094939,2220.844984163576,2220.844984163576,2220.844984163576,-10567.766725258512,-10567.766725258512,-10567.766725258512,0.0,0.0,0.0,446.07800876054534
309,2009-11-17,8849.314712918487,-16087.507174990475,15361.934930944752,8849.314712918487,8849.314712918487,-9124.089492206784,-9124.089492206784,-9124.089492206784,1317.7282325164626,1317.7282325164626,1317.7282325164626,-10441.817724723249,-10441.817724723249,-10441.817724723249,0.0,0.0,0.0,-274.7747792882965
310,2009-11-18,8905.629675981489,-14984.520574336566,14122.178292767583,8905.629675981489,8905.629675981489,-9055.843323952748,-9055.843323952748,-9055.843323952748,1190.393974059592,1190.393974059592,1190.393974059592,-10246.237298012338,-10246.237298012338,-10246.237298012338,0.0,0.0,0.0,-150.21364797125898
311,2009-11-19,8961.944639044492,-13145.753152382184,17637.71413184765,8961.944639044492,8961.944639044492,-6619.812586085204,-6619.812586085204,-6619.812586085204,3364.72492935791,3364.72492935791,3364.72492935791,-9984.537515443113,-9984.537515443113,-9984.537515443113,0.0,0.0,0.0,2342.1320529592876
312,2009-11-20,9018.259602107495,-17412.224544119927,12854.787641415478,9018.259602107495,9018.259602107495,-10602.133434404825,-10602.133434404825,-10602.133434404825,-940.6156865314745,-940.6156865314745,-940.6156865314745,-9661.517747873348,-9661.517747873348,-9661.517747873348,0.0,0.0,0.0,-1583.8738322973295
313,2009-11-21,9074.574565170498,-22414.174118193507,7915.626622993106,9074.574565170498,9074.574565170498,-15761.593310575105,-15761.593310575105,-15761.593310575105,-6478.464914936185,-6478.464914936185,-6478.464914936185,-9283.128395638916,-9283.128395638916,-9283.128395638916,0.0,0.0,0.0,-6687.018745404606
314,2009-11-22,9130.8895282335,-16702.65922897635,15379.033545597149,9130.8895282335,9130.8895282335,-9530.917261656967,-9530.917261656967,-9530.917261656967,-674.6115186158925,-674.6115186158925,-674.6115186158925,-8856.305743041072,-8856.305743041072,-8856.305743041072,0.0,0.0,0.0,-400.027733423467
315,2009-11-23,9187.204491296503,-12709.86143102915,17798.50383955333,9187.204491296503,9187.204491296503,-6167.937736620252,-6167.937736620252,-6167.937736620252,2220.8449841642823,2220.8449841642823,2220.8449841642823,-8388.782720784535,-8388.782720784535,-8388.782720784535,0.0,0.0,0.0,3019.2667546762514
316,2009-11-24,9243.519454359506,-12741.376421384684,18936.890408133244,9243.519454359506,9243.519454359506,-6571.15276226352,-6571.15276226352,-6571.15276226352,1317.7282325184724,1317.7282325184724,1317.7282325184724,-7888.880994781993,-7888.880994781993,-7888.880994781993,0.0,0.0,0.0,2672.366692095986
317,2009-11-25,9299.83441742251,-12697.774590332936,18087.04074535812,9299.83441742251,9299.83441742251,-6174.896304108839,-6174.896304108839,-6174.896304108839,1190.3939740581309,1190.3939740581309,1190.3939740581309,-7365.290278166971,-7365.290278166971,-7365.290278166971,0.0,0.0,0.0,3124.9381133136703
318,2009-11-26,9356.149380485513,-10076.14439912709,20127.452354939247,9356.149380485513,9356.149380485513,-3462.116142241257,-3462.116142241257,-3462.116142241257,3364.72492935616,3364.72492935616,3364.72492935616,-6826.841071597417,-6826.841071597417,-6826.841071597417,0.0,0.0,0.0,5894.033238244256
319,2009-11-27,9412.464343548514,-13315.124525363872,17045.057669771322,9412.464343548514,9412.464343548514,-7222.892853751895,-7222.892853751895,-7222.892853751895,-940.6156865398822,-940.6156865398822,-940.6156865398822,-6282.277167212015,-6282.277167212015,-6282.277167212015,0.0,0.0,0.0,2189.571489796619
320,2009-11-28,9468.779306611514,-17851.398286657193,13053.60728544359,9468.779306611514,9468.779306611514,-12218.499116455681,-12218.499116455681,-12218.499116455681,-6478.464914936636,-6478.464914936636,-6478.464914936636,-5740.034201519047,-5740.034201519047,-5740.034201519047,0.0,0.0,0.0,-2749.7198098441677
321,2009-11-29,9526.633435595186,-11505.98723282926,18742.407097904466,9526.633435595186,9526.633435595186,-5882.641833198191,-5882.641833198191,-5882.641833198191,-674.6115186243679,-674.6115186243679,-674.6115186243679,-5208.030314573823,-5208.030314573823,-5208.030314573823,0.0,0.0,0.0,3643.9916023969945
322,2009-11-30,9584.487564578862,-8976.639988632569,21454.918873152175,9584.487564578862,9584.487564578862,-2472.629590651122,-2472.629590651122,-2472.629590651122,2220.8449841623187,2220.8449841623187,2220.8449841623187,-4693.47457481344,-4693.47457481344,-4693.47457481344,0.0,0.0,0.0,7111.857973927739
323,2009-12-01,9642.341693562534,-8422.973059585349,21859.581316185213,9642.341693562534,9642.341693562534,-2884.9700409419333,-2884.9700409419333,-2884.9700409419333,1317.7282325197225,1317.7282325197225,1317.7282325197225,-4202.698273461657,-4202.698273461657,-4202.698273461657,0.0,0.0,0.0,6757.371652620601
324,2009-12-02,9700.19582254621,-7833.184270808197,22117.509322398917,9700.19582254621,9700.19582254621,-2550.619522377613,-2550.619522377613,-2550.619522377613,1190.3939740614474,1190.3939740614474,1190.3939740614474,-3741.0134964390604,-3741.0134964390604,-3741.0134964390604,0.0,0.0,0.0,7149.576300168596
325,2009-12-03,9758.049951529882,-4669.07508962636,24420.86846778019,9758.049951529882,9758.049951529882,52.122363186481394,52.122363186481394,52.122363186481394,3364.7249293592904,3364.7249293592904,3364.7249293592904,-3312.602566172809,-3312.602566172809,-3312.602566172809,0.0,0.0,0.0,9810.172314716363
326,2009-12-04,9815.904080513557,-9512.116478145295,19734.69943039576,9815.904080513557,9815.904080513557,-3861.05672137901,-3861.05672137901,-3861.05672137901,-940.615686529664,-940.615686529664,-940.615686529664,-2920.441034849345,-2920.441034849345,-2920.441034849345,0.0,0.0,0.0,5954.847359134547
327,2009-12-05,9873.75820949723,-14005.180946659879,15983.002653679905,9873.75820949723,9873.75820949723,-9044.720846210883,-9044.720846210883,-9044.720846210883,-6478.464914937324,-6478.464914937324,-6478.464914937324,-2566.2559312735593,-2566.2559312735593,-2566.2559312735593,0.0,0.0,0.0,829.0373632863466
328,2009-12-06,9931.612338480902,-7615.608596509908,22196.432454821555,9931.612338480902,9931.612338480902,-2925.131462878167,-2925.131462878167,-2925.131462878167,-674.6115186195522,-674.6115186195522,-674.6115186195522,-2250.5199442586145,-2250.5199442586145,-2250.5199442586145,0.0,0.0,0.0,7006.480875602734
329,2009-12-07,9989.466467464576,-5295.211748519734,25161.926591252,9989.466467464576,9989.466467464576,248.36378831799126,248.36378831799126,248.36378831799126,2220.8449841642396,2220.8449841642396,2220.8449841642396,-1972.481195846248,-1972.481195846248,-1972.481195846248,0.0,0.0,0.0,10237.830255782566
330,2009-12-08,10047.320596448248,-4873.857554011584,25058.836165843888,10047.320596448248,10047.320596448248,-412.49901491979614,-412.49901491979614,-412.49901491979614,1317.7282325209721,1317.7282325209721,1317.7282325209721,-1730.2272474407687,-1730.2272474407687,-1730.2272474407687,0.0,0.0,0.0,9634.821581528451
331,2009-12-09,10105.17472543192,-5186.287001733692,25658.383599726218,10105.17472543192,10105.17472543192,-330.38704584815196,-330.38704584815196,-330.38704584815196,1190.3939740647638,1190.3939740647638,1190.3939740647638,-1520.7810199129162,-1520.7810199129162,-1520.7810199129162,0.0,0.0,0.0,9774.787679583767
332,2009-12-10,10163.028854415592,-4569.602727207637,28907.68475461109,10163.028854415592,10163.028854415592,2024.49950707462,2024.49950707462,2024.49950707462,3364.7249293544187,3364.7249293544187,3364.7249293544187,-1340.2254222797987,-1340.2254222797987,-1340.2254222797987,0.0,0.0,0.0,12187.528361490211
333,2009-12-11,10220.882983399268,-7273.564452104438,22862.31429708985,10220.882983399268,10220.882983399268,-2124.4683841403944,-2124.4683841403944,-2124.4683841403944,-940.6156865340546,-940.6156865340546,-940.6156865340546,-1183.85269760634,-1183.85269760634,-1183.85269760634,0.0,0.0,0.0,8096.414599258873
334,2009-12-12,10278.73711238294,-12328.331809821695,18054.67276023688,10278.73711238294,10278.73711238294,-7524.798746056754,-7524.798746056754,-7524.798746056754,-6478.464914935417,-6478.464914935417,-6478.464914935417,-1046.3338311213374,-1046.3338311213374,-1046.3338311213374,0.0,0.0,0.0,2753.938366326186
335,2009-12-13,10336.591241366612,-6313.5341863198355,24219.84628406001,10336.591241366612,10336.591241366612,-1596.5143610458963,-1596.5143610458963,-1596.5143610458963,-674.611518614505,-674.611518614505,-674.611518614505,-921.9028424313909,-921.9028424313909,-921.9028424313909,0.0,0.0,0.0,8740.076880320716
336,2009-12-14,10394.445370350284,-3993.714585010444,26588.34924089994,10394.445370350284,10394.445370350284,1416.2945691783318,1416.2945691783318,1416.2945691783318,2220.844984163004,2220.844984163004,2220.844984163004,-804.5504149846721,-804.5504149846721,-804.5504149846721,0.0,0.0,0.0,11810.739939528616
337,2009-12-15,10452.299499333956,-3828.9700071276857,26499.606241363694,10452.299499333956,10452.299499333956,629.5071214174452,629.5071214174452,629.5071214174452,1317.7282325229826,1317.7282325229826,1317.7282325229826,-688.2211111055375,-688.2211111055375,-688.2211111055375,0.0,0.0,0.0,11081.806620751402
338,2009-12-16,10510.153628317636,-3802.811056012048,26237.90959077096,10510.153628317636,10510.153628317636,623.3855896598681,623.3855896598681,623.3855896598681,1190.3939740619433,1190.3939740619433,1190.3939740619433,-567.0083844020747,-567.0083844020747,-567.0083844020747,0.0,0.0,0.0,11133.539217977504
339,2009-12-17,10568.007757301308,-1746.9343714653949,28541.424512126116,10568.007757301308,10568.007757301308,2929.3831964802125,2929.3831964802125,2929.3831964802125,3364.7249293544287,3364.7249293544287,3364.7249293544287,-435.3417328742162,-435.3417328742162,-435.3417328742162,0.0,0.0,0.0,13497.39095378152
340,2009-12-18,10625.86188628498,-5271.817040199687,24163.989505549027,10625.86188628498,10625.86188628498,-1228.776316893342,-1228.776316893342,-1228.776316893342,-940.6156865384453,-940.6156865384453,-940.6156865384453,-288.1606303548966,-288.1606303548966,-288.1606303548966,0.0,0.0,0.0,9397.085569391638
341,2009-12-19,10683.716015268652,-11270.17644150283,18609.20691076856,10683.716015268652,10683.716015268652,-6599.535235941503,-6599.535235941503,-6599.535235941503,-6478.464914933509,-6478.464914933509,-6478.464914933509,-121.07032100799415,-121.07032100799415,-121.07032100799415,0.0,0.0,0.0,4084.180779327149
342,2009-12-20,10741.570144252324,-6135.690338797248,25707.13668487091,10741.570144252324,10741.570144252324,-605.0866658605122,-605.0866658605122,-605.0866658605122,-674.6115186094588,-674.6115186094588,-674.6115186094588,69.52485274894629,69.52485274894629,69.52485274894629,0.0,0.0,0.0,10136.483478391812
343,2009-12-21,10800.390559841439,-1820.893592231581,28894.3291990101,10800.390559841439,10800.390559841439,2507.1591968051753,2507.1591968051753,2507.1591968051753,2220.8449841649244,2220.8449841649244,2220.8449841649244,286.31421264025096,286.31421264025096,286.31421264025096,0.0,0.0,0.0,13307.549756646615
344,2009-12-22,10859.210975430557,-3353.652483197505,27183.81877337526,10859.210975430557,10859.210975430557,1848.7306489510245,1848.7306489510245,1848.7306489510245,1317.7282325205038,1317.7282325205038,1317.7282325205038,531.0024164305212,531.0024164305212,531.0024164305212,0.0,0.0,0.0,12707.941624381581
345,2009-12-23,10918.031391019675,-3439.3104801764234,27722.966657709705,10918.031391019675,10918.031391019675,1994.6559536701077,1994.6559536701077,1994.6559536701077,1190.3939740604812,1190.3939740604812,1190.3939740604812,804.2619796096266,804.2619796096266,804.2619796096266,0.0,0.0,0.0,12912.687344689783
346,2009-12-24,10976.851806608793,-128.94758104169478,29933.212782439405,10976.851806608793,10976.851806608793,4470.442589600175,4470.442589600175,4470.442589600175,3364.7249293526784,3364.7249293526784,3364.7249293526784,1105.7176602474976,1105.7176602474976,1105.7176602474976,0.0,0.0,0.0,15447.294396208967
347,2009-12-25,11035.672222197907,-3212.3919661257437,27474.90733359378,11035.672222197907,11035.672222197907,493.3470864338571,493.3470864338571,493.3470864338571,-940.6156865468528,-940.6156865468528,-940.6156865468528,1433.9627729807098,1433.9627729807098,1433.9627729807098,0.0,0.0,0.0,11529.019308631765
348,2009-12-26,11094.492637787023,-9098.908586221305,21971.46886193796,11094.492637787023,11094.492637787023,-4691.858356864814,-4691.858356864814,-4691.858356864814,-6478.464914934198,-6478.464914934198,-6478.464914934198,1786.6065580693846,1786.6065580693846,1786.6065580693846,0.0,0.0,0.0,6402.63428092221
349,2009-12-27,11153.313053376141,-2153.57815471727,27827.947132911762,11153.313053376141,11153.313053376141,1485.7393077280442,1485.7393077280442,1485.7393077280442,-674.611518618164,-674.611518618164,-674.611518618164,2160.3508263462086,2160.3508263462086,2160.3508263462086,0.0,0.0,0.0,12639.052361104186
350,2009-12-28,11212.133468965256,84.21241457037407,31387.91537508026,11212.133468965256,11212.133468965256,4771.938241036691,4771.938241036691,4771.938241036691,2220.844984163689,2220.844984163689,2220.844984163689,2551.0932568730013,2551.0932568730013,2551.0932568730013,0.0,0.0,0.0,15984.071710001946
351,2009-12-29,11270.95388455437,669.7316971459767,31289.235004189177,11270.95388455437,11270.95388455437,4271.782198010309,4271.782198010309,4271.782198010309,1317.7282325180242,1317.7282325180242,1317.7282325180242,2954.0539654922845,2954.0539654922845,2954.0539654922845,0.0,0.0,0.0,15542.73608256468
352,2009-12-30,11329.774300143492,1873.1954075792778,30952.301683451507,11329.774300143492,11329.774300143492,4554.315284844424,4554.315284844424,4554.315284844424,1190.3939740590201,1190.3939740590201,1190.3939740590201,3363.9213107854043,3363.9213107854043,3363.9213107854043,0.0,0.0,0.0,15884.089584987916
353,2009-12-31,11388.594715732606,3011.799692244729,34310.892322245374,11388.594715732606,11388.594715732606,7139.737306857336,7139.737306857336,7139.737306857336,3364.7249293575687,3364.7249293575687,3364.7249293575687,3775.012377499768,3775.012377499768,3775.012377499768,0.0,0.0,0.0,18528.332022589944
354,2010-01-01,11447.415131321724,-1292.88788373874,29970.137383189078,11447.415131321724,11447.415131321724,3240.8275041086536,3240.8275041086536,3240.8275041086536,-940.6156865326178,-940.6156865326178,-940.6156865326178,4181.443190641272,4181.443190641272,4181.443190641272,0.0,0.0,0.0,14688.242635430379
355,2010-01-02,11506.23554691084,-5504.349793687429,24959.022182940855,11506.23554691084,11506.23554691084,-1901.1614384766967,-1901.1614384766967,-1901.1614384766967,-6478.464914934648,-6478.464914934648,-6478.464914934648,4577.303476457951,4577.303476457951,4577.303476457951,0.0,0.0,0.0,9605.074108434144
356,2010-01-03,11565.055962499959,580.9839571409501,31253.70373242494,11565.055962499959,11565.055962499959,4282.219186525467,4282.219186525467,4282.219186525467,-674.6115186268703,-674.6115186268703,-674.6115186268703,4956.830705152336,4956.830705152336,4956.830705152336,0.0,0.0,0.0,15847.275149025427
357,2010-01-04,11623.876378089073,3052.6320571659435,34568.960301716805,11623.876378089073,11623.876378089073,7535.423209574894,7535.423209574894,7535.423209574894,2220.844984164395,2220.844984164395,2220.844984164395,5314.578225410499,5314.578225410499,5314.578225410499,0.0,0.0,0.0,19159.29958766397
358,2010-01-05,11682.696793678188,2418.6656189626415,33215.9234183459,11682.696793678188,11682.696793678188,6963.300761764651,6963.300761764651,6963.300761764651,1317.7282325192737,1317.7282325192737,1317.7282325192737,5645.572529245377,5645.572529245377,5645.572529245377,0.0,0.0,0.0,18645.99755544284
359,2010-01-06,11741.51720926731,3494.609456390263,34218.65283065396,11741.51720926731,11741.51720926731,7135.849033233167,7135.849033233167,7135.849033233167,1190.3939740561987,1190.3939740561987,1190.3939740561987,5945.4550591769685,5945.4550591769685,5945.4550591769685,0.0,0.0,0.0,18877.366242500477
360,2010-01-07,11800.337624856424,6250.191274187848,36375.29892861663,11800.337624856424,11800.337624856424,9575.329405455588,9575.329405455588,9575.329405455588,3364.724929355819,3364.724929355819,3364.724929355819,6210.604476099767,6210.604476099767,6210.604476099767,0.0,0.0,0.0,21375.66703031201
361,2010-01-08,11859.158040445542,1895.9317108282526,32012.471319713753,11859.158040445542,11859.158040445542,5497.620242751805,5497.620242751805,5497.620242751805,-940.6156865410253,-940.6156865410253,-940.6156865410253,6438.235929292832,6438.235929292832,6438.235929292832,0.0,0.0,0.0,17356.778283197345
362,2010-01-09,11917.978456034656,-2772.8178912404464,28106.913077894573,11917.978456034656,11917.978456034656,148.0096754624444,148.0096754624444,148.0096754624444,-6478.464914935097,-6478.464914935097,-6478.464914935097,6626.474590397542,6626.474590397542,6626.474590397542,0.0,0.0,0.0,12065.9881314971
363,2010-01-10,11976.798871623772,2863.227342989876,33959.33480375852,11976.798871623772,11976.798871623772,6099.789990094443,6099.789990094443,6099.789990094443,-674.6115186218236,-674.6115186218236,-674.6115186218236,6774.401508716267,6774.401508716267,6774.401508716267,0.0,0.0,0.0,18076.588861718214
364,2010-01-11,12040.564834880963,6094.343190912712,36685.19405236539,12040.564834880963,12040.564834880963,9102.915675700538,9102.915675700538,9102.915675700538,2220.8449841624324,2220.8449841624324,2220.8449841624324,6882.070691538108,6882.070691538108,6882.070691538108,0.0,0.0,0.0,21143.480510581503
365,2010-01-12,12104.33079813815,6093.160632827383,35775.113035590104,12104.33079813815,12104.33079813815,8268.225417401482,8268.225417401482,8268.225417401482,1317.7282325175554,1317.7282325175554,1317.7282325175554,6950.497184883925,6950.497184883925,6950.497184883925,0.0,0.0,0.0,20372.556215539633
366,2010-01-13,12168.096761395343,4548.56973056728,36619.68737892016,12168.096761395343,12168.096761395343,8172.010774919299,8172.010774919299,8172.010774919299,1190.3939740595156,1190.3939740595156,1190.3939740595156,6981.616800859782,6981.616800859782,6981.616800859782,0.0,0.0,0.0,20340.107536314645
367,2010-01-14,12231.862724652536,8004.971434093281,37891.793481054294,12231.862724652536,12231.862724652536,10342.94391116771,10342.94391116771,10342.94391116771,3364.7249293540685,3364.7249293540685,3364.7249293540685,6978.2189818136385,6978.2189818136385,6978.2189818136385,0.0,0.0,0.0,22574.806635820245
368,2010-01-15,12295.628687909726,3218.326156675227,33595.83119237882,12295.628687909726,12295.628687909726,6003.23939720083,6003.23939720083,6003.23939720083,-940.615686545416,-940.615686545416,-940.615686545416,6943.855083746247,6943.855083746247,6943.855083746247,0.0,0.0,0.0,18298.868085110556
369,2010-01-16,12359.394651166913,-2352.6296413182263,28416.671704154287,12359.394651166913,12359.394651166913,404.2601637157103,404.2601637157103,404.2601637157103,-6478.46491493319,-6478.46491493319,-6478.46491493319,6882.7250786489,6882.7250786489,6882.7250786489,0.0,0.0,0.0,12763.654814882622
370,2010-01-17,12423.160614424103,2941.642276405467,33492.50249759437,12423.160614424103,12423.160614424103,6124.934778218805,6124.934778218805,6124.934778218805,-674.6115186307604,-674.6115186307604,-674.6115186307604,6799.546296849566,6799.546296849566,6799.546296849566,0.0,0.0,0.0,18548.095392642907
371,2010-01-18,12486.926577681292,5655.922218167746,36417.84567226022,12486.926577681292,12486.926577681292,8920.253322247021,8920.253322247021,8920.253322247021,2220.844984163138,2220.844984163138,2220.844984163138,6699.408338083882,6699.408338083882,6699.408338083882,0.0,0.0,0.0,21407.179899928313
372,2010-01-19,12550.692540938482,4249.626714987728,35745.419619474545,12550.692540938482,12550.692540938482,7905.346892188384,7905.346892188384,7905.346892188384,1317.7282325188053,1317.7282325188053,1317.7282325188053,6587.618659669578,6587.618659669578,6587.618659669578,0.0,0.0,0.0,20456.039433126865
373,2010-01-20,12614.458504195676,4087.1790433144515,35229.18539636485,12614.458504195676,12614.458504195676,7659.937565325019,7659.937565325019,7659.937565325019,1190.3939740614726,1190.3939740614726,1190.3939740614726,6469.543591263547,6469.543591263547,6469.543591263547,0.0,0.0,0.0,20274.396069520695
374,2010-01-21,12678.224467452867,6652.429438073065,37738.360679228346,12678.224467452867,12678.224467452867,9715.174551512275,9715.174551512275,9715.174551512275,3364.724929352319,3364.724929352319,3364.724929352319,6350.449622159956,6350.449622159956,6350.449622159956,0.0,0.0,0.0,22393.39901896514
375,2010-01-22,12741.990430710055,2685.0038369707217,33793.85670372264,12741.990430710055,12741.990430710055,5294.734070427593,5294.734070427593,5294.734070427593,-940.6156865392154,-940.6156865392154,-940.6156865392154,6235.349756966808,6235.349756966808,6235.349756966808,0.0,0.0,0.0,18036.724501137647
376,2010-01-23,12805.756393967245,-2209.2496510196866,28132.497766192853,12805.756393967245,12805.756393967245,-349.6053735540677,-349.6053735540677,-349.6053735540677,-6478.464914936236,-6478.464914936236,-6478.464914936236,6128.859541382169,6128.859541382169,6128.859541382169,0.0,0.0,0.0,12456.151020413177
377,2010-01-24,12869.522357224432,3013.7866663010454,34204.16581087017,12869.522357224432,12869.522357224432,5360.455509848496,5360.455509848496,5360.455509848496,-674.6115186254832,-674.6115186254832,-674.6115186254832,6035.067028473979,6035.067028473979,6035.067028473979,0.0,0.0,0.0,18229.97786707293
378,2010-01-25,12933.288320481624,5846.2947211947785,36271.62962426963,12933.288320481624,12933.288320481624,8178.26548243853,8178.26548243853,8178.26548243853,2220.844984163845,2220.844984163845,2220.844984163845,5957.420498274687,5957.420498274687,5957.420498274687,0.0,0.0,0.0,21111.553802920156
379,2010-01-26,12997.054283738815,5138.312505830333,36088.11815661514,12997.054283738815,12997.054283738815,7216.365406709041,7216.365406709041,7216.365406709041,1317.7282325163253,1317.7282325163253,1317.7282325163253,5898.637174192715,5898.637174192715,5898.637174192715,0.0,0.0,0.0,20213.419690447856
380,2010-01-27,13060.820246996009,5358.436369179457,34501.522907297476,13060.820246996009,13060.820246996009,7051.029490673278,7051.029490673278,7051.029490673278,1190.3939740538729,1190.3939740538729,1190.3939740538729,5860.635516619406,5860.635516619406,5860.635516619406,0.0,0.0,0.0,20111.849737669287
381,2010-01-28,13124.586210253196,6914.518741624352,37285.63876620632,13124.586210253196,13124.586210253196,9209.21786707527,9209.21786707527,9209.21786707527,3364.7249293572095,3364.7249293572095,3364.7249293572095,5844.492937718061,5844.492937718061,5844.492937718061,0.0,0.0,0.0,22333.804077328467
382,2010-01-29,13188.352173510386,2606.4745034430293,33302.44355484474,13188.352173510386,13188.352173510386,4909.814307829539,4909.814307829539,4909.814307829539,-940.6156865436058,-940.6156865436058,-940.6156865436058,5850.429994373145,5850.429994373145,5850.429994373145,0.0,0.0,0.0,18098.166481339926
383,2010-01-30,13252.118136767578,-2589.5567749420725,28553.96213845273,13252.118136767578,13252.118136767578,-600.6436122843332,-600.6436122843332,-600.6436122843332,-6478.464914934568,-6478.464914934568,-6478.464914934568,5877.821302650234,5877.821302650234,5877.821302650234,0.0,0.0,0.0,12651.474524483245
384,2010-01-31,13315.88410002477,2507.258540466134,32591.405667114796,13315.88410002477,13315.88410002477,5250.621082989882,5250.621082989882,5250.621082989882,-674.6115186206665,-674.6115186206665,-674.6115186206665,5925.23260161055,5925.23260161055,5925.23260161055,0.0,0.0,0.0,18566.50518301465
385,2010-02-01,13383.72694833926,5442.065850435694,37745.5578498962,13383.72694833926,13383.72694833926,8211.32758563432,8211.32758563432,8211.32758563432,2220.8449841645506,2220.8449841645506,2220.8449841645506,5990.482601469772,5990.482601469772,5990.482601469772,0.0,0.0,0.0,21595.05453397358
386,2010-02-02,13451.569796653752,6823.957617839584,36518.60197720509,13451.569796653752,13451.569796653752,7388.455737247099,7388.455737247099,7388.455737247099,1317.7282325220654,1317.7282325220654,1317.7282325220654,6070.727504725035,6070.727504725035,6070.727504725035,0.0,0.0,0.0,20840.02553390085
387,2010-02-03,13519.412644968252,6284.290987306427,36784.28014705202,13519.412644968252,13519.412644968252,7352.959385281279,7352.959385281279,7352.959385281279,1190.3939740571896,1190.3939740571896,1190.3939740571896,6162.565411224088,6162.565411224088,6162.565411224088,0.0,0.0,0.0,20872.37203024953
388,2010-02-04,13587.255493282742,7446.884851104825,36988.669965570705,13587.255493282742,13587.255493282742,9626.882158610471,9626.882158610471,9626.882158610471,3364.724929350578,3364.724929350578,3364.724929350578,6262.157229259893,6262.157229259893,6262.157229259893,0.0,0.0,0.0,23214.137651893216
389,2010-02-05,13655.098341597235,2739.1856248569698,33783.22808166442,13655.098341597235,13655.098341597235,5424.744545440586,5424.744545440586,5424.744545440586,-940.6156865479963,-940.6156865479963,-940.6156865479963,6365.360231988582,6365.360231988582,6365.360231988582,0.0,0.0,0.0,19079.84288703782
390,2010-02-06,13722.941189911728,-893.9047857749612,28881.59626427561,13722.941189911728,13722.941189911728,-10.594879226787999,-10.594879226787999,-10.594879226787999,-6478.4649149373745,-6478.4649149373745,-6478.4649149373745,6467.870035710586,6467.870035710586,6467.870035710586,0.0,0.0,0.0,13712.34631068494
391,2010-02-07,13790.78403822622,5632.500479149796,34808.68400214734,13790.78403822622,13790.78403822622,5890.755025552597,5890.755025552597,5890.755025552597,-674.6115186296034,-674.6115186296034,-674.6115186296034,6565.3665441822,6565.3665441822,6565.3665441822,0.0,0.0,0.0,19681.539063778815
392,2010-02-08,13858.626886540713,6774.840896554077,37615.94103919331,13858.626886540713,13858.626886540713,8874.504291664605,8874.504291664605,8874.504291664605,2220.844984162588,2220.844984162588,2220.844984162588,6653.659307502018,6653.659307502018,6653.659307502018,0.0,0.0,0.0,22733.131178205316
393,2010-02-09,13926.469734855207,7344.029140011916,38140.38869363681,13926.469734855207,13926.469734855207,8046.556019848142,8046.556019848142,8046.556019848142,1317.7282325195854,1317.7282325195854,1317.7282325195854,6728.827787328555,6728.827787328555,6728.827787328555,0.0,0.0,0.0,21973.025754703347
394,2010-02-10,13994.312583169703,7984.107454365617,37338.21497842151,13994.312583169703,13994.312583169703,7977.74617440933,7977.74617440933,7977.74617440933,1190.393974055728,1190.393974055728,1190.393974055728,6787.352200353603,6787.352200353603,6787.352200353603,0.0,0.0,0.0,21972.058757579034
395,2010-02-11,14062.155431484196,8775.753812389126,37936.78115929073,14062.155431484196,14062.155431484196,10190.955852170962,10190.955852170962,10190.955852170962,3364.7249293537093,3364.7249293537093,3364.7249293537093,6826.230922817252,6826.230922817252,6826.230922817252,0.0,0.0,0.0,24253.11128365516
396,2010-02-12,14129.998279798689,4974.469733768704,35952.54853296341,14129.998279798689,14129.998279798689,5902.465183936112,5902.465183936112,5902.465183936112,-940.6156865523873,-940.6156865523873,-940.6156865523873,6843.080870488499,6843.080870488499,6843.080870488499,0.0,0.0,0.0,20032.4634637348
397,2010-02-13,14197.841128113178,-396.80015737910236,30709.875671006972,14197.841128113178,14197.841128113178,357.75289228467454,357.75289228467454,357.75289228467454,-6478.464914935706,-6478.464914935706,-6478.464914935706,6836.217807220381,6836.217807220381,6836.217807220381,0.0,0.0,0.0,14555.594020397852
398,2010-02-14,14265.683976427672,5860.94616534598,34407.020591820765,14265.683976427672,14265.683976427672,6130.1026455386955,6130.1026455386955,6130.1026455386955,-674.6115186245565,-674.6115186245565,-674.6115186245565,6804.7141641632525,6804.7141641632525,6804.7141641632525,0.0,0.0,0.0,20395.786621966367
399,2010-02-15,14333.526824742165,7801.106726237322,38580.92211802504,14333.526824742165,14333.526824742165,8969.277635721255,8969.277635721255,8969.277635721255,2220.8449841652355,2220.8449841652355,2220.8449841652355,6748.43265155602,6748.43265155602,6748.43265155602,0.0,0.0,0.0,23302.80446046342
400,2010-02-16,14401.369673056657,7406.708109039544,37376.37821470817,14401.369673056657,14401.369673056657,7985.762926674921,7985.762926674921,7985.762926674921,1317.728232517868,1317.728232517868,1317.728232517868,6668.034694157054,6668.034694157054,6668.034694157054,0.0,0.0,0.0,22387.13259973158
401,2010-02-17,14469.212521371152,7981.714753423117,37961.040452601315,14469.212521371152,14469.212521371152,7755.3574710280145,7755.3574710280145,7755.3574710280145,1190.3939740638225,1190.3939740638225,1190.3939740638225,6564.963496964191,6564.963496964191,6564.963496964191,0.0,0.0,0.0,22224.569992399167
402,2010-02-18,14537.055369685648,9121.802098114424,39939.70700734098,14537.055369685648,14537.055369685648,9806.12725568848,9806.12725568848,9806.12725568848,3364.724929358599,3364.724929358599,3364.724929358599,6441.402326329879,6441.402326329879,6441.402326329879,0.0,0.0,0.0,24343.182625374127
403,2010-02-19,14604.898218000139,4415.274735361902,35456.07593654003,14604.898218000139,14604.898218000139,5359.593662706772,5359.593662706772,5359.593662706772,-940.6156865461861,-940.6156865461861,-940.6156865461861,6300.209349252958,6300.209349252958,6300.209349252958,0.0,0.0,0.0,19964.49188070691
404,2010-02-20,14672.741066314633,-1003.5068674429168,29898.839636473745,14672.741066314633,14672.741066314633,-333.633827182206,-333.633827182206,-333.633827182206,-6478.464914936157,-6478.464914936157,-6478.464914936157,6144.83108775395,6144.83108775395,6144.83108775395,0.0,0.0,0.0,14339.107239132427
405,2010-02-21,14740.583914629124,4515.394421815067,37607.948252125956,14740.583914629124,14740.583914629124,5304.585675635422,5304.585675635422,5304.585675635422,-674.6115186197405,-674.6115186197405,-674.6115186197405,5979.197194255164,5979.197194255164,5979.197194255164,0.0,0.0,0.0,20045.169590264544
406,2010-02-22,14808.426762943613,7410.574195757421,37332.85767103943,14808.426762943613,14808.426762943613,8028.4448026749715,8028.4448026749715,8028.4448026749715,2220.8449841640004,2220.8449841640004,2220.8449841640004,5807.599818510969,5807.599818510969,5807.599818510969,0.0,0.0,0.0,22836.871565618585
407,2010-02-23,14878.607658782497,6558.615213080795,36635.86347640519,14878.607658782497,14878.607658782497,6952.289532473462,6952.289532473462,6952.289532473462,1317.7282325198776,1317.7282325198776,1317.7282325198776,5634.561299953584,5634.561299953584,5634.561299953584,0.0,0.0,0.0,21830.897191255957
408,2010-02-24,14948.788554621387,5122.890835067642,36666.39954779364,14948.788554621387,14948.788554621387,6655.088241853251,6655.088241853251,6655.088241853251,1190.393974056224,1190.393974056224,1190.393974056224,5464.694267797027,5464.694267797027,5464.694267797027,0.0,0.0,0.0,21603.876796474637
409,2010-02-25,15018.969450460272,9036.475566121298,39123.77695108889,15018.969450460272,15018.969450460272,8667.283384034268,8667.283384034268,8667.283384034268,3364.7249293568493,3364.7249293568493,3364.7249293568493,5302.558454677417,5302.558454677417,5302.558454677417,0.0,0.0,0.0,23686.25283449454
410,2010-02-26,15089.150346299157,3450.9929994857657,34939.40723095389,15089.150346299157,15089.150346299157,4211.902935095592,4211.902935095592,4211.902935095592,-940.6156865465599,-940.6156865465599,-940.6156865465599,5152.518621642151,5152.518621642151,5152.518621642151,0.0,0.0,0.0,19301.05328139475
411,2010-02-27,15159.331242138043,-1739.224613058759,28233.636476962274,15159.331242138043,15159.331242138043,-1459.8569642264417,-1459.8569642264417,-1459.8569642264417,-6478.464914936605,-6478.464914936605,-6478.464914936605,5018.607950710164,5018.607950710164,5018.607950710164,0.0,0.0,0.0,13699.474277911602
412,2010-02-28,15229.512137976928,3772.245976688774,34413.55964924191,15229.512137976928,15229.512137976928,4229.789568959291,4229.789568959291,4229.789568959291,-674.6115186144631,-674.6115186144631,-674.6115186144631,4904.401087573753,4904.401087573753,4904.401087573753,0.0,0.0,0.0,19459.301706936218
413,2010-03-01,15299.69303381581,5585.083060158555,37141.51376245467,15299.69303381581,15299.69303381581,7033.745701275865,7033.745701275865,7033.745701275865,2220.844984162037,2220.844984162037,2220.844984162037,4812.900717113827,4812.900717113827,4812.900717113827,0.0,0.0,0.0,22333.438735091677
414,2010-03-02,15369.873929654696,6275.656305845695,36856.13030999066,15369.873929654696,15369.873929654696,6064.16937015084,6064.16937015084,6064.16937015084,1317.728232521127,1317.728232521127,1317.728232521127,4746.441137629711,4746.441137629711,4746.441137629711,0.0,0.0,0.0,21434.043299805537
415,2010-03-03,15440.054825493586,5645.096013598292,36980.543182311085,15440.054825493586,15440.054825493586,5897.005753147476,5897.005753147476,5897.005753147476,1190.3939740595404,1190.3939740595404,1190.3939740595404,4706.611779087934,4706.611779087934,4706.611779087934,0.0,0.0,0.0,21337.06057864106
416,2010-03-04,15510.23572133247,7834.059551255297,38693.91280321341,15510.23572133247,15510.23572133247,8058.927931652944,8058.927931652944,8058.927931652944,3364.7249293599803,3364.7249293599803,3364.7249293599803,4694.203002292963,4694.203002292963,4694.203002292963,0.0,0.0,0.0,23569.163652985415
417,2010-03-05,15580.416617171355,4268.19393379022,34569.897983426235,15580.416617171355,15580.416617171355,3768.560151785508,3768.560151785508,3768.560151785508,-940.615686540359,-940.615686540359,-940.615686540359,4709.1758383258675,4709.1758383258675,4709.1758383258675,0.0,0.0,0.0,19348.97676895686
418,2010-03-06,15650.597513010238,-981.1519001398642,29653.804941783506,15650.597513010238,15650.597513010238,-1727.8083133265845,-1727.8083133265845,-1727.8083133265845,-6478.4649149372935,-6478.4649149372935,-6478.4649149372935,4750.65660161071,4750.65660161071,4750.65660161071,0.0,0.0,0.0,13922.789199683653
419,2010-03-07,15720.778408849123,4052.233476192484,35266.14339776187,15720.778408849123,15720.778408849123,4142.345038930874,4142.345038930874,4142.345038930874,-674.6115186233995,-674.6115186233995,-674.6115186233995,4816.956557554274,4816.956557554274,4816.956557554274,0.0,0.0,0.0,19863.123447779995
420,2010-03-08,15790.959304688007,7821.615689308754,38986.17594501962,15790.959304688007,15790.959304688007,7126.461053882319,7126.461053882319,7126.461053882319,2220.8449841627435,2220.8449841627435,2220.8449841627435,4905.6160697195755,4905.6160697195755,4905.6160697195755,0.0,0.0,0.0,22917.420358570325
421,2010-03-09,15861.140200526897,6229.48764748262,37362.34995366741,15861.140200526897,15861.140200526897,6331.2001472458405,6331.2001472458405,6331.2001472458405,1317.7282325186484,1317.7282325186484,1317.7282325186484,5013.471914727192,5013.471914727192,5013.471914727192,0.0,0.0,0.0,22192.340347772737
422,2010-03-10,15931.321096365782,7426.953428055513,37222.21126862861,15931.321096365782,15931.321096365782,6327.139731754113,6327.139731754113,6327.139731754113,1190.3939740628566,1190.3939740628566,1190.3939740628566,5136.745757691255,5136.745757691255,5136.745757691255,0.0,0.0,0.0,22258.460828119896
423,2010-03-11,16001.501992204665,9052.554648731204,40348.42980470459,16001.501992204665,16001.501992204665,8635.876077236855,8635.876077236855,8635.876077236855,3364.724929353349,3364.724929353349,3364.724929353349,5271.1511478835055,5271.1511478835055,5271.1511478835055,0.0,0.0,0.0,24637.378069441518
424,2010-03-12,16071.68288804355,4735.467175702178,36103.9023690913,16071.68288804355,16071.68288804355,4471.400155781514,4471.400155781514,4471.400155781514,-940.6156865261238,-940.6156865261238,-940.6156865261238,5412.015842307636,5412.015842307636,5412.015842307636,0.0,0.0,0.0,20543.083043825063
425,2010-03-13,16141.863783882434,-129.22360718509682,30094.845157628093,16141.863783882434,16141.863783882434,-924.0491045493528,-924.0491045493528,-924.0491045493528,-6478.464914935387,-6478.464914935387,-6478.464914935387,5554.4158103860345,5554.4158103860345,5554.4158103860345,0.0,0.0,0.0,15217.814679333082
426,2010-03-14,16212.044679721317,5951.189458067843,37984.39058844282,16212.044679721317,16212.044679721317,5018.705410791144,5018.705410791144,5018.705410791144,-674.611518618353,-674.611518618353,-674.611518618353,5693.316929409497,5693.316929409497,5693.316929409497,0.0,0.0,0.0,21230.75009051246
427,2010-03-15,16282.225575560205,9648.33346817952,39328.80136341211,16282.225575560205,16282.225575560205,8044.565141882824,8044.565141882824,8044.565141882824,2220.844984162722,2220.844984162722,2220.844984162722,5823.720157720101,5823.720157720101,5823.720157720101,0.0,0.0,0.0,24326.79071744303
428,2010-03-16,16352.406471468865,9055.2254376573,38495.58753428308,16352.406471468865,16352.406471468865,7258.534109680334,7258.534109680334,7258.534109680334,1317.7282325198978,1317.7282325198978,1317.7282325198978,5940.805877160434,5940.805877160434,5940.805877160434,0.0,0.0,0.0,23610.9405811492
429,2010-03-17,16422.58736737751,9805.304058203797,38602.88403841271,16422.58736737751,16422.58736737751,7230.467104591697,7230.467104591697,7230.467104591697,1190.3939740600356,1190.3939740600356,1190.3939740600356,6040.07313053166,6040.07313053166,6040.07313053166,0.0,0.0,0.0,23653.054471969204
430,2010-03-18,16492.768263286165,10663.935673851342,41867.373849152566,16492.768263286165,16492.768263286165,9482.194571590913,9482.194571590913,9482.194571590913,3364.7249293582395,3364.7249293582395,3364.7249293582395,6117.469642232673,6117.469642232673,6117.469642232673,0.0,0.0,0.0,25974.96283487708
431,2010-03-19,16562.94915919481,6550.352797216849,36365.11186757712,16562.94915919481,16562.94915919481,5228.893108989042,5228.893108989042,5228.893108989042,-940.6156865345318,-940.6156865345318,-940.6156865345318,6169.508795523573,6169.508795523573,6169.508795523573,0.0,0.0,0.0,21791.842268183853
432,2010-03-20,16633.130055103466,1947.5327040665188,31717.384174655974,16633.130055103466,16633.130055103466,-285.094775962617,-285.094775962617,-285.094775962617,-6478.464914935836,-6478.464914935836,-6478.464914935836,6193.37013897322,6193.37013897322,6193.37013897322,0.0,0.0,0.0,16348.035279140848
433,2010-03-21,16703.310951012118,6727.711759001352,38139.29065882726,16703.310951012118,16703.310951012118,5512.36897656627,5512.36897656627,5512.36897656627,-674.6115186133063,-674.6115186133063,-674.6115186133063,6186.980495179576,6186.980495179576,6186.980495179576,0.0,0.0,0.0,22215.67992757839
434,2010-03-22,16773.491846920762,9024.844356788355,41157.864003258604,16773.491846920762,16773.491846920762,8369.91831548808,8369.91831548808,8369.91831548808,2220.844984164642,2220.844984164642,2220.844984164642,6149.073331323437,6149.073331323437,6149.073331323437,0.0,0.0,0.0,25143.410162408843
435,2010-03-23,16843.67274282942,9378.179933157242,38805.763618608515,16843.67274282942,16843.67274282942,7396.952938084342,7396.952938084342,7396.952938084342,1317.7282325181795,1317.7282325181795,1317.7282325181795,6079.224705566163,6079.224705566163,6079.224705566163,0.0,0.0,0.0,24240.625680913763
436,2010-03-24,16913.85363873807,8533.660289013396,38943.1736262388,16913.85363873807,16913.85363873807,7168.258779794267,7168.258779794267,7168.258779794267,1190.393974058574,1190.393974058574,1190.393974058574,5977.864805735693,5977.864805735693,5977.864805735693,0.0,0.0,0.0,24082.112418532335
437,2010-03-25,16984.034534646722,10308.634915742126,41096.324864755254,16984.034534646722,16984.034534646722,9210.989755161952,9210.989755161952,9210.989755161952,3364.724929356489,3364.724929356489,3364.724929356489,5846.264825805463,5846.264825805463,5846.264825805463,0.0,0.0,0.0,26195.024289808673
438,2010-03-26,17054.215430555374,7807.536726139557,36474.37139263286,17054.215430555374,17054.215430555374,4745.883972759259,4745.883972759259,4745.883972759259,-940.6156865429389,-940.6156865429389,-940.6156865429389,5686.499659302199,5686.499659302199,5686.499659302199,0.0,0.0,0.0,21800.099403314634
439,2010-03-27,17124.396326464022,1356.0758521370958,30724.426982245026,17124.396326464022,17124.396326464022,-977.0773101259024,-977.0773101259024,-977.0773101259024,-6478.464914933929,-6478.464914933929,-6478.464914933929,5501.387604808027,5501.387604808027,5501.387604808027,0.0,0.0,0.0,16147.31901633812
440,2010-03-28,17194.577222372674,6727.367207263424,37216.228706261834,17194.577222372674,17194.577222372674,4619.797437031775,4619.797437031775,4619.797437031775,-674.6115186220125,-674.6115186220125,-674.6115186220125,5294.4089556537865,5294.4089556537865,5294.4089556537865,0.0,0.0,0.0,21814.37465940445
441,2010-03-29,17264.758118281326,9029.790162839128,39316.618044472234,17264.758118281326,17264.758118281326,7290.450947666663,7290.450947666663,7290.450947666663,2220.844984163407,2220.844984163407,2220.844984163407,5069.605963503254,5069.605963503254,5069.605963503254,0.0,0.0,0.0,24555.209065947987
442,2010-03-30,17334.939014189982,7644.2095766233515,38409.91717188342,17334.939014189982,17334.939014189982,6149.195437857559,6149.195437857559,6149.195437857559,1317.7282325194292,1317.7282325194292,1317.7282325194292,4831.46720533813,4831.46720533813,4831.46720533813,0.0,0.0,0.0,23484.13445204754
443,2010-03-31,17405.119910098634,7149.583718885462,38718.580011950304,17405.119910098634,17405.119910098634,5775.193803657996,5775.193803657996,5775.193803657996,1190.3939740618912,1190.3939740618912,1190.3939740618912,4584.799829596106,4584.799829596106,4584.799829596106,0.0,0.0,0.0,23180.31371375663
444,2010-04-01,17475.300806007283,9943.131988590238,39829.70213614662,17475.300806007283,17475.300806007283,7699.318425943635,7699.318425943635,7699.318425943635,3364.724929356499,3364.724929356499,3364.724929356499,4334.593496587136,4334.593496587136,4334.593496587136,0.0,0.0,0.0,25174.619231950917
445,2010-04-02,17545.481701915935,6720.129357369636,34886.89096817494,17545.481701915935,17545.481701915935,3145.2643648325766,3145.2643648325766,3145.2643648325766,-940.6156865287043,-940.6156865287043,-940.6156865287043,4085.880051361281,4085.880051361281,4085.880051361281,0.0,0.0,0.0,20690.74606674851
446,2010-04-03,17615.662597824587,186.37444041242043,30307.3242078703,17615.662597824587,17615.662597824587,-2634.871847463688,-2634.871847463688,-2634.871847463688,-6478.464914936975,-6478.464914936975,-6478.464914936975,3843.5930674732876,3843.5930674732876,3843.5930674732876,0.0,0.0,0.0,14980.790750360899
447,2010-04-04,17685.843493733235,5414.942801348295,35416.18119373232,17685.843493733235,17685.843493733235,2937.8198567179143,2937.8198567179143,2937.8198567179143,-674.6115186171959,-674.6115186171959,-674.6115186171959,3612.4313753351107,3612.4313753351107,3612.4313753351107,0.0,0.0,0.0,20623.66335045115
448,2010-04-05,17756.024389641887,8761.895841953075,38991.5976922386,17756.024389641887,17756.024389641887,5617.575524568639,5617.575524568639,5617.575524568639,2220.8449841641127,2220.8449841641127,2220.8449841641127,3396.7305404045255,3396.7305404045255,3396.7305404045255,0.0,0.0,0.0,23373.599914210525
449,2010-04-06,17826.205285550546,7171.7948258384495,37772.24678672769,17826.205285550546,17826.205285550546,4518.074221905479,4518.074221905479,4518.074221905479,1317.728232520679,1317.728232520679,1317.728232520679,3200.3459893848,3200.3459893848,3200.3459893848,0.0,0.0,0.0,22344.279507456027
450,2010-04-07,17896.386190644116,6483.6468595493,37553.44183978837,17896.386190644116,17896.386190644116,4216.945079870618,4216.945079870618,4216.945079870618,1190.3939740604296,1190.3939740604296,1190.3939740604296,3026.5511058101906,3026.5511058101906,3026.5511058101906,0.0,0.0,0.0,22113.331270514733
451,2010-04-08,17966.567095737686,8763.183017532587,39242.74404595567,17966.567095737686,17966.567095737686,6242.678071039311,6242.678071039311,6242.678071039311,3364.7249293565087,3364.7249293565087,3364.7249293565087,2877.9531416828036,2877.9531416828036,2877.9531416828036,0.0,0.0,0.0,24209.245166776996
452,2010-04-09,18036.74800083126,4530.158281537096,35769.09139185042,18036.74800083126,18036.74800083126,1815.813547875176,1815.813547875176,1815.813547875176,-940.6156865371117,-940.6156865371117,-940.6156865371117,2756.4292344122873,2756.4292344122873,2756.4292344122873,0.0,0.0,0.0,19852.561548706435
453,2010-04-10,18106.928905924822,-47.89003679047263,29138.62850149111,18106.928905924822,18106.928905924822,-3815.3807195097884,-3815.3807195097884,-3815.3807195097884,-6478.464914935068,-6478.464914935068,-6478.464914935068,2663.084195425279,2663.084195425279,2663.084195425279,0.0,0.0,0.0,14291.548186415033
454,2010-04-11,18177.109811018392,3731.082153974374,34778.147205717316,18177.109811018392,18177.109811018392,1923.6195493327873,1923.6195493327873,1923.6195493327873,-674.6115186121485,-674.6115186121485,-674.6115186121485,2598.2310679449365,2598.2310679449365,2598.2310679449365,0.0,0.0,0.0,20100.72936035118
455,2010-04-12,18247.290716111966,7959.817110021427,37476.12538494175,18247.290716111966,18247.290716111966,4782.2397413986455,4782.2397413986455,4782.2397413986455,2220.844984162878,2220.844984162878,2220.844984162878,2561.394757235768,2561.394757235768,2561.394757235768,0.0,0.0,0.0,23029.530457510613
456,2010-04-13,18317.471621205543,7145.95860810081,37138.572361103754,18317.471621205543,18317.471621205543,3869.0665709403197,3869.0665709403197,3869.0665709403197,1317.72823251896,1317.72823251896,1317.72823251896,2551.33833842136,2551.33833842136,2551.33833842136,0.0,0.0,0.0,22186.53819214586
457,2010-04-14,18387.652526299113,6612.864913722105,37079.660855949565,18387.652526299113,18387.652526299113,3756.504940327939,3756.504940327939,3756.504940327939,1190.3939740623862,1190.3939740623862,1190.3939740623862,2566.1109662655526,2566.1109662655526,2566.1109662655526,0.0,0.0,0.0,22144.157466627054
458,2010-04-15,18457.833431392683,8980.688182066982,39589.71622850409,18457.833431392683,18457.833431392683,5967.84059813915,5967.84059813915,5967.84059813915,3364.7249293547584,3364.7249293547584,3364.7249293547584,2603.115668784392,2603.115668784392,2603.115668784392,0.0,0.0,0.0,24425.67402953183
459,2010-04-16,18528.014336486252,5656.074255683754,35477.89897088111,18528.014336486252,18528.014336486252,1718.57903524667,1718.57903524667,1718.57903524667,-940.6156865415024,-940.6156865415024,-940.6156865415024,2659.194721788172,2659.194721788172,2659.194721788172,0.0,0.0,0.0,20246.59337173292
460,2010-04-17,18598.195241579826,-398.4605570835955,29039.246578256127,18598.195241579826,18598.195241579826,-3747.73512282379,-3747.73512282379,-3747.73512282379,-6478.46491493316,-6478.46491493316,-6478.46491493316,2730.7297921093705,2730.7297921093705,2730.7297921093705,0.0,0.0,0.0,14850.460118756037
461,2010-04-18,18668.37614667339,4411.058861502681,35618.26343885601,18668.37614667339,18668.37614667339,2139.142099909977,2139.142099909977,2139.142099909977,-674.611518634608,-674.611518634608,-674.611518634608,2813.7536185445847,2813.7536185445847,2813.7536185445847,0.0,0.0,0.0,20807.518246583364
462,2010-04-19,18738.55705176696,8358.281311240211,40476.85206200097,18738.55705176696,18738.55705176696,5124.914668108053,5124.914668108053,5124.914668108053,2220.8449841628562,2220.8449841628562,2220.8449841628562,2904.069683945197,2904.069683945197,2904.069683945197,0.0,0.0,0.0,23863.47171987501
463,2010-04-20,18808.737956860536,6993.911726893164,38418.39844725453,18808.737956860536,18808.737956860536,4315.104361020204,4315.104361020204,4315.104361020204,1317.7282325202098,1317.7282325202098,1317.7282325202098,2997.376128499994,2997.376128499994,2997.376128499994,0.0,0.0,0.0,23123.84231788074
464,2010-04-21,18878.91886195411,7884.217746344765,38824.07103768573,18878.91886195411,18878.91886195411,4279.7840428791405,4279.7840428791405,4279.7840428791405,1190.3939740609246,1190.3939740609246,1190.3939740609246,3089.3900688182143,3089.3900688182143,3089.3900688182143,0.0,0.0,0.0,23158.702904833248
465,2010-04-22,18949.09976704768,11029.264154382881,40671.31755971193,18949.09976704768,18949.09976704768,6540.693451205067,6540.693451205067,6540.693451205067,3364.724929353008,3364.724929353008,3364.724929353008,3175.968521852058,3175.968521852058,3175.968521852058,0.0,0.0,0.0,25489.793218252744
466,2010-04-23,19019.28067214125,6314.35660529346,36510.59562724773,19019.28067214125,19019.28067214125,2312.606598758918,2312.606598758918,2312.606598758918,-940.6156865499095,-940.6156865499095,-940.6156865499095,3253.2222853088283,3253.2222853088283,3253.2222853088283,0.0,0.0,0.0,21331.887270900166
467,2010-04-24,19089.46157723482,811.8050174776802,31426.07881828171,19089.46157723482,19089.46157723482,-3160.8455233288278,-3160.8455233288278,-3160.8455233288278,-6478.464914936206,-6478.464914936206,-6478.464914936206,3317.619391607379,3317.619391607379,3317.619391607379,0.0,0.0,0.0,15928.616053905991
468,2010-04-25,19159.642482328392,6475.121010358707,36697.71466096822,19159.642482328392,19159.642482328392,2691.4636029984863,2691.4636029984863,2691.4636029984863,-674.6115186293308,-674.6115186293308,-674.6115186293308,3366.0751216278168,3366.0751216278168,3366.0751216278168,0.0,0.0,0.0,21851.10608532688
469,2010-04-26,19229.823387421962,9921.888830584425,40153.39822308416,19229.823387421962,19229.823387421962,5616.871009713234,5616.871009713234,5616.871009713234,2220.8449841635625,2220.8449841635625,2220.8449841635625,3396.026025549672,3396.026025549672,3396.026025549672,0.0,0.0,0.0,24846.694397135198
470,2010-04-27,19300.004292515536,8550.181476415975,40704.97620057875,19300.004292515536,19300.004292515536,4723.21416839384,4723.21416839384,4723.21416839384,1317.7282325177305,1317.7282325177305,1317.7282325177305,3405.485935876109,3405.485935876109,3405.485935876109,0.0,0.0,0.0,24023.218460909375
471,2010-04-28,19370.185202215715,9315.506024797387,38844.68719721204,19370.185202215715,19370.185202215715,4583.476529167795,4583.476529167795,4583.476529167795,1190.3939740628814,1190.3939740628814,1190.3939740628814,3393.0825551049147,3393.0825551049147,3393.0825551049147,0.0,0.0,0.0,23953.66173138351
472,2010-04-29,19440.366111915904,11686.635593110901,40696.94201565181,19440.366111915904,19440.366111915904,6722.798767649098,6722.798767649098,6722.798767649098,3364.7249293578984,3364.7249293578984,3364.7249293578984,3358.0738382911995,3358.0738382911995,3358.0738382911995,0.0,0.0,0.0,26163.164879565004
473,2010-04-30,19510.547021616083,7182.714407896369,37486.012755730495,19510.547021616083,19510.547021616083,2359.7283620736334,2359.7283620736334,2359.7283620736334,-940.615686539692,-940.615686539692,-940.615686539692,3300.3440486133254,3300.3440486133254,3300.3440486133254,0.0,0.0,0.0,21870.275383689717
474,2010-05-01,19580.72793131627,643.8453626172286,32245.673311953233,19580.72793131627,19580.72793131627,-3258.0848938601175,-3258.0848938601175,-3258.0848938601175,-6478.464914934299,-6478.464914934299,-6478.464914934299,3220.3800210741815,3220.3800210741815,3220.3800210741815,0.0,0.0,0.0,16322.643037456151
475,2010-05-02,19650.90884101645,7824.707054284753,37908.82334114643,19650.90884101645,19650.90884101645,2444.6172861766595,2444.6172861766595,2444.6172861766595,-674.6115186245146,-674.6115186245146,-674.6115186245146,3119.228804801174,3119.228804801174,3119.228804801174,0.0,0.0,0.0,22095.526127193112
476,2010-05-03,19721.089750716637,10095.566897257157,40472.131641341985,19721.089750716637,19721.089750716637,5219.283432066917,5219.283432066917,5219.283432066917,2220.8449841642687,2220.8449841642687,2220.8449841642687,2998.4384479026476,2998.4384479026476,2998.4384479026476,0.0,0.0,0.0,24940.373182783555
477,2010-05-04,19791.270660416823,8304.791199914505,38446.9070618694,19791.270660416823,19791.270660416823,4177.712454221988,4177.712454221988,4177.712454221988,1317.7282325189806,1317.7282325189806,1317.7282325189806,2859.9842217030073,2859.9842217030073,2859.9842217030073,0.0,0.0,0.0,23968.98311463881
478,2010-05-05,19861.451570117013,8756.285488349926,39175.48461753436,19861.451570117013,19861.451570117013,3896.577010588513,3896.577010588513,3896.577010588513,1190.3939740552821,1190.3939740552821,1190.3939740552821,2706.1830365332307,2706.1830365332307,2706.1830365332307,0.0,0.0,0.0,23758.028580705526
479,2010-05-06,19931.63247981719,10519.730446481848,40596.47962744551,19931.63247981719,19931.63247981719,5904.324094074375,5904.324094074375,5904.324094074375,3364.7249293512677,3364.7249293512677,3364.7249293512677,2539.5991647231085,2539.5991647231085,2539.5991647231085,0.0,0.0,0.0,25835.956573891566
480,2010-05-07,20001.813389517378,4432.523746568978,36803.095651377706,20001.813389517378,20001.813389517378,1422.328959999313,1422.328959999313,1422.328959999313,-940.6156865440826,-940.6156865440826,-940.6156865440826,2362.9446465433957,2362.9446465433957,2362.9446465433957,0.0,0.0,0.0,21424.14234951669
481,2010-05-08,20071.99429921756,-61.56093290309334,31162.26032114614,20071.99429921756,20071.99429921756,-4299.48701164684,-4299.48701164684,-4299.48701164684,-6478.464914934749,-6478.464914934749,-6478.464914934749,2178.9779032879087,2178.9779032879087,2178.9779032879087,0.0,0.0,0.0,15772.50728757072
482,2010-05-09,20142.175208917746,3318.8416817140824,36624.25343989949,20142.175208917746,20142.175208917746,1315.7925953350045,1315.7925953350045,1315.7925953350045,-674.6115186194673,-674.6115186194673,-674.6115186194673,1990.4041139544722,1990.4041139544722,1990.4041139544722,0.0,0.0,0.0,21457.967804252752
483,2010-05-10,20212.356118617925,8845.062252468582,39792.25160842198,20212.356118617925,20212.356118617925,4020.6258110506924,4020.6258110506924,4020.6258110506924,2220.8449841623055,2220.8449841623055,2220.8449841623055,1799.7808268883866,1799.7808268883866,1799.7808268883866,0.0,0.0,0.0,24232.98192966862
484,2010-05-11,20282.537028318115,8858.505865580955,39665.06916317458,20282.537028318115,20282.537028318115,2927.1603107656047,2927.1603107656047,2927.1603107656047,1317.7282325209908,1317.7282325209908,1317.7282325209908,1609.4320782446136,1609.4320782446136,1609.4320782446136,0.0,0.0,0.0,23209.69733908372
485,2010-05-12,20352.7179380183,8046.351852410258,37823.90129356522,20352.7179380183,20352.7179380183,2611.767955428222,2611.767955428222,2611.767955428222,1190.3939740538206,1190.3939740538206,1190.3939740538206,1421.3739813744016,1421.3739813744016,1421.3739813744016,0.0,0.0,0.0,22964.485893446523
486,2010-05-13,20422.89884771848,9401.662415030512,40671.37187654305,20422.89884771848,20422.89884771848,4601.979274685522,4601.979274685522,4601.979274685522,3364.7249293543987,3364.7249293543987,3364.7249293543987,1237.254345331124,1237.254345331124,1237.254345331124,0.0,0.0,0.0,25024.878122404
487,2010-05-14,20493.07975741867,4614.861980120484,36474.40082488246,20493.07975741867,20493.07975741867,117.6927028374465,117.6927028374465,117.6927028374465,-940.6156865484733,-940.6156865484733,-940.6156865484733,1058.3083893859196,1058.3083893859196,1058.3083893859196,0.0,0.0,0.0,20610.772460256114
488,2010-05-15,20563.260667118848,-985.5422112857677,29816.01118120115,20563.260667118848,20563.260667118848,-5593.132855284868,-5593.132855284868,-5593.132855284868,-6478.464914935677,-6478.464914935677,-6478.464914935677,885.3320596508091,885.3320596508091,885.3320596508091,0.0,0.0,0.0,14970.12781183398
489,2010-05-16,20633.441576819034,6270.5747171982875,35985.6320689278,20633.441576819034,20633.441576819034,44.062322991961985,44.062322991961985,44.062322991961985,-674.6115186284042,-674.6115186284042,-674.6115186284042,718.673841620366,718.673841620366,718.673841620366,0.0,0.0,0.0,20677.503899810996
490,2010-05-17,20703.622486519216,9403.917405837848,37973.993726334265,20703.622486519216,20703.622486519216,2779.090302505461,2779.090302505461,2779.090302505461,2220.844984164953,2220.844984164953,2220.844984164953,558.2453183405078,558.2453183405078,558.2453183405078,0.0,0.0,0.0,23482.712789024677
491,2010-05-18,20773.803396219406,6652.192873764506,37682.9409267082,20773.803396219406,20773.803396219406,1721.2783014043373,1721.2783014043373,1721.2783014043373,1317.728232518511,1317.728232518511,1317.728232518511,403.55006888582636,403.55006888582636,403.55006888582636,0.0,0.0,0.0,22495.081697623744
492,2010-05-19,20843.985140659588,6911.898067352895,38025.0718608554,20843.985140659588,20843.985140659588,1444.123831195422,1444.123831195422,1444.123831195422,1190.3939740619155,1190.3939740619155,1190.3939740619155,253.72985713350664,253.72985713350664,253.72985713350664,0.0,0.0,0.0,22288.10897185501
493,2010-05-20,20914.166885099767,9700.611539547977,40519.06511253444,20914.166885099767,20914.166885099767,3472.35137686354,3472.35137686354,3472.35137686354,3364.724929352649,3364.724929352649,3364.724929352649,107.62644751089125,107.62644751089125,107.62644751089125,0.0,0.0,0.0,24386.518261963305
494,2010-05-21,20984.34862953995,4672.567416594034,34702.09678751316,20984.34862953995,20984.34862953995,-976.7588638907101,-976.7588638907101,-976.7588638907101,-940.6156865422726,-940.6156865422726,-940.6156865422726,-36.143177348437554,-36.143177348437554,-36.143177348437554,0.0,0.0,0.0,20007.589765649238
495,2010-05-22,21054.53037398013,-696.8895331051494,29668.489743060465,21054.53037398013,21054.53037398013,-6657.565828592497,-6657.565828592497,-6657.565828592497,-6478.464914936127,-6478.464914936127,-6478.464914936127,-179.10091365637004,-179.10091365637004,-179.10091365637004,0.0,0.0,0.0,14396.964545387633
496,2010-05-23,21124.712118420306,5816.523623076985,36599.230537517855,21124.712118420306,21124.712118420306,-997.4255882425313,-997.4255882425313,-997.4255882425313,-674.6115186235882,-674.6115186235882,-674.6115186235882,-322.8140696189434,-322.8140696189434,-322.8140696189434,0.0,0.0,0.0,20127.286530177775
497,2010-05-24,21194.89386286049,7497.428560464495,38004.11152722336,21194.89386286049,21194.89386286049,1752.0472239302724,1752.0472239302724,1752.0472239302724,2220.8449841637184,2220.8449841637184,2220.8449841637184,-468.79776023344584,-468.79776023344584,-468.79776023344584,0.0,0.0,0.0,22946.94108679076
498,2010-05-25,21265.075607300678,7347.502704389893,37199.77517484842,21265.075607300678,21265.075607300678,699.3114504527405,699.3114504527405,699.3114504527405,1317.7282325160322,1317.7282325160322,1317.7282325160322,-618.4167820632917,-618.4167820632917,-618.4167820632917,0.0,0.0,0.0,21964.387057753418
499,2010-05-26,21335.257351740856,6665.510698194437,37195.606868817966,21335.257351740856,21335.257351740856,417.60331375199195,417.60331375199195,417.60331375199195,1190.393974054316,1190.393974054316,1190.393974054316,-772.7906603023245,-772.7906603023245,-772.7906603023245,0.0,0.0,0.0,21752.860665492848
500,2010-05-27,21405.43909618104,9358.220745642122,39715.827543052204,21405.43909618104,21405.43909618104,2432.019417186068,2432.019417186068,2432.019417186068,3364.7249293575387,3364.7249293575387,3364.7249293575387,-932.705512171471,-932.705512171471,-932.705512171471,0.0,0.0,0.0,23837.458513367106
501,2010-05-28,21475.620840621214,2798.5558059887408,34829.19626090222,21475.620840621214,21475.620840621214,-2039.1518868005862,-2039.1518868005862,-2039.1518868005862,-940.6156865426458,-940.6156865426458,-940.6156865426458,-1098.5362002579407,-1098.5362002579407,-1098.5362002579407,0.0,0.0,0.0,19436.468953820626
502,2010-05-29,21545.802585061396,-2111.2066845579025,28989.476501201883,21545.802585061396,21545.802585061396,-7748.6468760205935,-7748.6468760205935,-7748.6468760205935,-6478.464914936577,-6478.464914936577,-6478.464914936577,-1270.181961084016,-1270.181961084016,-1270.181961084016,0.0,0.0,0.0,13797.155709040802
503,2010-05-30,21615.98432950158,5233.328148801071,34620.56039522423,21615.98432950158,21615.98432950158,-2121.6298143774993,-2121.6298143774993,-2121.6298143774993,-674.6115186183109,-674.6115186183109,-674.6115186183109,-1447.018295759189,-1447.018295759189,-1447.018295759189,0.0,0.0,0.0,19494.354515124083
504,2010-05-31,21686.166073941757,6345.7985187187705,37893.98398268022,21686.166073941757,21686.166073941757,592.9775715737753,592.9775715737753,592.9775715737753,2220.8449841644247,2220.8449841644247,2220.8449841644247,-1627.8674125906493,-1627.8674125906493,-1627.8674125906493,0.0,0.0,0.0,22279.14364551553
505,2010-06-01,21756.347818381946,5850.384237296788,37036.688873693645,21756.347818381946,21756.347818381946,-493.2606981249887,-493.2606981249887,-493.2606981249887,1317.728232522532,1317.728232522532,1317.728232522532,-1810.9889306475206,-1810.9889306475206,-1810.9889306475206,0.0,0.0,0.0,21263.087120256958
506,2010-06-02,21826.52956282213,5789.361573925106,36235.202760000866,21826.52956282213,21826.52956282213,-803.6979319611083,-803.6979319611083,-803.6979319611083,1190.3939740576327,1190.3939740576327,1190.3939740576327,-1994.0919060187412,-1994.0919060187412,-1994.0919060187412,0.0,0.0,0.0,21022.83163086102
507,2010-06-03,21896.711307262303,7247.632652385037,37649.72648984117,21896.711307262303,21896.711307262303,1190.3563806978282,1190.3563806978282,1190.3563806978282,3364.7249293606696,3364.7249293606696,3364.7249293606696,-2174.3685486628415,-2174.3685486628415,-2174.3685486628415,0.0,0.0,0.0,23087.06768796013
508,2010-06-04,21966.89305170249,3235.4261222169353,34392.401084239325,21966.89305170249,21966.89305170249,-3289.1649653801824,-3289.1649653801824,-3289.1649653801824,-940.6156865510534,-940.6156865510534,-940.6156865510534,-2348.549278829129,-2348.549278829129,-2348.549278829129,0.0,0.0,0.0,18677.728086322306
509,2010-06-05,22037.07479614267,-1818.0682360371443,28397.416487122115,22037.07479614267,22037.07479614267,-8991.442965439195,-8991.442965439195,-8991.442965439195,-6478.464914937026,-6478.464914937026,-6478.464914937026,-2512.9780505021695,-2512.9780505021695,-2512.9780505021695,0.0,0.0,0.0,13045.631830703476
510,2010-06-06,22107.256540582846,2310.797791682816,33200.222734420495,22107.256540582846,22107.256540582846,-3338.3176867600014,-3338.3176867600014,-3338.3176867600014,-674.6115186272475,-674.6115186272475,-674.6115186272475,-2663.706168132754,-2663.706168132754,-2663.706168132754,0.0,0.0,0.0,18768.938853822845
511,2010-06-07,22177.43828502303,5734.213281486895,36188.16476004969,22177.43828502303,22177.43828502303,-575.7571803725258,-575.7571803725258,-575.7571803725258,2220.8449841624615,2220.8449841624615,2220.8449841624615,-2796.6021645349874,-2796.6021645349874,-2796.6021645349874,0.0,0.0,0.0,21601.681104650503
512,2010-06-08,22247.62002946321,4875.206690837339,36142.36598957914,22247.62002946321,22247.62002946321,-1589.746481237318,-1589.746481237318,-1589.746481237318,1317.7282325200526,1317.7282325200526,1317.7282325200526,-2907.474713757371,-2907.474713757371,-2907.474713757371,0.0,0.0,0.0,20657.873548225893
513,2010-06-09,22317.8017739034,5240.556208936826,36466.80531962017,22317.8017739034,22317.8017739034,-1801.8110686549917,-1801.8110686549917,-1801.8110686549917,1190.3939740609494,1190.3939740609494,1190.3939740609494,-2992.205042715941,-2992.205042715941,-2992.205042715941,0.0,0.0,0.0,20515.99070524841
514,2010-06-10,22387.983516334327,7582.556765411298,38085.91431186517,22387.983516334327,22387.983516334327,317.84003258039047,317.84003258039047,317.84003258039047,3364.724929354039,3364.724929354039,3364.724929354039,-3046.884896773648,-3046.884896773648,-3046.884896773648,0.0,0.0,0.0,22705.82354891472
515,2010-06-11,22458.165258765253,3568.5287186358155,33681.100825838446,22458.165258765253,22458.165258765253,-4008.571508331634,-4008.571508331634,-4008.571508331634,-940.6156865222104,-940.6156865222104,-940.6156865222104,-3067.9558218094244,-3067.9558218094244,-3067.9558218094244,0.0,0.0,0.0,18449.593750433618
516,2010-06-12,22528.34700119618,-2890.1230465085846,27531.503661989205,22528.34700119618,22528.34700119618,-9530.810274566134,-9530.810274566134,-9530.810274566134,-6478.464914935358,-6478.464914935358,-6478.464914935358,-3052.345359630777,-3052.345359630777,-3052.345359630777,0.0,0.0,0.0,12997.536726630045
517,2010-06-13,22598.528743627114,3200.794542308364,34099.72990813017,22598.528743627114,22598.528743627114,-3672.207240919387,-3672.207240919387,-3672.207240919387,-674.6115186222007,-674.6115186222007,-674.6115186222007,-2997.5957222971865,-2997.5957222971865,-2997.5957222971865,0.0,0.0,0.0,18926.321502707728
518,2010-06-14,22668.71048605804,5894.391209137207,38624.35463827309,22668.71048605804,22668.71048605804,-681.135632998669,-681.135632998669,-681.135632998669,2220.844984161227,2220.844984161227,2220.844984161227,-2901.9806171598957,-2901.9806171598957,-2901.9806171598957,0.0,0.0,0.0,21987.57485305937
519,2010-06-15,22738.892228488974,7253.528172731027,36909.309584153976,22738.892228488974,22738.892228488974,-1446.8779049747739,-1446.8779049747739,-1446.8779049747739,1317.7282325213023,1317.7282325213023,1317.7282325213023,-2764.6061374960764,-2764.6061374960764,-2764.6061374960764,0.0,0.0,0.0,21292.0143235142
520,2010-06-16,22809.0739709199,6165.729378527465,36339.688237167786,22809.0739709199,22809.0739709199,-1395.098034139416,-1395.098034139416,-1395.098034139416,1190.3939740642659,1190.3939740642659,1190.3939740642659,-2585.4920082036815,-2585.4920082036815,-2585.4920082036815,0.0,0.0,0.0,21413.975936780484
521,2010-06-17,22879.255713350827,8425.371409562564,38773.792750601926,22879.255713350827,22879.255713350827,999.0949562090502,999.0949562090502,999.0949562090502,3364.724929358929,3364.724929358929,3364.724929358929,-2365.6299731498793,-2365.6299731498793,-2365.6299731498793,0.0,0.0,0.0,23878.350669559877
522,2010-06-18,22949.437455781757,3820.495598896123,34072.989057749066,22949.437455781757,22949.437455781757,-3047.6324037426975,-3047.6324037426975,-3047.6324037426975,-940.6156865306176,-940.6156865306176,-940.6156865306176,-2107.016717212079,-2107.016717212079,-2107.016717212079,0.0,0.0,0.0,19901.80505203906
523,2010-06-19,23019.619198212684,403.4801160337862,30466.103601105777,23019.619198212684,23019.619198212684,-8291.124330285935,-8291.124330285935,-8291.124330285935,-6478.464914935807,-6478.464914935807,-6478.464914935807,-1812.6594153501258,-1812.6594153501258,-1812.6594153501258,0.0,0.0,0.0,14728.494867926749
524,2010-06-20,23089.80094064361,6566.223092764762,34818.819817612224,23089.80094064361,23089.80094064361,-2161.1642921839784,-2161.1642921839784,-2161.1642921839784,-674.6115186171536,-674.6115186171536,-674.6115186171536,-1486.5527735668247,-1486.5527735668247,-1486.5527735668247,0.0,0.0,0.0,20928.636648459633
525,2010-06-21,23159.982683074537,9980.206861963088,38675.455733145885,23159.982683074537,23159.982683074537,1087.217733983927,1087.217733983927,1087.217733983927,2220.8449841638735,2220.8449841638735,2220.8449841638735,-1133.627250179947,-1133.627250179947,-1133.627250179947,0.0,0.0,0.0,24247.200417058462
526,2010-06-22,23230.16442550547,7987.083812970983,39535.865083122546,23230.16442550547,23230.16442550547,558.0592359433629,558.0592359433629,558.0592359433629,1317.728232519584,1317.728232519584,1317.728232519584,-759.668996576221,-759.668996576221,-759.668996576221,0.0,0.0,0.0,23788.223661448832
527,2010-06-23,23300.346167936405,7343.586772662387,38844.60618928905,23300.346167936405,23300.346167936405,819.1810647468193,819.1810647468193,819.1810647468193,1190.393974056667,1190.393974056667,1190.393974056667,-371.21290930984725,-371.21290930984725,-371.21290930984725,0.0,0.0,0.0,24119.527232683224
528,2010-06-24,23370.52791036733,11155.292824577025,42374.095714735406,23370.52791036733,23370.52791036733,3389.313914760841,3389.313914760841,3389.313914760841,3364.724929357179,3364.724929357179,3364.724929357179,24.588985403661678,24.588985403661678,24.588985403661678,0.0,0.0,0.0,26759.841825128173
529,2010-06-25,23440.709652798258,7846.685695528128,37388.93317779202,23440.709652798258,23440.709652798258,-520.4948731614323,-520.4948731614323,-520.4948731614323,-940.6156865350085,-940.6156865350085,-940.6156865350085,420.1208133735759,420.1208133735759,420.1208133735759,0.0,0.0,0.0,22920.214779636826
530,2010-06-26,23510.891395229184,2797.8152415829936,32435.52176150766,23510.891395229184,23510.891395229184,-5670.990823640834,-5670.990823640834,-5670.990823640834,-6478.4649149339,-6478.4649149339,-6478.4649149339,807.4740912930664,807.4740912930664,807.4740912930664,0.0,0.0,0.0,17839.90057158835
531,2010-06-27,23581.073137660114,9258.722149170402,39863.49815584354,23581.073137660114,23581.073137660114,504.0210827227389,504.0210827227389,504.0210827227389,-674.6115186121069,-674.6115186121069,-674.6115186121069,1178.632601334846,1178.632601334846,1178.632601334846,0.0,0.0,0.0,24085.094220382853
532,2010-06-28,23651.25488009104,12508.187561679148,42743.96606569944,23651.25488009104,23651.25488009104,3746.511066644223,3746.511066644223,3746.511066644223,2220.8449841650663,2220.8449841650663,2220.8449841650663,1525.6660824791577,1525.6660824791577,1525.6660824791577,0.0,0.0,0.0,27397.765946735264
533,2010-06-29,23721.436622521975,12216.337803593777,42056.623888233225,23721.436622521975,23721.436622521975,3158.655785982985,3158.655785982985,3158.655785982985,1317.7282325208337,1317.7282325208337,1317.7282325208337,1840.9275534621504,1840.9275534621504,1840.9275534621504,0.0,0.0,0.0,26880.09240850496
534,2010-06-30,23791.618364952905,11410.060158010496,42863.20896084405,23791.618364952905,23791.618364952905,3307.6428345557597,3307.6428345557597,3307.6428345557597,1190.393974059983,1190.393974059983,1190.393974059983,2117.248860495776,2117.248860495776,2117.248860495776,0.0,0.0,0.0,27099.261199508663
535,2010-07-01,23861.800111869085,14134.927515732357,44695.268157533465,23861.800111869085,23861.800111869085,5712.853903846701,5712.853903846701,5712.853903846701,3364.7249293554287,3364.7249293554287,3364.7249293554287,2348.1289744912715,2348.1289744912715,2348.1289744912715,0.0,0.0,0.0,29574.654015715787
536,2010-07-02,23931.98185878527,10456.15724518531,40830.34159473997,23931.98185878527,23931.98185878527,1587.2939651302308,1587.2939651302308,1587.2939651302308,-940.6156865393991,-940.6156865393991,-940.6156865393991,2527.90965166963,2527.90965166963,2527.90965166963,0.0,0.0,0.0,25519.2758239155
537,2010-07-03,24002.163605701455,4379.583822595806,36061.430122640246,24002.163605701455,24002.163605701455,-3826.5315966993066,-3826.5315966993066,-3826.5315966993066,-6478.464914936947,-6478.464914936947,-6478.464914936947,2651.9333182376395,2651.9333182376395,2651.9333182376395,0.0,0.0,0.0,20175.632009002147
538,2010-07-04,24072.34535261764,10240.453951077468,41594.96220431472,24072.34535261764,24072.34535261764,2042.0669206218263,2042.0669206218263,2042.0669206218263,-674.6115186210438,-674.6115186210438,-674.6115186210438,2716.67843924287,2716.67843924287,2716.67843924287,0.0,0.0,0.0,26114.412273239468
539,2010-07-05,24142.52709953383,14417.611300642915,44382.347259973016,24142.52709953383,24142.52709953383,4940.713158819121,4940.713158819121,4940.713158819121,2220.8449841638308,2220.8449841638308,2220.8449841638308,2719.8681746552916,2719.8681746552916,2719.8681746552916,0.0,0.0,0.0,29083.24025835295
540,2010-07-06,24212.708846450012,12716.641285266373,43273.838080963906,24212.708846450012,24212.708846450012,3978.277030909628,3978.277030909628,3978.277030909628,1317.7282325183544,1317.7282325183544,1317.7282325183544,2660.548798391273,2660.548798391273,2660.548798391273,0.0,0.0,0.0,28190.98587735964
541,2010-07-07,24282.8905933662,12327.77082212325,43720.099264641874,24282.8905933662,24282.8905933662,3729.5291148760534,3729.5291148760534,3729.5291148760534,1190.3939740585217,1190.3939740585217,1190.3939740585217,2539.135140817531,2539.135140817531,2539.135140817531,0.0,0.0,0.0,28012.419708242254
542,2010-07-08,24353.072340282386,13970.703861647386,45787.91601268569,24353.072340282386,24353.072340282386,5722.146120535003,5722.146120535003,5722.146120535003,3364.724929353679,3364.724929353679,3364.724929353679,2357.421191181325,2357.421191181325,2357.421191181325,0.0,0.0,0.0,30075.21846081739
543,2010-07-09,24423.254087198573,10267.347395505778,41194.6172215282,24423.254087198573,24423.254087198573,1177.9392527723517,1177.9392527723517,1177.9392527723517,-940.6156865291814,-940.6156865291814,-940.6156865291814,2118.554939301533,2118.554939301533,2118.554939301533,0.0,0.0,0.0,25601.193339970923
544,2010-07-10,24493.435834114756,4769.751410880653,36464.64175758609,24493.435834114756,24493.435834114756,-4651.487395379539,-4651.487395379539,-4651.487395379539,-6478.464914935039,-6478.464914935039,-6478.464914935039,1826.9775195555003,1826.9775195555003,1826.9775195555003,0.0,0.0,0.0,19841.948438735217
545,2010-07-11,24563.617581030943,8761.352916563686,41328.15814344678,24563.617581030943,24563.617581030943,813.7161982658127,813.7161982658127,813.7161982658127,-674.6115186159968,-674.6115186159968,-674.6115186159968,1488.3277168818097,1488.3277168818097,1488.3277168818097,0.0,0.0,0.0,25377.333779296758
546,2010-07-12,24633.799327947123,12604.193450430776,43343.649386113226,24633.799327947123,24633.799327947123,3330.158859894726,3330.158859894726,3330.158859894726,2220.844984162596,2220.844984162596,2220.844984162596,1109.3138757321306,1109.3138757321306,1109.3138757321306,0.0,0.0,0.0,27963.95818784185
547,2010-07-13,24703.981074863314,11926.401652718054,41736.13176521664,24703.981074863314,24703.981074863314,2015.2844228657077,2015.2844228657077,2015.2844228657077,1317.728232515875,1317.728232515875,1317.728232515875,697.5561903498319,697.5561903498319,697.5561903498319,0.0,0.0,0.0,26719.265497729022
548,2010-07-14,24774.1628217795,10058.689923877102,40027.849374618636,24774.1628217795,24774.1628217795,1451.7971950228173,1451.7971950228173,1451.7971950228173,1190.393974060479,1190.393974060479,1190.393974060479,261.4032209623385,261.4032209623385,261.4032209623385,0.0,0.0,0.0,26225.960016802317
549,2010-07-15,24844.344568695687,12554.617133677515,42672.869881471845,24844.344568695687,24844.344568695687,3174.452179161273,3174.452179161273,3174.452179161273,3364.724929355448,3364.724929355448,3364.724929355448,-190.27275019417456,-190.27275019417456,-190.27275019417456,0.0,0.0,0.0,28018.79674785696
550,2010-07-16,24914.52631561187,8209.17449174681,37970.79090896368,24914.52631561187,24914.52631561187,-1588.9119462785543,-1588.9119462785543,-1588.9119462785543,-940.6156865375889,-940.6156865375889,-940.6156865375889,-648.2962597409656,-648.2962597409656,-648.2962597409656,0.0,0.0,0.0,23325.614369333318
551,2010-07-17,24984.70806252805,1514.515595476255,32514.234220959974,24984.70806252805,24984.70806252805,-7581.884243171768,-7581.884243171768,-7581.884243171768,-6478.464914935489,-6478.464914935489,-6478.464914935489,-1103.4193282362783,-1103.4193282362783,-1103.4193282362783,0.0,0.0,0.0,17402.823819356283
552,2010-07-18,25054.889809444237,7723.2120509874985,38330.92493419364,25054.889809444237,25054.889809444237,-2221.1676421207217,-2221.1676421207217,-2221.1676421207217,-674.6115186111808,-674.6115186111808,-674.6115186111808,-1546.5561235095402,-1546.5561235095402,-1546.5561235095402,0.0,0.0,0.0,22833.722167323514
553,2010-07-19,25125.071556360424,10472.865844378843,40077.30304252054,25125.071556360424,25125.071556360424,251.82967334850838,251.82967334850838,251.82967334850838,2220.8449841625743,2220.8449841625743,2220.8449841625743,-1969.015310814066,-1969.015310814066,-1969.015310814066,0.0,0.0,0.0,25376.901229708932
554,2010-07-20,25195.253303276615,8574.414258467454,38453.32307793244,25195.253303276615,25195.253303276615,-1044.995535465831,-1044.995535465831,-1044.995535465831,1317.7282325178855,1317.7282325178855,1317.7282325178855,-2362.7237679837162,-2362.7237679837162,-2362.7237679837162,0.0,0.0,0.0,24150.257767810785
555,2010-07-21,25265.435050192795,7683.79458553779,38386.279389094074,25265.435050192795,25265.435050192795,-1530.041536410286,-1530.041536410286,-1530.041536410286,1190.393974059017,1190.393974059017,1190.393974059017,-2720.435510469303,-2720.435510469303,-2720.435510469303,0.0,0.0,0.0,23735.39351378251
556,2010-07-22,25335.61679710898,10896.159349521062,40358.18459431501,25335.61679710898,25335.61679710898,328.8049170889569,328.8049170889569,328.8049170889569,3364.7249293536984,3364.7249293536984,3364.7249293536984,-3035.9200122647408,-3035.9200122647408,-3035.9200122647408,0.0,0.0,0.0,25664.42171419794
557,2010-07-23,25405.798544025165,6223.046676361282,35801.28914822155,25405.798544025165,25405.798544025165,-4244.740302671931,-4244.740302671931,-4244.740302671931,-940.6156865459961,-940.6156865459961,-940.6156865459961,-3304.124616125936,-3304.124616125936,-3304.124616125936,0.0,0.0,0.0,21161.058241353232
558,2010-07-24,25475.980290941352,573.7391917869422,29813.113254372285,25475.980290941352,25475.980290941352,-9999.771302659785,-9999.771302659785,-9999.771302659785,-6478.464914935938,-6478.464914935938,-6478.464914935938,-3521.3063877238483,-3521.3063877238483,-3521.3063877238483,0.0,0.0,0.0,15476.208988281567
559,2010-07-25,25546.16203785754,6390.390488537096,36184.81287520923,25546.16203785754,25546.16203785754,-4359.74108466682,-4359.74108466682,-4359.74108466682,-674.6115186331783,-674.6115186331783,-674.6115186331783,-3685.1295660336414,-3685.1295660336414,-3685.1295660336414,0.0,0.0,0.0,21186.420953190718
560,2010-07-26,25616.343784773726,9162.782977902989,39091.832893661965,25616.343784773726,25616.343784773726,-1573.8806910360622,-1573.8806910360622,-1573.8806910360622,2220.8449841632805,2220.8449841632805,2220.8449841632805,-3794.7256751993427,-3794.7256751993427,-3794.7256751993427,0.0,0.0,0.0,24042.463093737664
561,2010-07-27,25686.52553168991,8081.736809090053,38355.54465355581,25686.52553168991,25686.52553168991,-2532.9861340414413,-2532.9861340414413,-2532.9861340414413,1317.7282325191352,1317.7282325191352,1317.7282325191352,-3850.7143665605768,-3850.7143665605768,-3850.7143665605768,0.0,0.0,0.0,23153.539397648467
562,2010-07-28,25756.707278606096,7143.76704548982,37670.27889030352,25756.707278606096,25756.707278606096,-2664.79015195846,-2664.79015195846,-2664.79015195846,1190.3939740623339,1190.3939740623339,1190.3939740623339,-3855.184126020793,-3855.184126020793,-3855.184126020793,0.0,0.0,0.0,23091.917126647637
563,2010-07-29,25826.889025522283,9511.86705637824,40602.023440224104,25826.889025522283,25826.889025522283,-446.9081525707008,-446.9081525707008,-446.9081525707008,3364.724929356829,3364.724929356829,3364.724929356829,-3811.633081927529,-3811.633081927529,-3811.633081927529,0.0,0.0,0.0,25379.980872951583
564,2010-07-30,25897.070772438467,6472.820011854116,36161.481275057566,25897.070772438467,25897.070772438467,-4665.486937944762,-4665.486937944762,-4665.486937944762,-940.6156865357783,-940.6156865357783,-940.6156865357783,-3724.8712514089843,-3724.8712514089843,-3724.8712514089843,0.0,0.0,0.0,21231.583834493704
565,2010-07-31,25967.252519354653,583.068732372229,30896.756994750638,25967.252519354653,25967.252519354653,-10079.351552630389,-10079.351552630389,-10079.351552630389,-6478.464914936627,-6478.464914936627,-6478.464914936627,-3600.8866376937617,-3600.8866376937617,-3600.8866376937617,0.0,0.0,0.0,15887.900966724264
566,2010-08-01,26037.434266270833,6438.24273285905,36618.594263653096,26037.434266270833,26037.434266270833,-4121.290125430059,-4121.290125430059,-4121.290125430059,-674.6115186283621,-674.6115186283621,-674.6115186283621,-3446.6786068016972,-3446.6786068016972,-3446.6786068016972,0.0,0.0,0.0,21916.144140840774
567,2010-08-02,26107.61601318702,10753.953410295515,39997.97990680053,26107.61601318702,26107.61601318702,-1049.2179160079238,-1049.2179160079238,-1049.2179160079238,2220.8449841639867,2220.8449841639867,2220.8449841639867,-3270.0629001719108,-3270.0629001719108,-3270.0629001719108,0.0,0.0,0.0,25058.398097179095
568,2010-08-03,26177.79776010321,9732.002506911664,39726.398395833436,26177.79776010321,26177.79776010321,-1761.7252210095037,-1761.7252210095037,-1761.7252210095037,1317.7282325203848,1317.7282325203848,1317.7282325203848,-3079.4534535298885,-3079.4534535298885,-3079.4534535298885,0.0,0.0,0.0,24416.072539093708
569,2010-08-04,26247.979507019398,8415.836500262487,39374.98788631296,26247.979507019398,26247.979507019398,-1693.232893814749,-1693.232893814749,-1693.232893814749,1190.3939740656504,1190.3939740656504,1190.3939740656504,-2883.6268678803995,-2883.6268678803995,-2883.6268678803995,0.0,0.0,0.0,24554.74661320465
570,2010-08-05,26318.161253935577,12439.819968231785,42825.73858148797,26318.161253935577,26318.161253935577,673.2490332948757,673.2490332948757,673.2490332948757,3364.7249293519576,3364.7249293519576,3364.7249293519576,-2691.4758960570816,-2691.4758960570816,-2691.4758960570816,0.0,0.0,0.0,26991.410287230454
571,2010-08-06,26388.34300085176,8103.30717164093,38525.0342783632,26388.34300085176,26388.34300085176,-3452.3743386794613,-3452.3743386794613,-3452.3743386794613,-940.6156865401688,-940.6156865401688,-940.6156865401688,-2511.7586521392927,-2511.7586521392927,-2511.7586521392927,0.0,0.0,0.0,22935.9686621723
572,2010-08-07,26458.524747767948,2954.7940247309193,32669.288879973617,26458.524747767948,26458.524747767948,-8831.315325417743,-8831.315325417743,-8831.315325417743,-6478.46491493472,-6478.46491493472,-6478.46491493472,-2352.850410483025,-2352.850410483025,-2352.850410483025,0.0,0.0,0.0,17627.209422350206
573,2010-08-08,26528.706494684135,8909.486560539775,40835.35153180867,26528.706494684135,26528.706494684135,-2897.116349120564,-2897.116349120564,-2897.116349120564,-674.611518623315,-674.611518623315,-674.611518623315,-2222.504830497249,-2222.504830497249,-2222.504830497249,0.0,0.0,0.0,23631.590145563572
574,2010-08-09,26598.88824160032,12139.743299984373,40686.41219217329,26598.88824160032,26598.88824160032,93.21376186266566,93.21376186266566,93.21376186266566,2220.844984162751,2220.844984162751,2220.844984162751,-2127.6312223000855,-2127.6312223000855,-2127.6312223000855,0.0,0.0,0.0,26692.102003462987
575,2010-08-10,26669.069988516505,11481.521643742955,41631.27025032583,26669.069988516505,26669.069988516505,-756.3658296106327,-756.3658296106327,-756.3658296106327,1317.728232522395,1317.728232522395,1317.728232522395,-2074.094062133028,-2074.094062133028,-2074.094062133028,0.0,0.0,0.0,25912.70415890587
576,2010-08-11,26739.251735432692,10668.0895288445,42301.23026379834,26739.251735432692,26739.251735432692,-876.1464111331117,-876.1464111331117,-876.1464111331117,1190.3939740566916,1190.3939740566916,1190.3939740566916,-2066.540385189803,-2066.540385189803,-2066.540385189803,0.0,0.0,0.0,25863.10532429958
577,2010-08-12,26809.43348234888,12731.703669981565,43051.184475729395,26809.43348234888,26809.43348234888,1256.4649866384414,1256.4649866384414,1256.4649866384414,3364.724929355088,3364.724929355088,3364.724929355088,-2108.259942716647,-2108.259942716647,-2108.259942716647,0.0,0.0,0.0,28065.89846898732
578,2010-08-13,26879.615229265062,8626.853053672707,38515.010731071765,26879.615229265062,26879.615229265062,-3141.6978162718883,-3141.6978162718883,-3141.6978162718883,-940.6156865445591,-940.6156865445591,-940.6156865445591,-2201.0821297273296,-2201.0821297273296,-2201.0821297273296,0.0,0.0,0.0,23737.917412993174
579,2010-08-14,26949.79697618125,3460.121254475208,32293.052518320586,26949.79697618125,26949.79697618125,-8823.777608396282,-8823.777608396282,-8823.777608396282,-6478.4649149328125,-6478.4649149328125,-6478.4649149328125,-2345.3126934634693,-2345.3126934634693,-2345.3126934634693,0.0,0.0,0.0,18126.019367784967
580,2010-08-15,27019.978723097436,8577.26544600447,38711.12535981979,27019.978723097436,27019.978723097436,-3214.3236667290776,-3214.3236667290776,-3214.3236667290776,-674.6115186322521,-674.6115186322521,-674.6115186322521,-2539.7121480968262,-2539.7121480968262,-2539.7121480968262,0.0,0.0,0.0,23805.65505636836
581,2010-08-16,27090.160470013616,10233.211635256032,41120.49741275145,27090.160470013616,27090.160470013616,-560.6716939902517,-560.6716939902517,-560.6716939902517,2220.8449841646716,2220.8449841646716,2220.8449841646716,-2781.5166781549233,-2781.5166781549233,-2781.5166781549233,0.0,0.0,0.0,26529.488776023365
582,2010-08-17,27160.342216929806,10420.244571478504,40464.926254160026,27160.342216929806,27160.342216929806,-1748.7729108614592,-1748.7729108614592,-1748.7729108614592,1317.728232519916,1317.728232519916,1317.728232519916,-3066.501143381375,-3066.501143381375,-3066.501143381375,0.0,0.0,0.0,25411.569306068348
583,2010-08-18,27230.523963845993,10218.598667916021,39628.93927804277,27230.523963845993,27230.523963845993,-2198.688659934373,-2198.688659934373,-2198.688659934373,1190.3939740600085,1190.3939740600085,1190.3939740600085,-3389.082633994381,-3389.082633994381,-3389.082633994381,0.0,0.0,0.0,25031.83530391162
584,2010-08-19,27300.705710762177,11840.068744038157,43805.62384178743,27300.705710762177,27300.705710762177,-377.73697067154427,-377.73697067154427,-377.73697067154427,3364.724929353338,3364.724929353338,3364.724929353338,-3742.4619000248827,-3742.4619000248827,-3742.4619000248827,0.0,0.0,0.0,26922.968740090633
585,2010-08-20,27370.887457678364,5790.474370917959,37641.42770003109,27370.887457678364,27370.887457678364,-5059.41460989188,-5059.41460989188,-5059.41460989188,-940.615686552967,-940.615686552967,-940.615686552967,-4118.7989233389135,-4118.7989233389135,-4118.7989233389135,0.0,0.0,0.0,22311.472847786485
586,2010-08-21,27441.069204594543,378.2673286744147,30909.04585687289,27441.069204594543,27441.069204594543,-10987.882860810605,-10987.882860810605,-10987.882860810605,-6478.464914933501,-6478.464914933501,-6478.464914933501,-4509.417945877102,-4509.417945877102,-4509.417945877102,0.0,0.0,0.0,16453.18634378394
587,2010-08-22,27511.25095151073,6761.335643587461,36999.61249755783,27511.25095151073,27511.25095151073,-5579.647958133216,-5579.647958133216,-5579.647958133216,-674.6115186272056,-674.6115186272056,-674.6115186272056,-4905.0364395060105,-4905.0364395060105,-4905.0364395060105,0.0,0.0,0.0,21931.602993377513
588,2010-08-23,27581.43269842692,9216.253001246514,39979.77509440358,27581.43269842692,27581.43269842692,-3075.166841342312,-3075.166841342312,-3075.166841342312,2220.844984163436,2220.844984163436,2220.844984163436,-5296.011825505748,-5296.011825505748,-5296.011825505748,0.0,0.0,0.0,24506.26585708461
589,2010-08-24,27651.614445343108,8754.079256749446,38474.84812608304,27651.614445343108,27651.614445343108,-4354.87101173241,-4354.87101173241,-4354.87101173241,1317.7282325174367,1317.7282325174367,1317.7282325174367,-5672.599244249846,-5672.599244249846,-5672.599244249846,0.0,0.0,0.0,23296.743433610696
590,2010-08-25,27721.796192259288,7120.678192746222,38243.34001227558,27721.796192259288,27721.796192259288,-4834.8193790252035,-4834.8193790252035,-4834.8193790252035,1190.3939740633248,1190.3939740633248,1190.3939740633248,-6025.2133530885285,-6025.2133530885285,-6025.2133530885285,0.0,0.0,0.0,22886.976813234083
591,2010-08-26,27791.977939175475,10326.727175643275,40555.97290600418,27791.977939175475,27791.977939175475,-2979.9620726878165,-2979.9620726878165,-2979.9620726878165,3364.7249293582286,3364.7249293582286,3364.7249293582286,-6344.687002046045,-6344.687002046045,-6344.687002046045,0.0,0.0,0.0,24812.015866487658
592,2010-08-27,27862.159686091658,4806.797533999614,35548.93681866253,27862.159686091658,27862.159686091658,-7563.135393581184,-7563.135393581184,-7563.135393581184,-940.6156865387322,-940.6156865387322,-940.6156865387322,-6622.519707042453,-6622.519707042453,-6622.519707042453,0.0,0.0,0.0,20299.024292510476
593,2010-08-28,27932.341433007845,-411.4858821464439,29574.494510648325,27932.341433007845,27932.341433007845,-13329.574022269579,-13329.574022269579,-13329.574022269579,-6478.464914938904,-6478.464914938904,-6478.464914938904,-6851.109107330675,-6851.109107330675,-6851.109107330675,0.0,0.0,0.0,14602.767410738266
594,2010-08-29,28002.523179924032,4518.807807596675,34958.193266355476,28002.523179924032,28002.523179924032,-7698.570569341737,-7698.570569341737,-7698.570569341737,-674.6115186221581,-674.6115186221581,-674.6115186221581,-7023.959050719579,-7023.959050719579,-7023.959050719579,0.0,0.0,0.0,20303.952610582295
595,2010-08-30,28072.704926840215,7864.667527672617,38532.43634648164,28072.704926840215,28072.704926840215,-4915.013600355641,-4915.013600355641,-4915.013600355641,2220.8449841641423,2220.8449841641423,2220.8449841641423,-7135.858584519784,-7135.858584519784,-7135.858584519784,0.0,0.0,0.0,23157.691326484575
596,2010-08-31,28142.886673756402,8494.653867893574,37734.86745362831,28142.886673756402,28142.886673756402,-5865.298692127712,-5865.298692127712,-5865.298692127712,1317.7282325186864,1317.7282325186864,1317.7282325186864,-7183.026924646398,-7183.026924646398,-7183.026924646398,0.0,0.0,0.0,22277.58798162869
597,2010-09-01,28213.06842067259,7222.460273097509,39208.66250246389,28213.06842067259,28213.06842067259,-5972.826433857678,-5972.826433857678,-5972.826433857678,1190.3939740557253,1190.3939740557253,1190.3939740557253,-7163.220407913404,-7163.220407913404,-7163.220407913404,0.0,0.0,0.0,22240.24198681491
598,2010-09-02,28283.250167588772,9417.103907787525,39224.930890038595,28283.250167588772,28283.250167588772,-3711.0735480404005,-3711.0735480404005,-3711.0735480404005,3364.7249293564782,3364.7249293564782,3364.7249293564782,-7075.798477396879,-7075.798477396879,-7075.798477396879,0.0,0.0,0.0,24572.176619548372
599,2010-09-03,28353.43191450496,5272.78944394104,35586.84601477521,28353.43191450496,28353.43191450496,-7862.362565318887,-7862.362565318887,-7862.362565318887,-940.6156865471397,-940.6156865471397,-940.6156865471397,-6921.746878771748,-6921.746878771748,-6921.746878771748,0.0,0.0,0.0,20491.069349186073
600,2010-09-04,28423.613661421146,-403.86961032529445,30347.308490349795,28423.613661421146,28423.613661421146,-13182.122340116088,-13182.122340116088,-13182.122340116088,-6478.464914936997,-6478.464914936997,-6478.464914936997,-6703.657425179091,-6703.657425179091,-6703.657425179091,0.0,0.0,0.0,15241.491321305059
601,2010-09-05,28493.795408337326,5320.42541473656,36971.98479051781,28493.795408337326,28493.795408337326,-7100.276405154188,-7100.276405154188,-7100.276405154188,-674.6115186171119,-674.6115186171119,-674.6115186171119,-6425.664886537077,-6425.664886537077,-6425.664886537077,0.0,0.0,0.0,21393.519003183137
602,2010-09-06,28563.977155253517,10771.46758973433,40374.73298996707,28563.977155253517,28563.977155253517,-3872.4977585297324,-3872.4977585297324,-3872.4977585297324,2220.844984162179,2220.844984162179,2220.844984162179,-6093.342742691912,-6093.342742691912,-6093.342742691912,0.0,0.0,0.0,24691.479396723786
603,2010-09-07,28634.158902169704,9057.797341279253,39104.71559656467,28634.158902169704,28634.158902169704,-4395.832442700346,-4395.832442700346,-4395.832442700346,1317.728232516968,1317.728232516968,1317.728232516968,-5713.5606752173135,-5713.5606752173135,-5713.5606752173135,0.0,0.0,0.0,24238.326459469357
604,2010-09-08,28704.34064908589,9020.04321140182,39516.26958612338,28704.34064908589,28704.34064908589,-4103.913754109598,-4103.913754109598,-4103.913754109598,1190.3939740638202,1190.3939740638202,1190.3939740638202,-5294.307728173419,-5294.307728173419,-5294.307728173419,0.0,0.0,0.0,24600.42689497629
605,2010-09-09,28774.522396002074,11344.619823813153,43663.98171819081,28774.522396002074,28774.522396002074,-1479.7610847575847,-1479.7610847575847,-1479.7610847575847,3364.7249293547284,3364.7249293547284,3364.7249293547284,-4844.486014112314,-4844.486014112314,-4844.486014112314,0.0,0.0,0.0,27294.76131124449
606,2010-09-10,28844.70414291825,8119.758193271174,38139.21813544034,28844.70414291825,28844.70414291825,-5314.296338003126,-5314.296338003126,-5314.296338003126,-940.6156865515306,-940.6156865515306,-940.6156865515306,-4373.680651451596,-4373.680651451596,-4373.680651451596,0.0,0.0,0.0,23530.407804915125
607,2010-09-11,28914.885889834444,3625.6795886766117,33721.24078975084,28914.885889834444,28914.885889834444,-10370.377185201198,-10370.377185201198,-10370.377185201198,-6478.464914935328,-6478.464914935328,-6478.464914935328,-3891.9122702658683,-3891.9122702658683,-3891.9122702658683,0.0,0.0,0.0,18544.50870463325
608,2010-09-12,28985.067636750624,9983.78350359069,41998.25651916526,28985.067636750624,28985.067636750624,-4083.990416020925,-4083.990416020925,-4083.990416020925,-674.6115186260483,-674.6115186260483,-674.6115186260483,-3409.3788973948767,-3409.3788973948767,-3409.3788973948767,0.0,0.0,0.0,24901.077220729698
609,2010-09-13,29055.249383666815,13500.792889737493,44480.06057449669,29055.249383666815,29055.249383666815,-715.3493309104049,-715.3493309104049,-715.3493309104049,2220.8449841628862,2220.8449841628862,2220.8449841628862,-2936.1943150732905,-2936.1943150732905,-2936.1943150732905,0.0,0.0,0.0,28339.90005275641
610,2010-09-14,29125.431130582994,11286.076588821079,42941.559374911325,29125.431130582994,29125.431130582994,-1164.4018397280802,-1164.4018397280802,-1164.4018397280802,1317.728232522707,1317.728232522707,1317.728232522707,-2482.1300722507876,-2482.1300722507876,-2482.1300722507876,0.0,0.0,0.0,27961.029290854913
611,2010-09-15,29195.61287749919,12955.844647136631,44036.839702115496,29195.61287749919,29195.61287749919,-865.9742379337647,-865.9742379337647,-865.9742379337647,1190.3939740623587,1190.3939740623587,1190.3939740623587,-2056.3682119961236,-2056.3682119961236,-2056.3682119961236,0.0,0.0,0.0,28329.638639565423
612,2010-09-16,29265.794624415365,15175.981995148893,45951.94373689973,29265.794624415365,29265.794624415365,1697.4534640858922,1697.4534640858922,1697.4534640858922,3364.7249293529785,3364.7249293529785,3364.7249293529785,-1667.2714652670861,-1667.2714652670861,-1667.2714652670861,0.0,0.0,0.0,30963.248088501256
613,2010-09-17,29335.97637133156,12789.683239245656,42460.740015511714,29335.97637133156,29335.97637133156,-2262.792846167456,-2262.792846167456,-2262.792846167456,-940.6156865453293,-940.6156865453293,-940.6156865453293,-1322.177159622127,-1322.177159622127,-1322.177159622127,0.0,0.0,0.0,27073.183525164102
614,2010-09-18,29406.15811824774,6663.725016245495,36947.51371438199,29406.15811824774,29406.15811824774,-7505.685330587585,-7505.685330587585,-7505.685330587585,-6478.464914935778,-6478.464914935778,-6478.464914935778,-1027.2204156518073,-1027.2204156518073,-1027.2204156518073,0.0,0.0,0.0,21900.472787660154
615,2010-09-19,29476.33986516393,12557.745262211296,42917.82927011302,29476.33986516393,29476.33986516393,-1461.8028914769316,-1461.8028914769316,-1461.8028914769316,-674.6115186207709,-674.6115186207709,-674.6115186207709,-787.1913728561609,-787.1913728561609,-787.1913728561609,0.0,0.0,0.0,28014.536973686998
616,2010-09-20,29546.52161208011,15649.533058422378,46553.257124267715,29546.52161208011,29546.52161208011,1615.4147600131669,1615.4147600131669,1615.4147600131669,2220.844984163592,2220.844984163592,2220.844984163592,-605.4302241504248,-605.4302241504248,-605.4302241504248,0.0,0.0,0.0,31161.936372093274
617,2010-09-21,29616.703358996303,15421.023214234148,45576.37930232928,29616.703358996303,29616.703358996303,833.9654612750157,833.9654612750157,833.9654612750157,1317.7282325164995,1317.7282325164995,1317.7282325164995,-483.7627712414838,-483.7627712414838,-483.7627712414838,0.0,0.0,0.0,30450.66882027132
618,2010-09-22,29686.885105912483,15852.387388753425,46788.55991845419,29686.885105912483,29686.885105912483,767.9159020354318,767.9159020354318,767.9159020354318,1190.3939740547596,1190.3939740547596,1190.3939740547596,-422.47807201932756,-422.47807201932756,-422.47807201932756,0.0,0.0,0.0,30454.801007947914
619,2010-09-23,29757.066852828673,16509.137253240573,48045.29129709243,29757.066852828673,29757.066852828673,2944.376361300717,2944.376361300717,2944.376361300717,3364.7249293578684,3364.7249293578684,3364.7249293578684,-420.3485680571524,-420.3485680571524,-420.3485680571524,0.0,0.0,0.0,32701.44321412939
620,2010-09-24,29827.248599744853,12423.290573854905,44753.551535715735,29827.248599744853,29827.248599744853,-1415.307575268135,-1415.307575268135,-1415.307575268135,-940.6156865310949,-940.6156865310949,-940.6156865310949,-474.69188873704064,-474.69188873704064,-474.69188873704064,0.0,0.0,0.0,28411.941024476717
621,2010-09-25,29897.430346661033,8013.308734268052,38617.60671710733,29897.430346661033,29897.430346661033,-7059.937276988814,-7059.937276988814,-7059.937276988814,-6478.464914933871,-6478.464914933871,-6478.464914933871,-581.4723620549431,-581.4723620549431,-581.4723620549431,0.0,0.0,0.0,22837.49306967222
622,2010-09-26,29967.612093577223,12807.06033469054,43520.80137411239,29967.612093577223,29967.612093577223,-1410.05067229404,-1410.05067229404,-1410.05067229404,-674.6115186159549,-674.6115186159549,-674.6115186159549,-735.4391536780852,-735.4391536780852,-735.4391536780852,0.0,0.0,0.0,28557.561421283182
623,2010-09-27,30037.793840493418,16047.366056025281,47390.64110067362,30037.793840493418,30037.793840493418,1290.5480476187647,1290.5480476187647,1290.5480476187647,2220.844984164298,2220.844984164298,2220.844984164298,-930.2969365455331,-930.2969365455331,-930.2969365455331,0.0,0.0,0.0,31328.341888112183
624,2010-09-28,30107.975587409597,14957.622690650469,46578.07447898964,30107.975587409597,30107.975587409597,158.8241406312485,158.8241406312485,158.8241406312485,1317.7282325222386,1317.7282325222386,1317.7282325222386,-1158.90409189099,-1158.90409189099,-1158.90409189099,0.0,0.0,0.0,30266.799728040845
625,2010-09-29,30178.157334325788,14423.650521884241,45848.18141184792,30178.157334325788,30178.157334325788,-223.09871024702136,-223.09871024702136,-223.09871024702136,1190.3939740580756,1190.3939740580756,1190.3939740580756,-1413.4926843050973,-1413.4926843050973,-1413.4926843050973,0.0,0.0,0.0,29955.058624078767
626,2010-09-30,30248.339081241968,16726.821979429682,46180.21659069787,30248.339081241968,30248.339081241968,1678.8210698452333,1678.8210698452333,1678.8210698452333,3364.7249293512377,3364.7249293512377,3364.7249293512377,-1685.9038595060044,-1685.9038595060044,-1685.9038595060044,0.0,0.0,0.0,31927.160151087202
627,2010-10-01,30318.520828158147,11224.099698274398,42629.32387533013,30318.520828158147,30318.520828158147,-2908.447587020173,-2908.447587020173,-2908.447587020173,-940.6156865354856,-940.6156865354856,-940.6156865354856,-1967.8319004846885,-1967.8319004846885,-1967.8319004846885,0.0,0.0,0.0,27410.073241137972
628,2010-10-02,30388.70257507434,6772.323002596555,37244.829907234314,30388.70257507434,30388.70257507434,-8729.5348717601,-8729.5348717601,-8729.5348717601,-6478.464914936678,-6478.464914936678,-6478.464914936678,-2251.069956823419,-2251.069956823419,-2251.069956823419,0.0,0.0,0.0,21659.16770331424
629,2010-10-03,30458.884321990517,11125.778610846366,41604.35386102166,30458.884321990517,30458.884321990517,-3202.36195795172,-3202.36195795172,-3202.36195795172,-674.6115186248913,-674.6115186248913,-674.6115186248913,-2527.7504393268287,-2527.7504393268287,-2527.7504393268287,0.0,0.0,0.0,27256.5223640388
630,2010-10-04,30529.06606890671,14164.959105808684,45228.459231733046,30529.06606890671,30529.06606890671,-569.7282636730714,-569.7282636730714,-569.7282636730714,2220.844984162335,2220.844984162335,2220.844984162335,-2790.573247835406,-2790.573247835406,-2790.573247835406,0.0,0.0,0.0,29959.33780523364
631,2010-10-05,30599.24781582289,13087.026405488212,43830.019661797385,30599.24781582289,30599.24781582289,-1715.2871363295812,-1715.2871363295812,-1715.2871363295812,1317.7282325197596,1317.7282325197596,1317.7282325197596,-3033.0153688493406,-3033.0153688493406,-3033.0153688493406,0.0,0.0,0.0,28883.96067949331
632,2010-10-06,30669.429562739082,12325.134068434783,42969.38893040306,30669.429562739082,30669.429562739082,-2059.1219565597967,-2059.1219565597967,-2059.1219565597967,1190.393974056614,1190.393974056614,1190.393974056614,-3249.5159306164114,-3249.5159306164114,-3249.5159306164114,0.0,0.0,0.0,28610.307606179285
633,2010-10-07,30739.61130965526,15340.678142346627,46320.62139183098,30739.61130965526,30739.61130965526,-70.90659120298437,-70.90659120298437,-70.90659120298437,3364.7249293543687,3364.7249293543687,3364.7249293543687,-3435.631520557353,-3435.631520557353,-3435.631520557353,0.0,0.0,0.0,30668.704718452278
634,2010-10-08,30809.793056571456,10529.171866579172,41075.999312848704,30809.793056571456,30809.793056571456,-4528.773119260737,-4528.773119260737,-4528.773119260737,-940.6156865252675,-940.6156865252675,-940.6156865252675,-3588.1574327354697,-3588.1574327354697,-3588.1574327354697,0.0,0.0,0.0,26281.019937310717
635,2010-10-09,30879.974803487636,5281.503815772398,36500.70099085842,30879.974803487636,30879.974803487636,-10183.67641160916,-10183.67641160916,-10183.67641160916,-6478.464914935009,-6478.464914935009,-6478.464914935009,-3705.2114966741506,-3705.2114966741506,-3705.2114966741506,0.0,0.0,0.0,20696.298391878474
636,2010-10-10,30950.156550403815,10151.97237227691,41423.16865420455,30950.156550403815,30950.156550403815,-4460.88973368858,-4460.88973368858,-4460.88973368858,-674.6115186198448,-674.6115186198448,-674.6115186198448,-3786.2782150687353,-3786.2782150687353,-3786.2782150687353,0.0,0.0,0.0,26489.266816715237
637,2010-10-11,31020.338297320006,12937.52350029417,43583.5534863236,31020.338297320006,31020.338297320006,-1611.3670919254723,-1611.3670919254723,-1611.3670919254723,2220.844984164255,2220.844984164255,2220.844984164255,-3832.2120760897274,-3832.2120760897274,-3832.2120760897274,0.0,0.0,0.0,29408.971205394533
638,2010-10-12,31090.520044236197,14323.28417011644,43998.10042885465,31090.520044236197,31090.520044236197,-2527.471841041288,-2527.471841041288,-2527.471841041288,1317.72823251728,1317.72823251728,1317.72823251728,-3845.2000735585675,-3845.2000735585675,-3845.2000735585675,0.0,0.0,0.0,28563.048203194907
639,2010-10-13,31160.701791152376,12966.593396213924,43968.146278605316,31160.701791152376,31160.701791152376,-2638.2906580705376,-2638.2906580705376,-2638.2906580705376,1190.393974064709,1190.393974064709,1190.393974064709,-3828.6846321352464,-3828.6846321352464,-3828.6846321352464,0.0,0.0,0.0,28522.411133081838
640,2010-10-14,31230.88353806857,15967.923728723163,46321.286332149306,31230.88353806857,31230.88353806857,-422.52433233856226,-422.52433233856226,-422.52433233856226,3364.724929359259,3364.724929359259,3364.724929359259,-3787.2492616978207,-3787.2492616978207,-3787.2492616978207,0.0,0.0,0.0,30808.35920573001
641,2010-10-15,31301.06528498475,11115.460260270194,41509.45498074777,31301.06528498475,31301.06528498475,-4667.086009963212,-4667.086009963212,-4667.086009963212,-940.6156865336748,-940.6156865336748,-940.6156865336748,-3726.4703234295366,-3726.4703234295366,-3726.4703234295366,0.0,0.0,0.0,26633.97927502154
642,2010-10-16,31371.24703190093,4966.326597069439,36117.92943904046,31371.24703190093,31371.24703190093,-10131.204164783265,-10131.204164783265,-10131.204164783265,-6478.464914935459,-6478.464914935459,-6478.464914935459,-3652.739249847808,-3652.739249847808,-3652.739249847808,0.0,0.0,0.0,21240.042867117663
643,2010-10-17,31441.42877881712,11538.166940487874,42062.934490969776,31441.42877881712,31441.42877881712,-4247.671913670195,-4247.671913670195,-4247.671913670195,-674.6115186150286,-674.6115186150286,-674.6115186150286,-3573.060395055167,-3573.060395055167,-3573.060395055167,0.0,0.0,0.0,27193.756865146926
644,2010-10-18,31511.610525733315,14384.32390083112,44291.17605290478,31511.610525733315,31511.610525733315,-1273.9853923495089,-1273.9853923495089,-1273.9853923495089,2220.84498416302,2220.84498416302,2220.84498416302,-3494.8303765125293,-3494.8303765125293,-3494.8303765125293,0.0,0.0,0.0,30237.625133383804
645,2010-10-19,31581.792272649494,14050.620354322973,44325.86532134705,31581.792272649494,31581.792272649494,-2107.877053948994,-2107.877053948994,-2107.877053948994,1317.7282325192898,1317.7282325192898,1317.7282325192898,-3425.6052864682842,-3425.6052864682842,-3425.6052864682842,0.0,0.0,0.0,29473.915218700502
646,2010-10-20,31651.974019565674,13225.63982715561,44813.592511639756,31651.974019565674,31651.974019565674,-2182.4685115512243,-2182.4685115512243,-2182.4685115512243,1190.3939740571095,1190.3939740571095,1190.3939740571095,-3372.862485608334,-3372.862485608334,-3372.862485608334,0.0,0.0,0.0,29469.50550801445
647,2010-10-21,31722.155766481865,17382.690653328256,47644.806792233554,31722.155766481865,31722.155766481865,20.96109497018404,20.96109497018404,20.96109497018404,3364.7249293575082,3364.7249293575082,3364.7249293575082,-3343.763834387325,-3343.763834387325,-3343.763834387325,0.0,0.0,0.0,31743.11686145205
648,2010-10-22,31792.337513398044,12688.313270549606,42640.3836386158,31792.337513398044,31792.337513398044,-4285.542851923365,-4285.542851923365,-4285.542851923365,-940.6156865380657,-940.6156865380657,-940.6156865380657,-3344.927165385299,-3344.927165385299,-3344.927165385299,0.0,0.0,0.0,27506.79466147468
649,2010-10-23,31862.519260314235,7107.853189992659,37334.086973077036,31862.519260314235,31862.519260314235,-9860.677469710889,-9860.677469710889,-9860.677469710889,-6478.464914935909,-6478.464914935909,-6478.464914935909,-3382.212554774978,-3382.212554774978,-3382.212554774978,0.0,0.0,0.0,22001.841790603346
650,2010-10-24,31932.701007230415,12765.050096241866,42573.666016040035,31932.701007230415,31932.701007230415,-4135.141038740215,-4135.141038740215,-4135.141038740215,-674.6115186097513,-674.6115186097513,-674.6115186097513,-3460.529520130463,-3460.529520130463,-3460.529520130463,0.0,0.0,0.0,27797.5599684902
651,2010-10-25,32002.88275414661,14999.76515245437,46730.41411410192,32002.88275414661,32002.88275414661,-1362.8256838810123,-1362.8256838810123,-1362.8256838810123,2220.84498416494,2220.84498416494,2220.84498416494,-3583.6706680459524,-3583.6706680459524,-3583.6706680459524,0.0,0.0,0.0,30640.057070265597
652,2010-10-26,32073.06450106279,14027.665796922678,44808.36337283095,32073.06450106279,32073.06450106279,-2436.4483234855684,-2436.4483234855684,-2436.4483234855684,1317.7282325205404,1317.7282325205404,1317.7282325205404,-3754.1765560061085,-3754.1765560061085,-3754.1765560061085,0.0,0.0,0.0,29636.61617757722
653,2010-10-27,32143.24624797898,13745.119463145566,45294.884915185045,32143.24624797898,32143.24624797898,-2782.84166655798,-2782.84166655798,-2782.84166655798,1190.3939740604264,1190.3939740604264,1190.3939740604264,-3973.235640618406,-3973.235640618406,-3973.235640618406,0.0,0.0,0.0,29360.404581421
654,2010-10-28,32213.42799489516,15982.112766664706,46909.54119848584,32213.42799489516,32213.42799489516,-875.8972550699773,-875.8972550699773,-875.8972550699773,3364.7249293575187,3364.7249293575187,3364.7249293575187,-4240.622184427495,-4240.622184427495,-4240.622184427495,0.0,0.0,0.0,31337.530739825183
655,2010-10-29,32283.609741811353,11832.272801339574,41432.60481319943,32283.609741811353,32283.609741811353,-5495.28960132697,-5495.28960132697,-5495.28960132697,-940.615686546473,-940.615686546473,-940.615686546473,-4554.673914780497,-4554.673914780497,-4554.673914780497,0.0,0.0,0.0,26788.320140484382
656,2010-10-30,32353.79148872753,5889.582087605671,36452.80584724503,32353.79148872753,32353.79148872753,-11390.775016376412,-11390.775016376412,-11390.775016376412,-6478.464914936598,-6478.464914936598,-6478.464914936598,-4912.310101439815,-4912.310101439815,-4912.310101439815,0.0,0.0,0.0,20963.01647235112
657,2010-10-31,32423.97323564371,10418.85663042621,41163.16727053172,32423.97323564371,32423.97323564371,-5983.701095659659,-5983.701095659659,-5983.701095659659,-674.6115186186875,-674.6115186186875,-674.6115186186875,-5309.089577040971,-5309.089577040971,-5309.089577040971,0.0,0.0,0.0,26440.272139984052
658,2010-11-01,32494.154982559903,13002.505805896251,43565.709734278,32494.154982559903,32494.154982559903,-3518.4621143290437,-3518.4621143290437,-3518.4621143290437,2220.844984163705,2220.844984163705,2220.844984163705,-5739.307098492749,-5739.307098492749,-5739.307098492749,0.0,0.0,0.0,28975.69286823086
659,2010-11-02,32564.336729476094,11926.015900589724,43362.96905399392,32564.336729476094,32564.336729476094,-4878.3971374544435,-4878.3971374544435,-4878.3971374544435,1317.7282325180608,1317.7282325180608,1317.7282325180608,-6196.125369972505,-6196.125369972505,-6196.125369972505,0.0,0.0,0.0,27685.93959202165
660,2010-11-03,32634.518476392273,11270.493106837417,42337.373901268176,32634.518476392273,32634.518476392273,-5481.345075586219,-5481.345075586219,-5481.345075586219,1190.3939740637434,1190.3939740637434,1190.3939740637434,-6671.739049649961,-6671.739049649961,-6671.739049649961,0.0,0.0,0.0,27153.173400806056
661,2010-11-04,32704.700223308453,13418.769955472453,43399.61156893452,32704.700223308453,32704.700223308453,-3792.84124150556,-3792.84124150556,-3792.84124150556,3364.7249293526475,3364.7249293526475,3364.7249293526475,-7157.566170858207,-7157.566170858207,-7157.566170858207,0.0,0.0,0.0,28911.858981802892
662,2010-11-05,32774.88197022465,7852.541407519601,38917.919326866315,32774.88197022465,32774.88197022465,-8585.077335414691,-8585.077335414691,-8585.077335414691,-940.6156865322388,-940.6156865322388,-940.6156865322388,-7644.461648882452,-7644.461648882452,-7644.461648882452,0.0,0.0,0.0,24189.804634809956
663,2010-11-06,32845.06371714082,3963.6576289585955,33592.071166656264,32845.06371714082,32845.06371714082,-14601.411852996425,-14601.411852996425,-14601.411852996425,-6478.464914934691,-6478.464914934691,-6478.464914934691,-8122.9469380617375,-8122.9469380617375,-8122.9469380617375,0.0,0.0,0.0,18243.651864144398
664,2010-11-07,32915.245464057014,9074.468280646632,39477.403062713194,32915.245464057014,32915.245464057014,-9258.06098578913,-9258.06098578913,-9258.06098578913,-674.6115186271629,-674.6115186271629,-674.6115186271629,-8583.449467161967,-8583.449467161967,-8583.449467161967,0.0,0.0,0.0,23657.18447826788
665,2010-11-08,32985.42721097321,9999.723570398033,41689.658681682115,32985.42721097321,32985.42721097321,-6795.70024136729,-6795.70024136729,-6795.70024136729,2220.8449841624692,2220.8449841624692,2220.8449841624692,-9016.54522552976,-9016.54522552976,-9016.54522552976,0.0,0.0,0.0,26189.726969605923
666,2010-11-09,33055.60895788939,10168.972108958887,40381.40514793802,33055.60895788939,33055.60895788939,-8095.469572662829,-8095.469572662829,-8095.469572662829,1317.728232519311,1317.728232519311,1317.728232519311,-9413.197805182139,-9413.197805182139,-9413.197805182139,0.0,0.0,0.0,24960.13938522656
667,2010-11-10,33125.79070480557,8561.37630694576,40394.97513133663,33125.79070480557,33125.79070480557,-8574.593351603735,-8574.593351603735,-8574.593351603735,1190.3939740609217,1190.3939740609217,1190.3939740609217,-9764.987325664659,-9764.987325664659,-9764.987325664659,0.0,0.0,0.0,24551.19735320184
668,2010-11-11,33195.97245172176,11769.39429495852,42206.968169173546,33195.97245172176,33195.97245172176,-6699.598045721559,-6699.598045721559,-6699.598045721559,3364.724929355778,3364.724929355778,3364.724929355778,-10064.322975077337,-10064.322975077337,-10064.322975077337,0.0,0.0,0.0,26496.374406000203
669,2010-11-12,33266.15419863794,6744.350683569798,36687.67434554301,33266.15419863794,33266.15419863794,-11245.249069148747,-11245.249069148747,-11245.249069148747,-940.6156865406454,-940.6156865406454,-940.6156865406454,-10304.633382608103,-10304.633382608103,-10304.633382608103,0.0,0.0,0.0,22020.90512948919
670,2010-11-13,33336.335945554136,1738.6036693705928,32322.06021495612,33336.335945554136,33336.335945554136,-16958.9945957178,-16958.9945957178,-16958.9945957178,-6478.46491493514,-6478.46491493514,-6478.46491493514,-10480.529680782663,-10480.529680782663,-10480.529680782663,0.0,0.0,0.0,16377.341349836337
671,2010-11-14,33406.51769247031,7033.192102067539,38139.382196980114,33406.51769247031,33406.51769247031,-11262.54841908245,-11262.54841908245,-11262.54841908245,-674.6115186223469,-674.6115186223469,-674.6115186223469,-10587.936900460101,-10587.936900460101,-10587.936900460101,0.0,0.0,0.0,22143.969273387862
672,2010-11-15,33476.699439386495,10409.24015905366,40345.83453936646,33476.699439386495,33476.699439386495,-8403.34526125025,-8403.34526125025,-8403.34526125025,2220.8449841643896,2220.8449841643896,2220.8449841643896,-10624.19024541464,-10624.19024541464,-10624.19024541464,0.0,0.0,0.0,25073.354178136244
673,2010-11-16,33546.881186302686,9014.108314652352,39918.851067056916,33546.881186302686,33546.881186302686,-9270.365557427727,-9270.365557427727,-9270.365557427727,1317.7282325175918,1317.7282325175918,1317.7282325175918,-10588.09378994532,-10588.09378994532,-10588.09378994532,0.0,0.0,0.0,24276.515628874957
674,2010-11-17,33617.06293321886,10116.806133114613,39684.72051353342,33616.836742733,33617.06293321886,-9289.546229520998,-9289.546229520998,-9289.546229520998,1190.3939740594606,1190.3939740594606,1190.3939740594606,-10479.940203580456,-10479.940203580456,-10479.940203580456,0.0,0.0,0.0,24327.516703697864
675,2010-11-18,33687.24468013505,11820.58438106333,41930.5275653499,33686.66878448872,33687.4248592728,-6936.766271790106,-6936.766271790106,-6936.766271790106,3364.724929354028,3364.724929354028,3364.724929354028,-10301.491201144134,-10301.491201144134,-10301.491201144134,0.0,0.0,0.0,26750.47840834495
676,2010-11-19,33757.42642705125,7862.452259446731,39540.330810420244,33756.46890720735,33757.84918288227,-10996.53519952418,-10996.53519952418,-10996.53519952418,-940.6156865490533,-940.6156865490533,-940.6156865490533,-10055.919512975126,-10055.919512975126,-10055.919512975126,0.0,0.0,0.0,22760.89122752707
677,2010-11-20,33827.60817396743,3109.202791767848,33503.557669768576,33826.26076507164,33828.50431880474,-16226.17915270512,-16226.17915270512,-16226.17915270512,-6478.464914933233,-6478.464914933233,-6478.464914933233,-9747.714237771883,-9747.714237771883,-9747.714237771883,0.0,0.0,0.0,17601.42902126231
678,2010-11-21,33897.78992088362,9089.816471815966,38374.28275003206,33895.89995144593,33899.308286914835,-10057.163967838409,-10057.163967838409,-10057.163967838409,-674.6115186310527,-674.6115186310527,-674.6115186310527,-9382.552449207356,-9382.552449207356,-9382.552449207356,0.0,0.0,0.0,23840.625953045208
679,2010-11-22,33967.9716677998,12239.063790253571,43081.653915356415,33965.41480145379,33969.954465411996,-6746.29586459301,-6746.29586459301,-6746.29586459301,2220.8449841631536,2220.8449841631536,2220.8449841631536,-8967.140848756164,-8967.140848756164,-8967.140848756164,0.0,0.0,0.0,27221.67580320679
680,2010-11-23,34038.15341471599,11820.234233559731,42223.393026549944,34034.886345081744,34040.67131871906,-7191.303832919473,-7191.303832919473,-7191.303832919473,1317.7282325188417,1317.7282325188417,1317.7282325188417,-8509.032065438316,-8509.032065438316,-8509.032065438316,0.0,0.0,0.0,26846.849581796516
681,2010-11-24,34108.335161632174,11815.342048549464,42333.970510986815,34104.39039707899,34111.516842146215,-6826.02690200084,-6826.02690200084,-6826.02690200084,1190.3939740614173,1190.3939740614173,1190.3939740614173,-8016.420876062256,-8016.420876062256,-8016.420876062256,0.0,0.0,0.0,27282.308259631332
682,2010-11-25,34178.51690854835,14995.26003789595,46394.29666506867,34173.87765422862,34182.33176271838,-4133.201209389879,-4133.201209389879,-4133.201209389879,3364.7249293571585,3364.7249293571585,3364.7249293571585,-7497.926138747038,-7497.926138747038,-7497.926138747038,0.0,0.0,0.0,30045.31569915847
683,2010-11-26,34248.69865546454,11067.946905737419,41855.29841833987,34243.260524677695,34253.569007214566,-7902.980270762206,-7902.980270762206,-7902.980270762206,-940.6156865348185,-940.6156865348185,-940.6156865348185,-6962.364584227387,-6962.364584227387,-6962.364584227387,0.0,0.0,0.0,26345.718384702333
684,2010-11-27,34318.880402380724,5880.22651922378,36983.459891285805,34312.59350086145,34324.57925589667,-12896.987699549605,-12896.987699549605,-12896.987699549605,-6478.4649149362795,-6478.4649149362795,-6478.4649149362795,-6418.522784613326,-6418.522784613326,-6418.522784613326,0.0,0.0,0.0,21421.89270283112
685,2010-11-28,34389.062149296915,11884.040317873914,42787.58976471668,34381.950205128065,34395.51569926566,-6549.545132909638,-6549.545132909638,-6549.545132909638,-674.6115186260064,-674.6115186260064,-674.6115186260064,-5874.933614283631,-5874.933614283631,-5874.933614283631,0.0,0.0,0.0,27839.517016387275
686,2010-11-29,34459.24389621309,16996.83889918973,47663.90576096386,34450.745678707426,34466.35377727878,-3118.8183494071495,-3118.8183494071495,-3118.8183494071495,2220.8449841638603,2220.8449841638603,2220.8449841638603,-5339.663333571009,-5339.663333571009,-5339.663333571009,0.0,0.0,0.0,31340.425546805942
687,2010-11-30,34529.425643129274,16932.882167226413,46498.914668426536,34519.84139490449,34537.30068994882,-3502.386836930251,-3502.386836930251,-3502.386836930251,1317.7282325200913,1317.7282325200913,1317.7282325200913,-4820.115069450342,-4820.115069450342,-4820.115069450342,0.0,0.0,0.0,31027.038806199023
688,2010-12-01,34599.607390045465,16299.42575636977,47147.310389637925,34589.023076649864,34608.08062598017,-3132.459975850912,-3132.459975850912,-3132.459975850912,1190.3939740538183,1190.3939740538183,1190.3939740538183,-4322.85394990473,-4322.85394990473,-4322.85394990473,0.0,0.0,0.0,31467.14741419455
689,2010-12-02,34669.789136961655,19329.871130987638,49233.626437197345,34658.363467497766,34679.16722575869,-488.73355662622845,-488.73355662622845,-488.73355662622845,3364.724929357168,3364.724929357168,3364.724929357168,-3853.458485983396,-3853.458485983396,-3853.458485983396,0.0,0.0,0.0,34181.05558033543
690,2010-12-03,34739.97088387784,14987.129436051355,44983.306771817486,34727.86309633711,34750.296381351356,-4357.017694327529,-4357.017694327529,-4357.017694327529,-940.6156865432259,-940.6156865432259,-940.6156865432259,-3416.402007784303,-3416.402007784303,-3416.402007784303,0.0,0.0,0.0,30382.95318955031
691,2010-12-04,34810.15263079403,10671.182528468735,40042.38601652716,34797.136018482284,34821.32575353488,-9493.431986032814,-9493.431986032814,-9493.431986032814,-6478.464914934371,-6478.464914934371,-6478.464914934371,-3014.967071098442,-3014.967071098442,-3014.967071098442,0.0,0.0,0.0,25316.720644761215
692,2010-12-05,34880.334377710205,15579.636157032004,46549.5643809874,34866.205627359755,34892.39592389565,-3325.8063052493962,-3325.8063052493962,-3325.8063052493962,-674.6115186209595,-674.6115186209595,-674.6115186209595,-2651.1947866284363,-2651.1947866284363,-2651.1947866284363,0.0,0.0,0.0,31554.52807246081
693,2010-12-06,34950.5161246264,19978.719758141462,51088.02990801312,34935.447269999066,34963.22396695227,-105.02502746644122,-105.02502746644122,-105.02502746644122,2220.8449841626248,2220.8449841626248,2220.8449841626248,-2325.870011629066,-2325.870011629066,-2325.870011629066,0.0,0.0,0.0,34845.49109715996
694,2010-12-07,35020.69787154258,19508.010546230216,49618.944029453225,35004.59179632708,35034.17079151328,-720.8140815098247,-720.8140815098247,-720.8140815098247,1317.7282325183728,1317.7282325183728,1317.7282325183728,-2038.5423140281976,-2038.5423140281976,-2038.5423140281976,0.0,0.0,0.0,34299.883790032756
695,2010-12-08,35090.87961845877,19048.370284185916,49334.67987074346,35073.33296872003,35105.319199233585,-597.1876271797015,-597.1876271797015,-597.1876271797015,1190.393974061913,1190.393974061913,1190.393974061913,-1787.5816012416142,-1787.5816012416142,-1787.5816012416142,0.0,0.0,0.0,34493.69199127907
696,2010-12-09,35161.06136537495,22836.74626232003,51549.92633501883,35142.40941080113,35176.5311603638,1794.4586001588825,1794.4586001588825,1794.4586001588825,3364.724929355418,3364.724929355418,3364.724929355418,-1570.2663291965357,-1570.2663291965357,-1570.2663291965357,0.0,0.0,0.0,36955.51996553384
697,2010-12-10,35231.24311229113,17282.3343896614,47894.001442200846,35211.79372023698,35247.605370071564,-2323.5169858422373,-2323.5169858422373,-2323.5169858422373,-940.6156865476169,-940.6156865476169,-940.6156865476169,-1382.9012992946205,-1382.9012992946205,-1382.9012992946205,0.0,0.0,0.0,32907.72612644889
698,2010-12-11,35301.42485920733,12330.529179019331,42306.221504836954,35280.284428388826,35318.97755274432,-7699.426152699756,-7699.426152699756,-7699.426152699756,-6478.464914937417,-6478.464914937417,-6478.464914937417,-1220.961237762339,-1220.961237762339,-1220.961237762339,0.0,0.0,0.0,27601.99870650757
699,2010-12-12,35371.6066061235,19633.88868373081,49193.102702225966,35349.46804515948,35390.28062390891,-1753.8671744088672,-1753.8671744088672,-1753.8671744088672,-674.6115186298963,-674.6115186298963,-674.6115186298963,-1079.2556557789705,-1079.2556557789705,-1079.2556557789705,0.0,0.0,0.0,33617.73943171464
700,2010-12-13,35441.788353039694,21401.37225381162,51854.53092322343,35417.985865308736,35462.21321448864,1268.7350551424518,1268.7350551424518,1268.7350551424518,2220.8449841626034,2220.8449841626034,2220.8449841626034,-952.109929020152,-952.109929020152,-952.109929020152,0.0,0.0,0.0,36710.52340818215
701,2010-12-14,35511.97009995588,20232.74077171063,50582.26870639199,35487.08694940093,35533.737817929104,484.1711056293799,484.1711056293799,484.1711056293799,1317.7282325196225,1317.7282325196225,1317.7282325196225,-833.5571268902427,-833.5571268902427,-833.5571268902427,0.0,0.0,0.0,35996.141205585256
702,2010-12-15,35582.15184687205,20749.674956871924,51537.83671103128,35555.129284104194,35604.81382719851,472.8590987874341,472.8590987874341,472.8590987874341,1190.393974060451,1190.393974060451,1190.393974060451,-717.5348752730172,-717.5348752730172,-717.5348752730172,0.0,0.0,0.0,36055.01094565949
703,2010-12-16,35652.33359378826,22509.83855732479,53109.50934111667,35623.52744419883,35676.19745006879,2766.6434714705915,2766.6434714705915,2766.6434714705915,3364.724929353668,3364.724929353668,3364.724929353668,-598.0814578830765,-598.0814578830765,-598.0814578830765,0.0,0.0,0.0,38418.97706525885
704,2010-12-17,35722.51534070444,19674.467129187844,51095.38426533817,35692.69773301458,35748.41269248269,-1410.141137679535,-1410.141137679535,-1410.141137679535,-940.6156865560237,-940.6156865560237,-940.6156865560237,-469.52545112351146,-469.52545112351146,-469.52545112351146,0.0,0.0,0.0,34312.374203024905
705,2010-12-18,35792.69708762063,12967.050652370017,44198.69059543142,35761.689909930974,35820.078270940045,-6805.128356643474,-6805.128356643474,-6805.128356643474,-6478.464914935749,-6478.464914935749,-6478.464914935749,-326.66344170772436,-326.66344170772436,-326.66344170772436,0.0,0.0,0.0,28987.56873097716
706,2010-12-19,35862.87883453681,19718.00096385814,50291.18039826153,35830.6202253399,35891.43324372067,-839.5323050057691,-839.5323050057691,-839.5323050057691,-674.6115186246184,-674.6115186246184,-674.6115186246184,-164.92078638115055,-164.92078638115055,-164.92078638115055,0.0,0.0,0.0,35023.34652953104
707,2010-12-20,35933.06058145299,22347.913472901553,53504.935060916556,35899.20996958466,35963.08644624729,2240.3540585146625,2240.3540585146625,2240.3540585146625,2220.8449841633096,2220.8449841633096,2220.8449841633096,19.50907435135327,19.50907435135327,19.50907435135327,0.0,0.0,0.0,38173.414639967654
708,2010-12-21,36003.24232836918,21631.061186962954,52385.2476474677,35967.538299446984,36034.85365449423,1547.2787913652567,1547.2787913652567,1547.2787913652567,1317.728232517904,1317.728232517904,1317.728232517904,229.55055884735293,229.55055884735293,229.55055884735293,0.0,0.0,0.0,37550.52111973444
709,2010-12-22,36073.42407528536,22997.680992513226,52054.13831421847,36036.55226378041,36107.19558455248,1657.5541456529227,1657.5541456529227,1657.5541456529227,1190.393974063768,1190.393974063768,1190.393974063768,467.1601715891548,467.1601715891548,467.1601715891548,0.0,0.0,0.0,37730.97822093828
710,2010-12-23,36143.605822201556,24899.91135975886,55581.82540532028,36105.661716191804,36180.31122887241,4097.996110000225,4097.996110000225,4097.996110000225,3364.7249293585583,3364.7249293585583,3364.7249293585583,733.2711806416664,733.2711806416664,733.2711806416664,0.0,0.0,0.0,40241.60193220178
711,2010-12-24,36213.78756911773,22172.245216172872,52599.146024496215,36173.83445716412,36252.38157368654,87.15430689396662,87.15430689396662,87.15430689396662,-940.615686545806,-940.615686545806,-940.615686545806,1027.7699934397729,1027.7699934397729,1027.7699934397729,0.0,0.0,0.0,36300.9418760117
712,2010-12-25,36283.969316033916,16480.43490879119,46256.03329606914,36242.57654761117,36323.815563168006,-5128.96038083595,-5128.96038083595,-5128.96038083595,-6478.464914933842,-6478.464914933842,-6478.464914933842,1349.5045340978932,1349.5045340978932,1349.5045340978932,0.0,0.0,0.0,31155.008935197966
713,2010-12-26,36354.151062950106,20621.358197904236,52853.7301805844,36310.611500075756,36395.17053515289,1021.7124623731967,1021.7124623731967,1021.7124623731967,-674.6115186198028,-674.6115186198028,-674.6115186198028,1696.3239809929992,1696.3239809929992,1696.3239809929992,0.0,0.0,0.0,37375.8635253233
714,2010-12-27,36424.33280986628,25164.588193761174,55448.642638473015,36378.7472304652,36467.03074590043,4285.993291141687,4285.993291141687,4285.993291141687,2220.8449841640163,2220.8449841640163,2220.8449841640163,2065.1483069776705,2065.1483069776705,2065.1483069776705,0.0,0.0,0.0,40710.32610100797
715,2010-12-28,36494.51455678248,24597.4730478496,57296.6667699938,36447.16380513303,36538.60677175638,3769.7934354626896,3769.7934354626896,3769.7934354626896,1317.7282325236426,1317.7282325236426,1317.7282325236426,2452.0652029390462,2452.0652029390462,2452.0652029390462,0.0,0.0,0.0,40264.30799224517
716,2010-12-29,36564.696303698656,24633.882494801208,56276.89262015879,36514.58383052788,36610.27485435583,4042.845157382822,4042.845157382822,4042.845157382822,1190.3939740561684,1190.3939740561684,1190.3939740561684,2852.4511833266533,2852.4511833266533,2852.4511833266533,0.0,0.0,0.0,40607.54146108148
717,2010-12-30,36634.87805061485,28422.073407422817,59166.13520450173,36582.81427496286,36682.53320807571,6625.83792132502,6625.83792132502,6625.83792132502,3364.724929351927,3364.724929351927,3364.724929351927,3261.112991973092,3261.112991973092,3261.112991973092,0.0,0.0,0.0,43260.71597193987
718,2010-12-31,36705.05979753104,24010.67703965744,55457.88175228975,36651.31227116142,36754.15160525042,2731.8291807582946,2731.8291807582946,2731.8291807582946,-940.6156865501968,-940.6156865501968,-940.6156865501968,3672.444867308491,3672.444867308491,3672.444867308491,0.0,0.0,0.0,39436.88897828933
719,2011-01-01,36775.24154444722,19473.370585780667,50592.620888710895,36719.8054845345,36826.45592408058,-2397.868111802094,-2397.868111802094,-2397.868111802094,-6478.46491493665,-6478.46491493665,-6478.46491493665,4080.5968031345546,4080.5968031345546,4080.5968031345546,0.0,0.0,0.0,34377.37343264512
720,2011-01-02,36845.42329136341,25630.820953204773,55694.292295000785,36788.24141651505,36898.18148931702,3805.037147390665,3805.037147390665,3805.037147390665,-674.6115186147555,-674.6115186147555,-674.6115186147555,4479.648666005421,4479.648666005421,4479.648666005421,0.0,0.0,0.0,40650.460438754075
721,2011-01-03,36915.605038279595,28575.96858852129,58865.97288686619,36856.786848031035,36970.280005500455,7084.6298938210075,7084.6298938210075,7084.6298938210075,2220.844984162053,2220.844984162053,2220.844984162053,4863.784909658953,4863.784909658953,4863.784909658953,0.0,0.0,0.0,44000.234932100604
722,2011-01-04,36985.78678519577,27212.135753634127,58595.629413907096,36925.19301373663,37042.07100345947,6545.192895731633,6545.192895731633,6545.192895731633,1317.7282325211636,1317.7282325211636,1317.7282325211636,5227.4646632104705,5227.4646632104705,5227.4646632104705,0.0,0.0,0.0,43530.979680927405
723,2011-01-05,37055.96853211196,28093.55797204,58793.725715024,36993.38020729014,37114.2750081758,6755.976134570993,6755.976134570993,6755.976134570993,1190.3939740547066,1190.3939740547066,1190.3939740547066,5565.582160516288,5565.582160516288,5565.582160516288,0.0,0.0,0.0,43811.94466668295
724,2011-01-06,37126.150279028145,31075.041845432635,62390.7540885821,37061.7539880025,37186.245589870385,9238.337745681258,9238.337745681258,9238.337745681258,3364.7249293550576,3364.7249293550576,3364.7249293550576,5873.612816326199,5873.612816326199,5873.612816326199,0.0,0.0,0.0,46364.488024709404
725,2011-01-07,37196.332025944335,27739.288428249234,58329.02308876281,37129.38638398639,37258.80351464312,5207.125042850451,5207.125042850451,5207.125042850451,-940.6156865359624,-940.6156865359624,-940.6156865359624,6147.7407293864135,6147.7407293864135,6147.7407293864135,0.0,0.0,0.0,42403.457068794785
726,2011-01-08,37266.51377286051,22184.194526436426,52706.77815445349,37197.84492100165,37330.56428208559,-93.50092671676478,-93.50092671676478,-93.50092671676478,-6478.464914934981,-6478.464914934981,-6478.464914934981,6384.9639882182155,6384.9639882182155,6384.9639882182155,0.0,0.0,0.0,37173.01284614375
727,2011-01-09,37336.695519776695,27679.852127922135,59062.80204413419,37266.39996847627,37402.10723293277,5908.563334739867,5908.563334739867,5908.563334739867,-674.6115186236924,-674.6115186236924,-674.6115186236924,6583.17485336356,6583.17485336356,6583.17485336356,0.0,0.0,0.0,43245.25885451656
728,2011-01-10,37406.877266692885,31413.110484476285,62144.49414249346,37334.51073685225,37473.82245521849,8962.057652988702,8962.057652988702,8962.057652988702,2220.8449841647002,2220.8449841647002,2220.8449841647002,6741.212668824001,6741.212668824001,6741.212668824001,0.0,0.0,0.0,46368.93491968159
729,2011-01-11,37477.05901360907,31332.296980665174,61014.22394976578,37402.20136420433,37545.61079633682,8176.616423943578,8176.616423943578,8176.616423943578,1317.7282325186845,1317.7282325186845,1317.7282325186845,6858.888191424896,6858.888191424896,6858.888191424896,0.0,0.0,0.0,45653.67543755265
730,2011-01-12,37547.24076052526,30200.037981435693,60069.16104572716,37470.46829776862,37617.739159586105,8127.372868692763,8127.372868692763,8127.372868692763,1190.3939740628016,1190.3939740628016,1190.3939740628016,6936.97889462996,6936.97889462996,6936.97889462996,0.0,0.0,0.0,45674.61362921802
731,2011-01-13,37617.42250744145,32079.650594962746,62945.781337976034,37539.27952489356,37690.83788569632,10341.920606161608,10341.920606161608,10341.920606161608,3364.724929353308,3364.724929353308,3364.724929353308,6977.195676808299,6977.195676808299,6977.195676808299,0.0,0.0,0.0,47959.343113603056
732,2011-01-14,37687.60425435763,27952.875030761494,59558.375146251885,37606.82702127319,37763.52164791526,6041.506570515569,6041.506570515569,6041.506570515569,-940.6156865297614,-940.6156865297614,-940.6156865297614,6982.12225704533,6982.12225704533,6982.12225704533,0.0,0.0,0.0,43729.110824873205
733,2011-01-15,37757.786001273824,23839.05536913505,53817.62217935454,37674.8395715885,37835.75828702907,476.6644341172176,476.6644341172176,476.6644341172176,-6478.46491493543,-6478.46491493543,-6478.46491493543,6955.129349052648,6955.129349052648,6955.129349052648,0.0,0.0,0.0,38234.45043539104
734,2011-01-16,37827.96774819,28640.04303742776,58684.53927453257,37742.3745971768,37908.17399959789,6225.654923134663,6225.654923134663,6225.654923134663,-674.6115186188762,-674.6115186188762,-674.6115186188762,6900.266441753538,6900.266441753538,6900.266441753538,0.0,0.0,0.0,44053.622671324665
735,2011-01-17,37898.14949510619,31413.53608629427,62467.81823954796,37809.73837049601,37979.99656316186,9042.979646457641,9042.979646457641,9042.979646457641,2220.8449841634656,2220.8449841634656,2220.8449841634656,6822.134662294175,6822.134662294175,6822.134662294175,0.0,0.0,0.0,46941.12914156383
736,2011-01-18,37968.331242022374,29760.498896862446,61900.310845251544,37876.687640741635,38052.893292426015,8043.472967328126,8043.472967328126,8043.472967328126,1317.7282325162053,1317.7282325162053,1317.7282325162053,6725.744734811919,6725.744734811919,6725.744734811919,0.0,0.0,0.0,46011.8042093505
737,2011-01-19,38038.51298893855,31334.56711814896,60963.965350056285,37944.33432018274,38125.507039255834,7806.758435090801,7806.758435090801,7806.758435090801,1190.393974055203,1190.393974055203,1190.393974055203,6616.364461035599,6616.364461035599,6616.364461035599,0.0,0.0,0.0,45845.27142402935
738,2011-01-20,38108.69473585475,33278.64791525767,62668.392717930874,38012.3811611984,38197.71732502669,9864.085354718496,9864.085354718496,9864.085354718496,3364.724929358199,3364.724929358199,3364.724929358199,6499.360425360298,6499.360425360298,6499.360425360298,0.0,0.0,0.0,47972.780090573244
739,2011-01-21,38178.876482770924,27950.755695944124,59450.82540169896,38079.48003186162,38270.60680052212,5439.423073409178,5439.423073409178,5439.423073409178,-940.6156865341519,-940.6156865341519,-940.6156865341519,6380.03875994333,6380.03875994333,6380.03875994333,0.0,0.0,0.0,43618.2995561801
740,2011-01-22,38249.058229687114,22324.088022390864,53112.78845891802,38147.00896723529,38343.28956951734,-214.9751230551821,-214.9751230551821,-214.9751230551821,-6478.464914935881,-6478.464914935881,-6478.464914935881,6263.489791880698,6263.489791880698,6263.489791880698,0.0,0.0,0.0,38034.08310663193
741,2011-01-23,38319.2399766033,28835.092229992057,58323.773954544435,38215.47763564305,38415.199520124756,5479.829717295961,5479.829717295961,5479.829717295961,-674.6115186135987,-674.6115186135987,-674.6115186135987,6154.4412359095595,6154.4412359095595,6154.4412359095595,0.0,0.0,0.0,43799.06969389926
742,2011-01-24,38389.421723519474,30760.90524879429,62111.364400857674,38284.51802597584,38487.790962964595,8277.969282368304,8277.969282368304,8277.969282368304,2220.8449841646575,2220.8449841646575,2220.8449841646575,6057.124298203645,6057.124298203645,6057.124298203645,0.0,0.0,0.0,46667.39100588778
743,2011-01-25,38459.603470435664,31226.106106767835,61194.05931088047,38352.82227038207,38559.96055216089,7292.884862092529,7292.884862092529,7292.884862092529,1317.7282325219446,1317.7282325219446,1317.7282325219446,5975.156629570586,5975.156629570586,5975.156629570586,0.0,0.0,0.0,45752.48833252819
744,2011-01-26,38529.78521735185,30450.834553594435,59992.70853501626,38421.034445328776,38633.43166472876,7101.839497485461,7101.839497485461,7101.839497485461,1190.393974058519,1190.393974058519,1190.393974058519,5911.445523426943,5911.445523426943,5911.445523426943,0.0,0.0,0.0,45631.62471483731
745,2011-01-27,38599.96696426804,32457.635889173158,62938.570391816946,38489.67926346798,38706.80936933289,9232.839041782887,9232.839041782887,9232.839041782887,3364.724929361329,3364.724929361329,3364.724929361329,5868.1141124215565,5868.1141124215565,5868.1141124215565,0.0,0.0,0.0,47832.80600605092
746,2011-01-28,38670.14871118423,28512.997122724653,59811.30030169652,38557.62879212649,38779.721087098755,4905.836910910011,4905.836910910011,4905.836910910011,-940.615686542559,-940.615686542559,-940.615686542559,5846.45259745257,5846.45259745257,5846.45259745257,0.0,0.0,0.0,43575.98562209424
747,2011-01-29,38740.33045810041,23692.07317649195,53503.81495696798,38624.48518706175,38853.63312255436,-631.5691486807813,-631.5691486807813,-631.5691486807813,-6478.4649149363295,-6478.4649149363295,-6478.4649149363295,5846.895766255549,5846.895766255549,5846.895766255549,0.0,0.0,0.0,38108.76130941963
748,2011-01-30,38810.5122050166,28762.165107971363,59127.40061112458,38692.096593575465,38926.60259405102,5194.415730847652,5194.415730847652,5194.415730847652,-674.6115186225354,-674.6115186225354,-674.6115186225354,5869.027249470188,5869.027249470188,5869.027249470188,0.0,0.0,0.0,44004.92793586425
749,2011-01-31,38880.693951932786,30640.498635777083,62017.908560582684,38761.46468136719,39000.64776056519,8132.455128897104,8132.455128897104,8132.455128897104,2220.844984163423,2220.844984163423,2220.844984163423,5911.610144733681,5911.610144733681,5911.610144733681,0.0,0.0,0.0,47013.14908082989
750,2011-02-01,38950.87569884898,31453.339694354006,61016.75811365825,38829.37902371182,39072.305041129686,7290.371071064518,7290.371071064518,7290.371071064518,1317.7282325194653,1317.7282325194653,1317.7282325194653,5972.642838545053,5972.642838545053,5972.642838545053,0.0,0.0,0.0,46241.246769913494
751,2011-02-02,39021.05744576515,31655.506430123605,62081.278639175805,38897.66987564449,39145.199178424045,7239.832069587256,7239.832069587256,7239.832069587256,1190.3939740618357,1190.3939740618357,1190.3939740618357,6049.438095525423,6049.438095525423,6049.438095525423,0.0,0.0,0.0,46260.889515352406
752,2011-02-03,39091.239192681336,32317.303511743787,63951.74273766494,38965.38922717658,39218.27775848383,9503.447717217423,9503.447717217423,9503.447717217423,3364.7249293515774,3364.7249293515774,3364.7249293515774,6138.722787865846,6138.722787865846,6138.722787865846,0.0,0.0,0.0,48594.68690989876
753,2011-02-04,39161.42093959753,28764.93987065418,60234.19141480366,39031.97813831189,39290.531722456726,5296.139338430755,5296.139338430755,5296.139338430755,-940.6156865283248,-940.6156865283248,-940.6156865283248,6236.7550249590795,6236.7550249590795,6236.7550249590795,0.0,0.0,0.0,44457.56027802828
754,2011-02-05,39231.6026865137,23473.902447891265,54804.3633323893,39100.181121286434,39362.43610358839,-139.00998251141402,-139.00998251141402,-139.00998251141402,-6478.464914934662,-6478.464914934662,-6478.464914934662,6339.454932423248,6339.454932423248,6339.454932423248,0.0,0.0,0.0,39092.59270400229
755,2011-02-06,39301.7844334299,29031.692253558253,59646.92629798564,39167.4209830037,39434.991674093275,5767.933417262127,5767.933417262127,5767.933417262127,-674.6115186174887,-674.6115186174887,-674.6115186174887,6442.544935879616,6442.544935879616,6442.544935879616,0.0,0.0,0.0,45069.717850692025
756,2011-02-07,39371.96618034608,32569.26641879374,63059.09693078547,39236.15271829363,39507.953971470924,8762.540123252722,8762.540123252722,8762.540123252722,2220.844984164129,2220.844984164129,2220.844984164129,6541.695139088594,6541.695139088594,6541.695139088594,0.0,0.0,0.0,48134.5063035988
757,2011-02-08,39442.14792726226,33843.78198555675,64087.28249247389,39304.89186628372,39579.34379257521,7950.3974884242825,7950.3974884242825,7950.3974884242825,1317.728232520715,1317.728232520715,1317.728232520715,6632.6692559035655,6632.6692559035655,6632.6692559035655,0.0,0.0,0.0,47392.545415686545
758,2011-02-09,39512.32967417845,31970.803663191615,61385.48749920072,39372.82379330992,39651.58642205525,7901.860538056446,7901.860538056446,7901.860538056446,1190.3939740651526,1190.3939740651526,1190.3939740651526,6711.466563991294,6711.466563991294,6711.466563991294,0.0,0.0,0.0,47414.1902122349
