,Description,Quantity,Revenue
0,  DOORMAT UNION JACK GUNS AND ROSES,169,1084.75
1, 3 STRIPEY MICE FELTCRAFT,663,1243.05
2, 4 PURPLE FLOCK DINNER CANDLES,200,265.2
3, ANIMAL STICKERS,385,80.85
4, BLACK PIRATE TREASURE CHEST,47,77.55
5, BROWN  PIRATE TREASURE CHEST ,36,59.39999999999999
6, Bank Charges,2,30.0
7, CAMPHOR WOOD PORTOBELLO MUSHROOM,43,53.75
8, CHERRY BLOSSOM  DECORATIVE FLASK,308,1068.6000000000001
9, FAIRY CAKE CANDLES,153,202.05
10, FLAMINGO LIGHTS,335,1523.8500000000001
11, HOME SWEET HOME  BLACKBOARD,117,722.31
12, IVORY PAPER CUP CAKE CASES ,1146,521.1
13, LARGE SKULL WINDMILL,8,16.8
14, NEW BAROQUE BLACK BOXES,6,76.5
15, OVAL WALL MIRROR DIAMANTE ,20,199.0
16, PAINT YOUR OWN CANVAS SET,480,724.8
17, PEACE WOODEN BLOCK LETTERS,133,917.15
18, RED/WHITE DOT MINI CASES,479,3536.13
19, RIDGED GLASS T-LIGHT HOLDER,940,531.8000000000001
20, SET 2 TEA TOWELS I LOVE LONDON ,1071,3069.8500000000004
21, SET Of 6 SOLDIER SKITTLES,16,60.0
22, SILVER CHERRY LIGHTS,264,1594.8000000000002
23, SILVER T-LIGHT SETTING,37,240.15
24, STAR  T-LIGHT HOLDER ,20,28.999999999999996
25, VINTAGE DESIGN GIFT TAGS,244,207.39999999999998
26, WHITE BAMBOO RIBS LAMPSHADE,210,148.26
27, WHITE CHERRY LIGHTS,1986,11697.300000000001
28,10 COLOUR SPACEBOY PEN,6017,5002.129999999999
29,11 PC CERAMIC TEA SET POLKADOT,3,14.850000000000001
30,12 ASS ZINC CHRISTMAS DECORATIONS,441,926.1000000000001
31,12 COLOURED PARTY BALLOONS,2117,1310.05
32,12 DAISY PEGS IN WOOD BOX,582,960.2999999999998
33,12 EGG HOUSE PAINTED WOOD,364,3751.4
34,12 IVORY ROSE PEG PLACE SETTINGS,1650,1973.58
35,12 MESSAGE CARDS WITH ENVELOPES,1415,2262.75
36,12 MINI TOADSTOOL PEGS,474,592.5
37,12 PENCIL SMALL TUBE WOODLAND,5248,3332.0000000000005
38,12 PENCILS SMALL TUBE POSY,519,337.35
39,12 PENCILS SMALL TUBE RED RETROSPOT,3614,2349.1000000000004
40,12 PENCILS SMALL TUBE RED SPOTTY,8003,5001.95
41,12 PENCILS SMALL TUBE SKULL,6227,3984.3500000000004
42,12 PENCILS TALL TUBE POSY,2052,737.16
43,12 PENCILS TALL TUBE RED RETROSPOT,1215,1032.75
44,12 PENCILS TALL TUBE RED SPOTTY,2241,1879.8899999999999
45,12 PENCILS TALL TUBE SKULLS,2659,2255.47
46,12 PENCILS TALL TUBE WOODLAND,2641,2169.97
47,12 PINK HEN+CHICKS IN BASKET,49,124.94999999999999
48,12 PINK ROSE PEG PLACE SETTINGS,1264,1491.08
49,12 RED ROSE PEG PLACE SETTINGS,770,953.38
50,15 PINK FLUFFY CHICKS IN BOX,20,59.0
51,15CM CHRISTMAS GLASS BALL 20 LIGHTS,1320,9717.0
52,2 DAISIES HAIR COMB,12,35.400000000000006
53,2 PICTURE BOOK EGGS EASTER BUNNY,560,535.0
54,2 PICTURE BOOK EGGS EASTER CHICKS,557,531.25
55,2 PICTURE BOOK EGGS EASTER DUCKS,549,521.25
56,20 DOLLY PEGS RETROSPOT,3225,3774.63
57,200 BENDY SKULL STRAWS,602,684.1
58,200 RED + WHITE BENDY STRAWS,1232,1489.84
59,24 HANGING EASTER EGGS FLORAL TUB,655,2225.85
60,3 BIRDS CANVAS SCREEN,1,1.65
61,3 BLACK CATS W HEARTS BLANK CARD,55,10.450000000000001
62,3 GARDENIA MORRIS BOXED CANDLES,339,1343.07
63,3 HEARTS HANGING DECORATION RUSTIC,5544,15607.6
64,3 HOOK HANGER MAGIC GARDEN,1056,1853.9999999999998
65,3 HOOK PHOTO SHELF ANTIQUE WHITE,1332,9619.64
66,3 PIECE JIGSAW TOADSTOOLS,16,26.4
67,3 PIECE SPACEBOY COOKIE CUTTER SET,211,443.1
68,3 PINK HEN+CHICKS IN BASKET,87,97.35
69,3 ROSE MORRIS BOXED CANDLES,174,689.34
70,3 STRIPEY MICE FELTCRAFT,4181,7296.95
71,3 TIER CAKE TIN GREEN AND CREAM,123,1768.4499999999998
72,3 TIER CAKE TIN RED AND CREAM,203,2894.0499999999997
73,3 TIER SWEETHEART GARDEN SHELF,8,287.6
74,3 TRADITIONAL COOKIE CUTTERS  SET,204,392.4000000000001
75,3 TRADITIONAl BISCUIT CUTTERS  SET,302,598.2
76,3 WHITE CHOC MORRIS BOXED CANDLES,233,909.29
77,3 WICK CHRISTMAS BRIAR CANDLE ,258,967.5
78,36 DOILIES DOLLY GIRL,1039,1391.35
79,36 DOILIES SPACEBOY DESIGN ,706,994.9
80,36 DOILIES VINTAGE CHRISTMAS,2592,3585.6
81,36 FOIL HEART CAKE CASES,554,1112.4
82,36 FOIL STAR CAKE CASES ,440,897.0000000000001
83,36 PENCILS TUBE POSY,145,181.25
84,36 PENCILS TUBE RED RETROSPOT,1056,1295.68
85,36 PENCILS TUBE RED SPOTTY,3225,3882.29
86,36 PENCILS TUBE SKULLS,2203,2695.99
87,36 PENCILS TUBE WOODLAND,1975,2465.71
88,3D CHRISTMAS STAMPS STICKERS ,780,954.48
89,3D DOG PICTURE PLAYING CARDS,977,2766.9500000000003
90,3D HEARTS  HONEYCOMB PAPER GARLAND,562,1625.1000000000001
91,3D SHEET OF CAT STICKERS,951,808.3499999999999
92,3D SHEET OF DOG STICKERS,921,782.8499999999999
93,3D SHEET OF SEA WORLD STICKERS,147,124.94999999999999
94,3D STICKERS CHRISTMAS STAMPS,940,1137.0
95,3D STICKERS TRADITIONAL CHRISTMAS ,980,1187.0
96,3D STICKERS VINTAGE CHRISTMAS,1060,1268.0
97,3D TRADITIONAL CHRISTMAS STICKERS,901,1105.73
98,3D VINTAGE CHRISTMAS STICKERS ,961,1160.21
99,4 BLUE DINNER CANDLES SILVER FLOCK,132,259.2
100,4 BURGUNDY WINE DINNER CANDLES,488,251.44
101,4 FESTIVE GREEN DINNER CANDLES,51,23.91
102,4 GOLD FLOCK CHRISTMAS BALLS,126,198.0
103,4 IVORY DINNER CANDLES GOLD FLOCK,819,1037.37
104,4 IVORY DINNER CANDLES SILVER FLOCK,881,1420.59
105,4 LAVENDER BOTANICAL DINNER CANDLES,295,1028.25
106,4 LILY  BOTANICAL DINNER CANDLES,325,1185.75
107,4 PEAR BOTANICAL DINNER CANDLES,338,1192.5
108,4 PINK DINNER CANDLE SILVER FLOCK,133,155.54999999999998
109,4 PINK FLOCK CHRISTMAS BALLS,127,199.25
110,4 ROSE PINK DINNER CANDLES,402,183.78
111,4 SKY BLUE DINNER CANDLES,318,158.46
112,4 TRADITIONAL SPINNING TOPS,3205,3975.85
113,4 VANILLA BOTANICAL CANDLES,159,596.25
114,4 WILDFLOWER BOTANICAL CANDLES,296,1059.0
115,5 HOOK BLACKBOARD ORGANISER ,301,2589.5899999999997
116,5 HOOK HANGER MAGIC TOADSTOOL,1183,1836.7499999999998
117,5 HOOK HANGER RED MAGIC TOADSTOOL,1471,2251.95
118,5 STRAND GLASS NECKLACE AMBER,13,82.55
119,5 STRAND GLASS NECKLACE AMETHYST,15,95.25
120,5 STRAND GLASS NECKLACE BLACK,9,57.15
121,5 STRAND GLASS NECKLACE CRYSTAL,84,490.4
122,50CM METAL STRING WITH  7 CLIPS,95,80.75
123,6 CHOCOLATE LOVE HEART T-LIGHTS,1603,3161.88
124,6 CROCHET STRAWBERRIES,942,1102.64
125,6 EGG HOUSE PAINTED WOOD,681,4949.95
126,6 HOOK JEWEL STAND LILAC DRESS,1,8.49
127,6 HOOK JEWELLERY STAND BLACK DRESS,516,1071.6
128,6 RABBIT CHAIN EASTER,53,45.05
129,6 RIBBONS ELEGANT CHRISTMAS ,1527,2418.7499999999995
130,6 RIBBONS EMPIRE  ,1088,1763.9999999999998
131,6 RIBBONS RUSTIC CHARM,7679,12468.749999999998
132,6 RIBBONS SHIMMERING PINKS ,749,947.8499999999999
133,6 ROCKET BALLOONS ,2014,1309.1000000000001
134,6 SEGMENT COLOURED SNACK BOWL ,18,143.1
135,60 CAKE CASES DOLLY GIRL DESIGN,2687,1337.45
136,60 CAKE CASES VINTAGE CHRISTMAS,11040,5466.72
137,60 GOLD AND SILVER FAIRY CAKE CASES,4227,2020.53
138,60 TEATIME FAIRY CAKE CASES,35806,17503.2
139,72 CAKE CASES DOLLY GIRL DESIGN,943,471.85
140,72 CAKE CASES VINTAGE CHRISTMAS,4293,2148.9900000000002
141,72 ROUND PINK DOILIES,115,166.75
142,72 SWEETHEART FAIRY CAKE CASES,21471,10200.32
143,75 BLACK FAIRY CAKE CASES,986,479.90000000000003
144,75 BLACK PETIT FOUR CASES,478,200.76
145,75 GREEN FAIRY CAKE CASES,2041,1013.35
146,75 GREEN PETIT FOUR CASES,1063,446.46
147,A4 WALL TIDY BLUE OFFICE,126,70.38000000000001
148,A4 WALL TIDY RED FLOWERS,2,1.3
149,ABSTRACT CIRCLE JOURNAL ,798,1582.2
150,ABSTRACT CIRCLES NOTEBOOK,3188,700.1999999999999
151,ABSTRACT CIRCLES POCKET BOOK,5233,797.65
152,ABSTRACT CIRCLES SKETCHBOOK ,476,1257.0
153,"ACRYLIC BEAD CHAIN, BLUE",229,87.02
154,"ACRYLIC BEAD CHAIN, PINK",114,43.32
155,"ACRYLIC BEAD GARLAND,PINK",2,5.9
156,ACRYLIC GEOMETRIC LAMP,15,276.25
157,"ACRYLIC HANGING JEWEL,BLUE",115,81.11
158,"ACRYLIC JEWEL ANGEL,BLUE",137,52.93
159,"ACRYLIC JEWEL ANGEL,PINK",214,95.24000000000001
160,"ACRYLIC JEWEL ICICLE, BLUE",372,156.6
161,"ACRYLIC JEWEL ICICLE, PINK",288,109.44
162,"ACRYLIC JEWEL SNOWFLAKE, PINK",6,12.6
163,"ACRYLIC JEWEL SNOWFLAKE,BLUE",235,91.47
164,"ACRYLIC JEWEL SNOWFLAKE,PINK",400,186.72
165,ADVENT CALENDAR GINGHAM SACK,982,5746.900000000001
166,AFGHAN SLIPPER SOCK PAIR,2317,7388.65
167,AGED GLASS SILVER T-LIGHT HOLDER,7490,4614.1
168,AIRLINE BAG VINTAGE JET SET BROWN,236,1195.9
169,AIRLINE BAG VINTAGE JET SET RED,461,2454.25
170,AIRLINE BAG VINTAGE JET SET WHITE,268,1380.5
171,AIRLINE BAG VINTAGE TOKYO 78,723,3604.35
172,AIRLINE BAG VINTAGE WORLD CHAMPION ,313,1652.75
173,"AIRLINE LOUNGE,METAL SIGN",414,869.4000000000001
174,ALARM CLOCK BAKELIKE CHOCOLATE,554,2033.58
175,ALARM CLOCK BAKELIKE GREEN,1339,5019.81
176,ALARM CLOCK BAKELIKE IVORY,887,3280.89
177,ALARM CLOCK BAKELIKE ORANGE,705,2642.31
178,ALARM CLOCK BAKELIKE PINK,905,3348.39
179,ALARM CLOCK BAKELIKE RED ,1635,6067.89
180,ALPHABET HEARTS STICKER SHEET,466,396.09999999999997
181,ALPHABET STENCIL CRAFT,1907,2199.07
182,AMBER BERTIE GLASS BEAD BAG CHARM,1,2.1
183,AMBER BERTIE MOBILE PHONE CHARM,17,28.73
184,AMBER CHUNKY BEAD BRACELET W STRAP,26,232.7
185,AMBER CHUNKY GLASS+BEAD NECKLACE,18,215.1
186,AMBER CRYSTAL DROP EARRINGS,1,2.95
187,AMBER DIAMANTE EXPANDABLE RING,14,59.5
188,AMBER DROP EARRINGS W LONG BEADS,6,17.700000000000003
189,AMBER FINE BEAD NECKLACE W TASSEL,5,29.75
190,AMBER GLASS BRACELET HEART CHARMS,9,44.550000000000004
191,AMBER GLASS TASSLE BAG CHARM,30,88.5
192,AMBER GLASS/SHELL/PEARL NECKLACE,2,17.9
193,AMBER GLASS/SILVER BRACELET,22,190.45
194,AMETHYST CHUNKY BEAD BRACELET W STR,30,268.5
195,AMETHYST DIAMANTE EXPANDABLE RING,32,136.0
196,AMETHYST HOOP EARRING FLORAL LEAF,51,150.45000000000002
197,ANGEL DECORATION 3 BUTTONS ,4085,1672.5
198,ANGEL DECORATION PAINTED ZINC ,1554,923.7
199,ANGEL DECORATION STARS ON DRESS,3127,1313.34
200,ANGEL DECORATION WITH LACE PADDED,1536,1305.6
201,ANGEL ON KNEES METAL POLE 100CM H,6,5.1
202,ANIMAL STICKERS,1748,365.88
203,ANT COPPER LIME BOUDICCA BRACELET,54,267.3
204,ANT COPPER PINK BOUDICCA BRACELET,43,210.4
205,ANT COPPER RED BOUDICCA BRACELET,30,148.5
206,ANT COPPER TURQ BOUDICCA BRACELET,44,217.8
207,ANT SILVER FUSCHIA BOUDICCA RING,28,82.60000000000001
208,ANT SILVER LIME GREEN BOUDICCA RING,28,82.60000000000001
209,ANT SILVER PURPLE BOUDICCA RING,17,50.150000000000006
210,ANT SILVER TURQUOISE BOUDICCA RING,23,67.85000000000001
211,ANT WHITE HIGH RISE BIRD BOX,49,304.0
212,ANT WHITE IRON BASKET,34,192.3
213,ANT WHITE SWEETHEART TABLE W 3 DRAW,3,320.0
214,ANT WHITE WIRE HEART SPIRAL,1380,4788.400000000001
215,ANTIQUE ALL GLASS CANDLESTICK,921,1047.5800000000002
216,ANTIQUE CREAM CUTLERY CUPBOARD,27,344.25
217,ANTIQUE CREAM CUTLERY SHELF ,80,680.0
218,ANTIQUE EDWARDIAN DRESSER,52,737.4
219,ANTIQUE GLASS DRESSING TABLE POT,636,1857.0
220,ANTIQUE GLASS HEART DECORATION ,1851,3523.0499999999997
221,ANTIQUE GLASS PEDESTAL BOWL,307,1151.25
222,ANTIQUE GLASS PLACE SETTING,717,841.53
223,ANTIQUE GLASS RIDGED HANGING BALL,787,1477.05
224,ANTIQUE LILY FAIRY LIGHTS,2669,12085.95
225,ANTIQUE MID BLUE FLOWER EARRINGS,3,12.75
226,ANTIQUE OLIVE GREEN FLOWER EARRINGS,11,46.75
227,ANTIQUE OPAL WHITE FLOWER EARRINGS,4,17.0
228,ANTIQUE RASPBERRY FLOWER EARRINGS,2,8.5
229,ANTIQUE SILVER TEA GLASS ENGRAVED,7070,8203.66
230,ANTIQUE SILVER TEA GLASS ETCHED,16008,18555.36
231,ANTIQUE TALL SWIRLGLASS TRINKET POT,316,1185.0
232,APPLE BATH SPONGE,2101,2535.05
233,APRON APPLE DELIGHT,227,1053.65
234,APRON MODERN VINTAGE COTTON,160,592.0
235,AQUA BERTIE GLASS BEAD BAG CHARM,12,25.200000000000003
236,ARCHED GREY MIRROR,84,540.6
237,AREA PATROLLED METAL SIGN,3205,6323.780000000001
238,ARMY CAMO BOOKCOVER TAPE,20,8.4
239,ARMY CAMO WRAPPING TAPE,2246,157.18
240,"ART LIGHTS,FUNK MONKEY",262,704.1
241,ASS COL CIRCLE MOBILE ,285,106.74
242,ASS COL LARGE SAND FROG P'WEIGHT,696,661.32
243,ASS COL LARGE SAND GECKO P'WEIGHT,812,753.78
244,ASS COL SMALL SAND FROG P'WEIGHT,1147,445.74
245,ASS COL SMALL SAND GECKO P'WEIGHT,1567,626.1
246,ASS COLOUR GLOWING TIARAS,432,342.0
247,ASS DES PHONE SPONGE CRAFT STICKER,580,377.0
248,ASS FLORAL PRINT MULTI SCREWDRIVER,117,146.25
249,ASS FLORAL PRINT SCISSORS,6828,1169.4
250,ASS FLORAL PRINT SPIRIT LEVEL ,54,105.3
251,ASS FLORAL PRINT TAPE MEASURE,235,289.19
252,ASS FLORAL PRINT TORCH,2571,736.55
253,"ASS RETROSPOOF MUGS,SPORTS",143,75.0
254,ASS WINDPROOF MARIJUANA LIGHTERS,15,6.3
255,ASSORTED BOTTLE TOP  MAGNETS ,300,118.8
256,ASSORTED CAKES FRIDGE MAGNETS,2753,1720.3300000000002
257,ASSORTED CHEESE FRIDGE MAGNETS,611,391.39000000000004
258,ASSORTED CIRCULAR MOBILE,542,107.33999999999999
259,ASSORTED COLOUR BIRD ORNAMENT,44551,70493.83
260,ASSORTED COLOUR JUMBO PEN,247,103.74
261,ASSORTED COLOUR LIZARD SUCTION HOOK,496,191.04
262,ASSORTED COLOUR METAL CAT ,130,151.1
263,ASSORTED COLOUR MINI CASES,1341,9707.43
264,ASSORTED COLOUR SET 6 TEASPOONS,229,973.25
265,ASSORTED COLOUR SILK COIN PURSE,3551,1667.5900000000001
266,ASSORTED COLOUR SILK COSMETIC PURSE,1395,1537.5
267,ASSORTED COLOUR SILK GLASSES CASE,1988,1053.24
268,ASSORTED COLOUR SUCTION CUP HOOK,167,31.730000000000004
269,ASSORTED COLOUR T-LIGHT HOLDER,4193,2776.9700000000003
270,ASSORTED COLOURS SILK FAN,19202,12784.880000000001
271,ASSORTED CREEPY CRAWLIES,5245,2158.2599999999998
272,ASSORTED DESIGN FLOWER MUGS,8,6.8
273,ASSORTED DESIGN GEISHA GIRL MUGS,5,6.25
274,ASSORTED EASTER DECORATIONS  BELLS,314,337.78000000000003
275,ASSORTED EASTER GIFT TAGS,84,71.39999999999999
276,ASSORTED FARMYARD ANIMALS IN BUCKET,3750,1363.3799999999999
277,ASSORTED FLORAL SECATEURS,3143,1297.65
278,"ASSORTED FLOWER COLOUR ""LEIS""",14375,6892.87
279,ASSORTED FRAGRANCE BATH CONFETTI,56,23.52
280,ASSORTED ICE CREAM FRIDGE MAGNETS,2817,1755.8100000000002
281,ASSORTED INCENSE PACK,8105,1453.65
282,ASSORTED LAQUERED INCENSE HOLDERS,3643,638.3100000000001
283,ASSORTED MINI MADRAS NOTEBOOK,770,962.5
284,ASSORTED MONKEY SUCTION CUP HOOK,561,212.57999999999998
285,ASSORTED SANSKRIT MINI NOTEBOOK,1165,1401.53
286,ASSORTED SANTA CHRISTMAS DECORATION,48,40.8
287,ASSORTED SHAPED STENCIL FOR HENNA,52,2.08
288,ASSORTED SHAPES PHOTO CLIP SILVER ,740,348.52
289,ASSORTED TUTTI FRUTTI  FOB NOTEBOOK,1503,1277.55
290,ASSORTED TUTTI FRUTTI BRACELET,650,422.50000000000006
291,ASSORTED TUTTI FRUTTI HEART BOX,810,1012.5
292,ASSORTED TUTTI FRUTTI KEYRING,249,211.64999999999998
293,ASSORTED TUTTI FRUTTI KEYRING BALL,439,373.15
294,ASSORTED TUTTI FRUTTI LARGE PURSE,703,1476.3000000000002
295,ASSORTED TUTTI FRUTTI MIRROR,833,1036.69
296,ASSORTED TUTTI FRUTTI NOTEBOOK,768,1612.8000000000002
297,ASSORTED TUTTI FRUTTI PEN,1773,1475.85
298,ASSORTED TUTTI FRUTTI PHOTO FRAME,413,1120.75
299,ASSORTED TUTTI FRUTTI ROUND BOX,967,1595.5499999999997
300,ASSORTED TUTTI FRUTTI SMALL PURSE,1992,2394.2400000000002
301,ASSORTED WHITE EMBOSSED CHINA MUGS,680,1320.0
302,ASSTD COL BUTTERFLY/CRYSTAL W/CHIME,22,27.5
303,ASSTD DESIGN 3D PAPER STICKERS,640,537.5
304,ASSTD DESIGN BUBBLE GUM RING,22470,4634.7
305,ASSTD DESIGN POP ART SLIM PEN,684,581.4
306,ASSTD DESIGN RACING CAR PEN,3073,4743.69
307,ASSTD FRUIT+FLOWERS FRIDGE MAGNETS,708,383.16
308,ASSTD HEARTS DESIGN MUGS,318,536.1
309,ASSTD MULTICOLOUR CIRCLES MUG,167,221.75
310,ASSTD RASTA KEY-CHAINS,27,11.34
311,Adjustment by Peter on Jun 25 2010 ,3,731.0500000000001
312,Adjustment by john on 26/01/2010 16,18,2107.41
313,Adjustment by john on 26/01/2010 17,14,1431.1100000000001
314,BABUSHKA LIGHTS STRING OF 10,1201,7453.75
315,BABY BOOM RIBBONS ,1730,2135.14
316,BABY MOUSE RED GINGHAM DRESS,358,1492.0
317,BAG 125g SWIRLY MARBLES,5229,2073.78
318,BAG 250g SWIRLY MARBLES,11934,8981.699999999999
319,BAG 500g SWIRLY MARBLES,1043,1615.3499999999997
320,BAG FOR CHILDREN VINTAGE BLUE ,96,408.0
321,BAG FOR CHILDREN VINTAGE PINK ,96,408.0
322,BAG OF SILVER STONES,101,42.42
323,BAKING MOULD CHOCOLATE CUP CAKES,12,30.599999999999998
324,BAKING MOULD CHOCOLATE CUPCAKES,38,96.89999999999999
325,BAKING MOULD EASTER EGG MILK CHOC,12,35.400000000000006
326,BAKING MOULD HEART MILK CHOCOLATE,91,199.65000000000003
327,BAKING MOULD HEART WHITE CHOCOLATE,87,189.45000000000002
328,BAKING MOULD ROSE MILK CHOCOLATE,81,227.25
329,BAKING MOULD ROSE WHITE CHOCOLATE,9,29.25
330,BAKING MOULD TOFFEE CUP CHOCOLATE,79,169.05000000000004
331,BAKING SET 9 PIECE RETROSPOT ,4255,20147.510000000002
332,BAKING SET SPACEBOY DESIGN,2150,10124.220000000001
333,BALLERINA HEART DECORATION.,338,468.4
334,BALLOON ART MAKE YOUR OWN FLOWERS,466,893.7
335,BALLOON PUMP WITH 10 BALLOONS,1782,3210.9
336,BALLOON WATER BOMB PACK OF 35,2552,1034.64
337,BALLOONS  WRITING SET ,926,1518.2999999999997
338,BANK ACCOUNT  GREETING  CARD ,763,314.7
339,BANQUET BIRTHDAY  CARD  ,2344,960.72
340,BAROQUE BUTTERFLY EARRINGS CRYSTAL,1,3.75
341,BAROQUE BUTTERFLY EARRINGS GREEN,2,7.5
342,BAROQUE BUTTERFLY EARRINGS MONTANA,3,11.25
343,BAROQUE BUTTERFLY EARRINGS PINK,2,7.5
344,BAROQUE BUTTERFLY EARRINGS RED,1,3.75
345,BASKET OF FLOWERS SEWING KIT,1003,852.55
346,BASKET OF TOADSTOOLS,826,1032.5
347,BASKET/8 SCENTED LOVE TOKEN CANDLES,121,453.75
348,BATH BUILDING BLOCK WORD,807,4774.05
349,BATH DUCK WATERING CAN,832,2016.5200000000002
350,BATHROOM METAL SIGN,7217,3736.21
351,BATHROOM METAL SIGN ,1400,1914.8
352,BATHROOM SCALES FOOTPRINTS IN SAND,46,159.7
353,BATHROOM SCALES RUBBER DUCKS,44,152.2
354,"BATHROOM SCALES, FAG BREAK",2,7.5
355,"BATHROOM SCALES, TROPICAL BEACH",19,71.25
356,BATHROOM SET LOVE HEART DESIGN,516,1219.8
357,BEACH HUT DESIGN BLACKBOARD,354,880.5
358,BEACH HUT KEY CABINET,340,715.0
359,BEACH HUT MIRROR,295,588.15
360,BEACH HUT PHOTO FRAME,574,583.0999999999999
361,BEACH HUT SHELF W 3 DRAWERS,223,590.85
362,BEADED CRYSTAL HEART BLUE  LARGE,196,323.4
363,BEADED CRYSTAL HEART BLUE ON STICK,236,129.88
364,BEADED CRYSTAL HEART BLUE SMALL,322,400.22
365,BEADED CRYSTAL HEART GREEN LARGE,59,97.34999999999998
366,BEADED CRYSTAL HEART GREEN ON STICK,189,91.05000000000001
367,BEADED CRYSTAL HEART GREEN SMALL,129,158.97
368,BEADED CRYSTAL HEART PINK LARGE,189,309.45
369,BEADED CRYSTAL HEART PINK ON STICK,373,157.85000000000002
370,BEADED CRYSTAL HEART PINK SMALL,493,613.97
371,BEADED CRYSTAL HEART PINK\ON STICK,16,20.0
372,BEADED LOVE HEART JEWELLERY SET,2098,1667.86
373,BEADED PEARL HEART WHITE LARGE,631,1038.7499999999998
374,BEADED PEARL HEART WHITE ON STICK,955,659.51
375,BEAUTY SPEED EXPRESSO CUPS,462,306.9
376,BEECH WOOD P/FRAME,5,36.25
377,BEECH WOOD PHOTO FRAME ,271,338.75
378,BEIGE PHOTO ALBUM,94,201.29999999999998
379,BENDY COLOUR PENCILS,4,1.68
380,BERRIES CHUNKY KNITTED THROW ,5,84.75
381,BEST DAD CANDLE LETTERS,186,127.85999999999999
382,BEWARE OF THE CAT DOORMAT,2,13.5
383,BEWARE OF THE CAT METAL SIGN ,5127,7789.83
384,BIG DOUGHNUT FRIDGE MAGNETS,4586,3816.9799999999996
385,BIG PINK POODLE,28,213.7
386,BIG POLKADOT MUG,72,125.99999999999999
387,BINGO SET,1716,6339.24
388,BIRD BOX CHRISTMAS TREE DECORATION,207,175.95
389,BIRD DECORATION GREEN  SPOT,586,498.09999999999997
390,BIRD DECORATION GREEN POLKADOT,96,81.6
391,BIRD DECORATION RED RETROSPOT,398,319.58
392,BIRD DECORATION RED SPOT,1139,966.5899999999999
393,BIRD HOUSE HOT WATER BOTTLE,1318,2847.9
394,BIRD IN TREE MUG ,4643,504.55
395,BIRDCAGE DECORATION MAGIC GARDEN,21,53.55
396,BIRDCAGE DECORATION TEALIGHT HOLDER,304,375.44
397,BIRDHOUSE DECORATION MAGIC GARDEN,1101,1281.25
398,BIRDHOUSE GARDEN MARKER ,1129,1411.25
399,BIRDS MOBILE VINTAGE DESIGN,399,2314.05
400,BIRTHDAY BANNER TAPE,24,30.0
401,BIRTHDAY BANQUET GIFT WRAP,1865,783.3
402,"BIRTHDAY CARD, RETRO SPOT",744,303.84
403,BIRTHDAY PARTY CORDON BARRIER TAPE,311,361.39
404,BISCUIT TIN VINTAGE GREEN,147,953.85
405,BISCUIT TIN VINTAGE RED,215,1403.25
406,"BISCUIT TIN, MINT,IVORY, VINTAGE",1,6.75
407,"BISCUIT TIN, RED,IVORY, VINTAGE",37,230.55
408,BISCUITS SMALL BOWL LIGHT BLUE,228,285.0
409,BLACK 3 BEAD DROP EARRINGS,2,5.9
410,BLACK 3 TIER GLASS PLATE STAND,10,127.5
411,BLACK AND WHITE CAT BOWL,220,444.3
412,BLACK AND WHITE DOG BOWL,192,556.1400000000001
413,BLACK AND WHITE PAISLEY FLOWER MUG,25685,3019.57
414,BLACK ASSORTED DROPLET DECORATION,59,22.42
415,BLACK BAROQUE CARRIAGE CLOCK,21,208.95
416,BLACK BAROQUE CUCKOO CLOCK,113,1134.75
417,BLACK BAROQUE WALL CLOCK ,24,306.0
418,BLACK BIRD GARDEN DESIGN MUG,6044,888.76
419,BLACK BOX MIRROR LANTERN,55,268.75
420,BLACK CANDELABRA T-LIGHT HOLDER,671,660.0600000000001
421,BLACK CHAMPAGNE GLASS,306,500.09999999999997
422,BLACK CHERRY LIGHTS,224,1374.2
423,BLACK CHRISTMAS FLOCK DROPLET ,155,114.07
424,BLACK CHRISTMAS TREE 120CM,40,324.72
425,BLACK CHRISTMAS TREE 60CM,394,389.50000000000006
426,BLACK CHUNKY BEAD BRACELET W STRAP,39,349.04999999999995
427,BLACK CRYSTAL DROP EARRINGS,2,5.9
428,BLACK DIAMANTE EXPANDABLE RING,33,140.25
429,BLACK DIAMOND CLUSTER EARRINGS,1,2.55
430,BLACK DIAMOND CLUSTER NECKLACE,3,26.849999999999998
431,BLACK DINER WALL CLOCK,304,2501.55
432,BLACK DROP CRYSTAL NECKLACE,1,9.95
433,BLACK DROP EARRINGS W LONG BEADS,1,2.95
434,BLACK EAR MUFF HEADPHONES,154,742.5
435,BLACK ENAMEL FLOWER RING,43,126.85000000000002
436,BLACK ENCHANTED FOREST PLACEMAT,720,1104.0
437,BLACK FACE LAMB WITH PANTS,101,376.59
438,BLACK FEATHER CHRISTMAS DECORATION,214,40.660000000000004
439,BLACK FINE BEAD NECKLACE W TASSEL,10,59.5
440,BLACK FLOCK GOLD CANDLE,49,20.580000000000002
441,BLACK FLOWER CANDLE PLATE,287,213.70999999999998
442,BLACK GEMSTONE BRACELET,52,465.4
443,BLACK GEMSTONE NECKLACE 45CM,12,153.0
444,BLACK GLASS BRACELET W HEART CHARMS,3,14.850000000000001
445,BLACK GLASS TV DOUBLE P/FRAME 15X10,17,72.25
446,BLACK GRAND BAROQUE PHOTO FRAME,669,1315.65
447,BLACK HEART CARD HOLDER,7538,20117.64
448,BLACK KITCHEN SCALES,327,2706.4
449,BLACK LOVE BIRD CANDLE,132,165.0
450,BLACK LOVE BIRD T-LIGHT HOLDER,229,324.15
451,BLACK MEDIUM GLASS CAKE STAND,21,78.75
452,BLACK METAL BAROQUE PHOTO FRAME,501,798.75
453,BLACK MINI TAPE MEASURE ,671,470.95
454,BLACK NEW BAROQUE FLOCK BOX,7,41.65
455,BLACK ORANGE SQUEEZER,81,34.02
456,BLACK PHOTO ALBUM ,66,143.1
457,BLACK PILLAR CANDLE SILVER FLOCK,612,877.8000000000001
458,BLACK PIRATE TREASURE CHEST,471,769.9499999999999
459,BLACK RECORD COVER FRAME,8223,28144.89
460,BLACK RETRO BAR STOOL,22,830.9000000000001
461,BLACK RETRODISC LAMPSHADE,977,1905.15
462,"BLACK RND BULLET""KEEP CLEAN"" BIN",1,2.55
463,BLACK SIL'T SQU CANDLE PLATE ,24,50.400000000000006
464,BLACK SILOUETTE CANDLE PLATE,376,300.88
465,BLACK SILOUETTE CANDLE PLATE ,120,227.4
466,BLACK SILVER FLOWER T-LIGHT HOLDER,11512,1124.68
467,BLACK SMALL GLASS CAKE STAND,503,901.65
468,BLACK SQUARE TABLE CLOCK,112,148.8
469,BLACK STITCHED WALL CLOCK,32,120.0
470,BLACK SWEETHEART BRACELET,77,327.25
471,BLACK TEA TOWEL CLASSIC DESIGN,449,561.25
472,"BLACK TEA,COFFEE,SUGAR JARS",7,44.449999999999996
473,BLACK VINT ART DEC CRYSTAL BRACELET,9,60.75
474,BLACK VINT ART DEC CRYSTAL NECKLACE,7,59.5
475,BLACK VINTAGE  CRYSTAL EARRINGS,6,22.5
476,BLACK VINTAGE EARRINGS,20,75.0
477,BLACK WINE GLASS,1988,1925.6399999999999
478,BLACK+WHITE NECKLACE W TASSEL,23,228.85
479,BLACK/BLUE DOTS RUFFLED UMBRELLA,2947,12107.050000000001
480,BLACK/BLUE POLKADOT UMBRELLA,526,2937.7000000000003
481,BLACK/WHITE GLASS/SILVER BRACELET,38,340.09999999999997
482,BLACKCHRISTMAS TREE 30CM,18,22.5
483,BLCK NEW BAROQUE CANDLESTICK CANDLE,180,279.0
484,BLING KEY RING STAND,13,16.25
485,BLOKEY SILVER TOOL SET,31,153.45000000000002
486,BLOND DOLL DOORSTOP,219,360.33
487,BLOSSOM  IMAGES NOTEBOOK SET,206,299.5
488,BLOSSOM IMAGES GIFT WRAP SET,190,190.20000000000002
489,BLOSSOM IMAGES SCRAP BOOK SET,408,598.8
490,BLUE  DIAMANTE PEN IN GIFT BOX,266,428.7
491,BLUE  SPOTTY  COFFEE MUG,227,443.1
492,BLUE  SPOTTY CUP,3128,2546.48
493,BLUE  SPOTTY EGG CUP ,922,1097.78
494,BLUE  SPOTTY PLATE ,2274,3612.66
495,BLUE  SPOTTY PUDDING BOWL,2672,694.08
496,BLUE  TILE HOOK,105,267.75
497,BLUE  VOILE LAMPSHADE,12,35.400000000000006
498,BLUE & WHITE BREAKFAST TRAY,28,166.6
499,BLUE 3 PIECE MINI DOTS CUTLERY SET,3825,13823.91
500,BLUE 3 PIECE POLKADOT CUTLERY SET,1079,3904.77
501,BLUE 5 PATCH FLOWER CUSHION COVER,385,755.75
502,BLUE BABY BOY'S MEMORY BOX,5,34.75
503,BLUE BAROQUE FLOCK CANDLE HOLDER,3,17.85
504,BLUE BEADS+HAND PHONE CHARM,2,2.5
505,BLUE BIRDHOUSE DECORATION,491,327.11
506,BLUE BLOSSOM HAIR CLIP,37,38.85
507,BLUE BREAKFAST CUP AND SAUCER ,1994,332.54
508,BLUE BUTTERFLY ON SPRING,68,57.8
509,BLUE CALCULATOR RULER,552,652.0
510,BLUE CAT BISCUIT BARREL PINK HEART,27,152.85000000000002
511,BLUE CHALET BIRDFEEDER,273,763.75
512,BLUE CHARLIE+LOLA PERSONAL DOORSIGN,870,844.26
513,BLUE CHECK BAG W HANDLE 34X20CM,37,61.05
514,BLUE CHENILLE SHAGGY CUSHION COVER ,16,31.2
515,BLUE CHERRY BLOSSOM CUP & SAUCER,1122,181.5
516,BLUE CIRCLES DESIGN MONKEY DOLL,364,438.59999999999997
517,BLUE CIRCLES DESIGN TEDDY,49,124.94999999999999
518,BLUE CLIMBING HYDRANGA ART FLOWER,301,495.15000000000003
519,BLUE COAT RACK PARIS FASHION,129,588.15
520,BLUE COL METAL FOLDING CHAIR,7,43.85
521,BLUE CRUSOE CHECK LAMPSHADE,11,4.62
522,BLUE CRYSTAL BOOT PHONE CHARM,91,77.35
523,BLUE CUSHION COVER WITH FLOWER,225,1163.75
524,BLUE DAISY MOBILE,9,33.75
525,BLUE DELPHINIUM ARTIFICIAL FLOWER,268,349.00000000000006
526,BLUE DINER WALL CLOCK,484,3982.8500000000004
527,BLUE DISCO HANDBAG,249,356.75
528,BLUE DRAGONFLY HELICOPTER,67,532.65
529,BLUE DRAWER KNOB ACRYLIC EDWARDIAN,381,476.25
530,BLUE DROP EARRINGS W BEAD CLUSTER,2,6.7
531,BLUE EASTER EGG HUNT START POST,69,134.54999999999998
532,BLUE EGG  SPOON,433,181.86
533,BLUE FAIRY CAKE CHILD'S APRON,991,1792.6499999999999
534,BLUE FAIRY CAKE CHILDRENS APRON,4,7.8
535,BLUE FELT EASTER EGG BASKET,981,1571.85
536,BLUE FELT HANGING HEART W FLOWER,31,26.349999999999998
537,BLUE FLOCK CUSHION COVER ,4,15.0
538,BLUE FLOCK GLASS CANDLEHOLDER,1139,477.27000000000004
539,BLUE FLORIBUNDA EGG WARMER,10,12.5
540,BLUE FLOWER DES PURSE,10,12.5
541,BLUE FLOWER T-LIGHT HOLDER,236,169.72
542,BLUE FLY SWAT,288,187.20000000000002
543,BLUE FLYING SINGING CANARY,328,1172.4
544,BLUE GEISHA GIRL ,39,146.25
545,BLUE GIANT GARDEN THERMOMETER,54,321.3
546,BLUE GINGHAM ROSE CUSHION COVER,111,660.45
547,BLUE GINGHAM ROSE FLOOR CUSHION ,27,214.65
548,BLUE GINGHAM ROSE QUILT ,69,1444.15
549,BLUE GLASS CHUNKY CHARM BRACELET,27,241.64999999999998
550,BLUE GLASS GEMS IN BAG,197,127.13
551,BLUE GREEN EMBROIDERY COSMETIC BAG,23,67.85000000000001
552,BLUE HANGING GINGHAM EASTER HEN,53,22.259999999999998
553,BLUE HAPPY BIRTHDAY BUNTING,2807,13798.150000000001
554,BLUE HARMONICA IN BOX ,4725,5856.09
555,BLUE HEART COMPACT MIRROR,204,375.0
556,BLUE HIBISCUS  HAIR CLIP,8,8.4
557,BLUE HOLE PUNCH,69,86.25
558,BLUE JUICY FRUIT PHOTO FRAME,262,651.9
559,BLUE KASHMIRI BOXED MIRROR,33,428.0
560,BLUE KASHMIRI COFFEE TABLE ,27,1359.95
561,BLUE KASHMIRI OCCASIONAL TABLE,23,1169.5
562,BLUE KNITTED EGG COSY,44,85.8
563,BLUE KNITTED HEN ,345,459.81
564,BLUE KNITTED KID'S RUCKSACK,3,20.25
565,BLUE LEAVES AND BEADS PHONE CHARM,17,21.25
566,BLUE METAL WALL SHELF,11,109.44999999999999
567,BLUE MURANO TWIST BRACELET,57,240.5
568,BLUE MURANO TWIST NECKLACE,16,159.2
569,BLUE NETTING STORAGE HANGER,8,15.6
570,BLUE NEW BAROQUE CANDLESTICK CANDLE,336,487.2
571,BLUE NEW BAROQUE FLOCK CANDLESTICK,62,258.06
572,BLUE ORGANDY ROUND LAMPSHADE W BEA,23,19.55
573,BLUE OWL DECORATION,96,244.79999999999998
574,BLUE OWL SOFT TOY,553,1588.95
575,BLUE PADDED SOFT MOBILE,462,1951.0
576,BLUE PAINTED KASHMIRI CHAIR,15,441.65000000000003
577,BLUE PAINTED KASHMIRI TABLE ,17,990.0
578,BLUE PAISLEY JOURNAL ,540,1022.4
579,BLUE PAISLEY NOTEBOOK,3265,827.25
580,BLUE PAISLEY POCKET BOOK,4807,795.55
581,BLUE PAISLEY SKETCHBOOK,313,824.95
582,BLUE PAISLEY TISSUE BOX,266,272.74
583,BLUE PAPER PARASOL ,1319,3516.65
584,BLUE PARTY BAGS ,2066,3907.2000000000003
585,BLUE PATCH PENCIL CASE PINK HEART,286,567.39
586,BLUE PATCH PURSE PINK HEART,211,348.15
587,BLUE PILLAR CANDLE SILVER FLOCK,65,182.15
588,BLUE POLKADOT BEAKER ,24,46.8
589,BLUE POLKADOT BOWL,494,590.14
590,BLUE POLKADOT COFFEE MUG,80,168.00000000000003
591,BLUE POLKADOT CUP,548,453.32
592,BLUE POLKADOT EGG CUP ,86,107.5
593,BLUE POLKADOT KIDS BAG,231,473.84999999999997
594,BLUE POLKADOT LUGGAGE TAG ,14,17.5
595,BLUE POLKADOT PASSPORT COVER,9,18.900000000000002
596,BLUE POLKADOT PLATE ,378,615.78
597,BLUE POLKADOT PUDDING BOWL,2544,425.28000000000003
598,BLUE POLKADOT PURSE ,346,186.70000000000002
599,BLUE POLKADOT WASHING UP GLOVES,132,277.20000000000005
600,BLUE POLKADOT WRAP,2150,833.0
601,BLUE PORCELAIN B'FLY OIL BURNER,3,8.850000000000001
602,BLUE POT PLANT CANDLE ,348,981.8000000000001
603,BLUE PUDDING SPOON,384,161.28
604,BLUE PULL BACK RACING CAR,954,462.3
605,BLUE RETRO BAR STOOL,11,435.45000000000005
606,BLUE RIVIERA HANDBAG,326,431.0
607,BLUE ROCKING SINGING CANARY,102,382.5
608,BLUE ROSE FABRIC MIRROR,558,488.7
609,BLUE ROSE PATCH PURSE PINK BUTTERFL,225,371.25
610,BLUE ROUND COMPACT MIRROR,19,71.25
611,BLUE SAVANNAH PICNIC HAMPER FOR 2,161,851.95
612,BLUE SAVANNAH PICNIC HAMPER FOR 4,310,1654.5
613,BLUE SCANDINAVIAN PAISLEY WRAP,2225,918.5
614,BLUE SCOTTIE DOG W FLOWER PATTERN,90,224.1
615,BLUE SHARK HELICOPTER,47,373.65000000000003
616,BLUE SHELL+SILVER NECKLACE,12,90.0
617,BLUE SPOT CERAMIC DRAWER KNOB,4200,5049.96
618,BLUE SPOTS  WRAP,6350,2555.0
619,BLUE SPOTTY BEAKER ,108,210.6
620,BLUE SPOTTY BOWL,2700,3197.16
621,BLUE SPOTTY LUGGAGE TAG ,1058,488.5
622,BLUE SPOTTY PASSPORT COVER,222,341.20000000000005
623,BLUE SPOTTY PURSE ,434,446.30000000000007
624,BLUE SQUARE COMPACT MIRROR,320,420.0
625,BLUE STAR BLOCK TABLE LAMP,103,303.85
626,BLUE STONES ON WIRE FOR CANDLE,391,32.19
627,BLUE STRIPE CERAMIC DRAWER KNOB,5104,6054.56
628,BLUE STRIPES SHOULDER BAG,2,5.9
629,BLUE SWEETHEART BRACELET,114,484.5
630,BLUE TABLE RUN FLOWER,3,11.25
631,BLUE TALL PORCELAIN T-LIGHT HOLDER,7,17.849999999999998
632,BLUE TEA TOWEL CLASSIC DESIGN,1838,2169.82
633,BLUE TEATIME PRINT BOWL ,732,901.32
634,BLUE TILED SET OF 3 DRAWERS,5,63.75
635,BLUE TILED TRAY,265,348.75
636,BLUE TINSEL GARLAND ,130,24.7
637,BLUE TRAVEL FIRST AID KIT,45,74.25
638,BLUE TV TRAY TABLE ,82,337.94
639,BLUE VICTORIAN FABRIC HEART BOX,722,233.43
640,BLUE VICTORIAN FABRIC OVAL BOX,854,311.75
641,BLUE WHITE PLASTIC RINGS LAMPSHADE,1,0.85
642,BLUE WHITE SCARF HOT WATER BOTTLE,16,63.2
643,BLUE WHITE SPOTS GARDEN PARASOL,271,1394.45
644,BLUE WIRE SPIRAL CANDLE HOLDER,41,260.34999999999997
645,BLUE YELLOW FLOWER PIGGY BANK,488,937.1999999999999
646,BLUE/BROWN DOTS RUFFLED UMBRELLA,539,2167.85
647,BLUE/CREAM STRIPE CUSHION COVER ,597,738.65
648,BLUE/CREAM STRIPE FRINGE HAMMOCK,304,2307.8
649,BLUE/GREEN SHELL NECKLACE W PENDANT,5,29.75
650,BLUE/NAT SHELL NECKLACE W PENDANT,6,35.7
651,BLUE/PINK NEST STRIPE BOX,1142,111.11999999999999
652,BLUE/WHITE RIBBED MELAMINE JUG,7,55.650000000000006
653,BLUE/YELLOW CERAMIC CANDLE HOLDER,6,9.899999999999999
654,BLUE/YELLOW FLOWER DESIGN BIG MUG,8,15.6
655,BOHEMIAN COLLAGE STATIONERY SET,405,664.35
656,BOMBS AWAY METAL SIGN,1179,2387.34
657,BOOM BOX SPEAKER BOYS,569,2993.55
658,BOOM BOX SPEAKER GIRLS,33,196.35000000000002
659,BOOZE & WOMEN GREETING CARD ,469,195.54
660,BOTANICAL LAVENDER BIRTHDAY CARD,612,255.6
661,BOTANICAL LAVENDER GIFT WRAP ,675,281.5
662,BOTANICAL LILY GIFT WRAP,600,248.0
663,BOTANICAL LILY GREETING CARD,542,226.8
664,BOTANICAL ROSE GIFT WRAP,2090,839.8
665,BOTANICAL ROSE GREETING CARD,1228,508.56
666,BOTTLE BAG RETROSPOT ,2176,4234.6
667,BOUDOIR SQUARE TISSUE BOX,832,824.0
668,BOX OF 24 COCKTAIL PARASOLS,10829,4290.68
669,BOX OF 3 PEBBLE CANDLES,1,2.95
670,BOX OF 6 ASSORTED COLOUR TEASPOONS,142,603.5
671,BOX OF 6 PEBBLE CANDLES,5,17.25
672,BOX OF 9 PEBBLE CANDLES,1241,2323.65
673,BOX OF VINTAGE ALPHABET BLOCKS,1824,16695.899999999998
674,BOX OF VINTAGE JIGSAW BLOCKS ,1315,6297.85
675,BOX/12 CHICK & EGG IN BASKET,134,261.3
676,BOX/12 MOTHER & CHICK IN BASKET/BOW,99,228.45
677,BOYS ALPHABET IRON ON PATCHES,16993,3280.5299999999997
678,BOYS VINTAGE TIN SEASIDE BUCKET,2159,4896.8099999999995
679,BREAD BIN DINER STYLE BLACK,8,123.6
680,BREAD BIN DINER STYLE IVORY,231,3647.45
681,BREAD BIN DINER STYLE MINT,75,1191.25
682,BREAD BIN DINER STYLE PINK,66,1022.6999999999999
683,BREAD BIN DINER STYLE RED ,175,2750.25
684,"BREAD BIN, DINER STYLE, IVORY",45,682.7499999999999
685,"BREAD BIN, DINER STYLE, MINT",13,196.35
686,"BREAD BIN, DINER STYLE, PINK",8,127.6
687,"BREAD BIN, DINER STYLE, RED ",3,50.849999999999994
688,BRIGHT BLUES RIBBONS ,1792,2212.64
689,"BROCADE PURSE,SMALL ARCH BUTTON",3279,867.55
690,BROCADE RING PURSE ,48166,8847.66
691,BROCANTE COAT RACK,261,1945.55
692,BROCANTE SHELF WITH HOOKS,17,181.95
693,BROWN  PIRATE TREASURE CHEST ,386,622.4999999999999
694,BROWN ANTIQUE CUBE CANDLE,226,94.92
695,BROWN CHECK CAT DOORSTOP ,910,3705.0
696,BROWN COZY SQUARE PHOTO ALBUM,205,399.75
697,BROWN DOG CANNISTER W BONE,4,23.8
698,BROWN FLOWER LIGHTS,109,688.95
699,BROWN FURRY HOT WATER BOTTLE,191,665.05
700,BROWN KUKUI COCONUT SEED NECKLACE,7,41.65
701,BROWN VINTAGE VICTORIAN EARRINGS,12,35.400000000000006
702,BUBBLE GUM CHUNKY KNITTED THROW ,5,84.75
703,BUBBLE GUM SCARF KNITTING KIT,306,576.3000000000001
704,BUDDHA INCENSE HOLDER ASSORTED,2176,1587.24
705,BUNNY BUNCH OF FLOWERS,14,5.88
706,BUNNY DECORATION MAGIC GARDEN,492,389.08
707,BUNNY EGG BOX,826,1027.7
708,BUNNY EGG GARLAND,766,321.72
709,BUNNY WOODEN PAINTED WITH BIRD ,627,532.9499999999999
710,BUNNY WOODEN PAINTED WITH FLOWER ,365,310.25
711,BURG FLOCK GOLD CUP/CANDLE ,127,53.34
712,BUTTERFLIES  HONEYCOMB GARLAND,1447,2243.5499999999997
713,BUTTERFLIES STICKERS,1088,924.8
714,BUTTERFLY CROCHET FOOD COVER,499,1679.25
715,BUTTERFLY WATER TRANSFER TATTOOS ,267,186.95
716,BUTTON BOX ,1170,2221.5
717,BUTTONS AND STRIPES NOTEBOOK ,80,300.0
718,BUTTONS DESIGN JEWELLERY BOX,72,270.0
719,Bank Charges,18,270.0
720,CABIN BAG VINTAGE PAISLEY,48,1347.6
721,CABIN BAG VINTAGE RETROSPOT,117,3204.15
722,CACTI T-LIGHT CANDLES,10437,4197.3
723,CAKE PLATE LOVEBIRD PINK,245,1162.3500000000001
724,CAKE PLATE LOVEBIRD WHITE,405,1962.7500000000002
725,CAKE SHOP  STICKER SHEET,980,818.4399999999999
726,CAKE STAND 3 TIER MAGIC GARDEN,780,9484.199999999999
727,CAKE STAND LACE WHITE,1115,4415.25
728,CAKE STAND LOVEBIRD 2 TIER PINK,761,5384.55
729,CAKE STAND LOVEBIRD 2 TIER WHITE,499,4750.45
730,CAKE STAND VICTORIAN FILIGREE LARGE,261,1549.7
731,CAKE STAND VICTORIAN FILIGREE MED,218,1038.6000000000001
732,CAKE STAND VICTORIAN FILIGREE SMALL,155,515.25
733,CAKE STAND WHITE TWO TIER LACE,712,5863.3
734,"CAKE TIN, 3 TIER MINT/IVORY",13,176.75
735,"CAKE TIN, 3 TIER RED/IVORY",28,383.4
736,"CAKE TIN, ROUND, VINTAGE MINT,IVORY",27,190.65
737,"CAKE TIN, ROUND, VINTAGE RED,CREAM",59,421.05
738,CAKES AND BOWS GIFT  TAPE,217,139.85000000000002
739,CAKES AND RABBITS DESIGN FLANNEL ,330,256.38
740,"CAKESTAND, 3 TIER, LOVEHEART",46,405.5
741,CALENDAR FAMILY FAVORITES,20,59.0
742,CALENDAR FAMILY FAVOURITES,532,1441.4
743,CALENDAR IN SEASON DESIGN,469,1351.5500000000002
744,CALENDAR PAPER CUT DESIGN,1473,4173.35
745,CAMOFLAGE CUSHION COVER,11,18.15
746,CAMOFLAGE DESIGN TEDDY,1584,3358.8
747,CAMOUFLAGE BACKPACK ON WHEELS,2,19.9
748,CAMOUFLAGE DESIGN TEDDY,593,1274.55
749,CAMOUFLAGE EAR MUFF HEADPHONES,73,400.77
750,CAMOUFLAGE LED TORCH,3609,5995.53
751,CAMPHOR WOOD PORTOBELLO MUSHROOM,364,254.66
752,"CANDLE IN JAR COLLAGE , VANILLA",65,165.75
753,CANDLE PLATE LACE WHITE,348,822.6
754,CANDLE RING W/CLEAR BEADS,13,5.46
755,CANDLEHOLDER PINK HANGING HEART,2152,5996.72
756,CANDY BUTTON PHOTO ALBUM,295,631.25
757,CANDY HEART HANGING DECORATION,189,236.25
758,CANDY PINK FRENCH BOUDOIR CLOCK,16,159.2
759,CANDY POP CHUNKY KNITTED THROW ,15,254.25
760,CANDY SHOP  STICKER SHEET,868,734.68
761,CANDY SPOT APRON,82,381.3
762,CANDY SPOT BREAD BASKETS,337,487.35
763,CANDY SPOT BUNNY,78,222.90000000000003
764,CANDY SPOT CUSHION COVER,73,205.75000000000003
765,CANDY SPOT EGG WARMER HARE,594,466.5
766,CANDY SPOT EGG WARMER RABBIT,109,89.93
767,CANDY SPOT HAND BAG,85,178.5
768,CANDY SPOT HEART DECORATION,351,298.34999999999997
769,CANDY SPOT TEA COSY,347,494.65000000000003
770,CANDY STRIPE ROSE C/COVER ,51,303.45
771,CANDY STRIPE ROSE FLOOR CUSHION,6,47.7
772,CANDY STRIPE ROSE QUILT,1,45.95
773,CANNABIS LEAF BEAD CURTAIN,12,10.2
774,CAPIZ CHANDELIER,4,119.8
775,CARAVAN SQUARE TISSUE BOX,641,651.85
776,CARD BILLBOARD FONT,288,116.64
777,CARD BIRTHDAY COWBOY,1766,707.16
778,CARD CAT AND TREE ,984,408.96
779,CARD CHRISTMAS VILLAGE,2736,1136.16
780,CARD CIRCUS PARADE,2040,839.52
781,CARD DOG AND BALL ,1188,477.36
782,CARD DOLLY GIRL ,2834,1116.84
783,CARD GINGHAM ROSE ,84,35.28
784,CARD HOLDER GINGHAM HEART,1984,4929.599999999999
785,CARD I LOVE LONDON ,2484,972.72
786,CARD MOTORBIKE SANTA,2978,1210.44
787,CARD PARTY GAMES ,593,244.74
788,CARD PSYCHEDELIC APPLES,852,353.52
789,CARD SUKI BIRTHDAY,744,303.84
790,CARD WEDDING DAY,1152,470.88
791,"CARD, BILLBOARD FONT",1278,519.48
792,"CARD, GINGHAM ROSE ",504,211.68
793,CARDHOLDER GINGHAM CHRISTMAS TREE,922,2253.9
794,CARDHOLDER GINGHAM HEART,102,216.90000000000003
795,CARDHOLDER GINGHAM STAR,957,2397.15
796,CARDHOLDER HOLLY WREATH METAL,1327,4915.77
797,CARNATION SQUARE HANDY TIN,42,52.5
798,CARNIVAL BRACELET,95,1201.0
799,CAROUSEL CHILDRENS APRON,11,18.15
800,CAROUSEL CHILDRENS OVERALL,38,79.80000000000001
801,CAROUSEL DES CHILD'S APRON,87,143.54999999999998
802,CAROUSEL DES CHILD'S OVERALL,156,327.6
803,CAROUSEL DESIGN BABY BIB,75,93.75
804,CAROUSEL DESIGN WASHBAG,229,446.54999999999995
805,CAROUSEL PLACEMATS ,2,7.5
806,CAROUSEL PONIES BABY BIB,82,102.5
807,CARRIAGE,120,6110.0
808,CARROT CHARLIE+LOLA COASTER SET,375,991.6500000000001
809,CARTOON  PENCIL SHARPENERS,765,122.4
810,CAST IRON HOOK GARDEN FORK,980,2243.48
811,CAST IRON HOOK GARDEN TROWEL,973,2232.83
812,CAT BOWL ,862,2057.7
813,CAT BOWL VINTAGE CREAM,106,332.5
814,"CAT BOWL, ENAMEL , CREAM COLOUR",12,39.0
815,"CAT FOOD CONTAINER , VINTAGE",10,63.49999999999999
816,CAT W SUNGLASSES BLANK CARD,4,0.76
817,CD WALL TIDY BLUE OFFICE,117,43.38
818,CD WALL TIDY RED FLOWERS,140,53.040000000000006
819,CERAMIC BIRDHOUSE BLACK ROSE  LARGE,163,811.6
820,CERAMIC BIRDHOUSE BUTTERFLY LARGE,165,772.95
821,CERAMIC BIRDHOUSE BUTTERFLY SMALL,679,1530.0
822,CERAMIC BIRDHOUSE CRESTED TIT LARGE,291,1473.45
823,CERAMIC BIRDHOUSE CRESTED TIT SMALL,620,1473.65
824,CERAMIC BIRDHOUSE FINCH BLUE  LARGE,76,399.55
825,CERAMIC BIRDHOUSE FINCH BLUE ROOF,650,1562.15
826,CERAMIC BIRDHOUSE RED ROOF LARGE,164,735.8000000000001
827,CERAMIC BIRDHOUSE RED ROOF SMALL,539,1222.8500000000001
828,CERAMIC BOWL WITH LOVE HEART DESIGN,160,457.6
829,CERAMIC BOWL WITH STRAWBERRY DESIGN,1641,4476.150000000001
830,CERAMIC CAKE BOWL + HANGING CAKES,1695,4634.25
831,CERAMIC CAKE DESIGN SPOTTED MUG,3081,4400.61
832,CERAMIC CAKE DESIGN SPOTTED PLATE,1968,2819.7599999999998
833,CERAMIC CAKE STAND + HANGING CAKES,1749,15446.5
834,CERAMIC CAKE TEAPOT WITH CHERRY,1,4.95
835,CERAMIC CHERRY CAKE MONEY BANK,2748,3987.8999999999996
836,CERAMIC HEART CAKE MONEY BANK,120,159.6
837,CERAMIC HEART FAIRY CAKE MONEY BANK,3038,4306.7
838,CERAMIC LOVE HEART MONEY BANK,329,448.25
839,CERAMIC LOVE HEARTS DESIGN MUG,511,761.39
840,CERAMIC PIRATE CHEST MONEY BANK,951,1357.35
841,CERAMIC PLATE LOVE HEART DESIGN,600,625.8
842,CERAMIC PLATE STRAWBERRY DESIGN,2346,2867.46
843,CERAMIC STRAWBERRY CAKE MONEY BANK,4963,6932.349999999999
844,CERAMIC STRAWBERRY DESIGN MUG,906,1257.78
845,CERAMIC STRAWBERRY MONEY BOX,582,1462.5
846,CERAMIC STRAWBERRY TRINKET TRAY,267,659.25
847,CERAMIC STRWBERRY DESIGN MUG,2288,3158.56
848,CERISE+GOLD CHRISTMAS STOCKING DEC,188,71.44
849,CERISE+GOLD CHRISTMAS TREE DEC,36,13.68
850,CHALKBOARD KITCHEN ORGANISER,162,3148.9
851,CHAMPAGNE TRAY BLANK CARD,2,0.38
852,CHARLIE & LOLA WASTEPAPER BIN BLUE,840,1389.0
853,CHARLIE & LOLA WASTEPAPER BIN FLORA,769,1422.75
854,CHARLIE + LOLA BISCUITS TINS,737,3002.95
855,CHARLIE + LOLA RED HOT WATER BOTTLE,2214,4621.2
856,CHARLIE AND LOLA CHARLOTTE BAG,2188,2809.6
857,CHARLIE AND LOLA FIGURES TINS,517,2045.6299999999999
858,CHARLIE AND LOLA TABLE TINS,382,1544.9
859,CHARLIE LOLA BLUE HOT WATER BOTTLE ,456,1405.2
860,CHARLIE+LOLA MY ROOM DOOR SIGN,482,291.66
861,CHARLIE+LOLA PINK HOT WATER BOTTLE,1880,3776.9
862,CHARLIE+LOLA RED HOT WATER BOTTLE ,560,1803.8400000000001
863,"CHARLIE+LOLA""EXTREMELY BUSY"" SIGN",596,371.34000000000003
864,"CHARLOTTE BAG , PINK/WHITE SPOTS",4218,3361.7
865,"CHARLOTTE BAG , SUKI DESIGN",4075,3236.25
866,CHARLOTTE BAG DOLLY GIRL DESIGN,3058,2430.3
867,CHARLOTTE BAG PINK POLKADOT,1229,1039.45
868,CHARLOTTE BAG PINK WITH WHITE SPOTS,3958,3156.3
869,CHARLOTTE BAG SUKI DESIGN,6761,5393.25
870,CHERRY BLOSSOM  DECORATIVE FLASK,418,1538.7
871,CHERRY BLOSSOM BATHROOM CABINET,192,950.4000000000001
872,CHERRY BLOSSOM CANVAS ART PICTURE,13,103.35000000000001
873,CHERRY BLOSSOM DECORATIVE FLASK,598,2153.2200000000003
874,CHERRY BLOSSOM LUGGAGE TAG,1894,385.22
875,CHERRY BLOSSOM PASSPORT COVER,56,117.60000000000001
876,CHERRY BLOSSOM PHOTO FRAME ,10,46.5
877,CHERRY BLOSSOM PURSE,20,59.00000000000001
878,CHERRY BLOSSOM TABLE CLOCK ,212,469.4
879,CHERRY CROCHET FOOD COVER,742,2114.1
880,CHERRY DESIGN PAPERLANTERNS,1065,2002.3899999999999
881,CHEST 7 DRAWER MA CAMPAGNE,16,375.2
882,CHEST NATURAL WOOD 20 DRAWERS,8,910.0
883,CHEST OF DRAWERS GINGHAM HEART ,82,1353.8999999999999
884,CHICK GREY HOT WATER BOTTLE,2719,8882.550000000001
885,CHILDREN'S APRON DOLLY GIRL ,639,1279.4
886,CHILDREN'S CIRCUS PARADE MUG,124,204.59999999999997
887,CHILDREN'S SPACEBOY MUG,113,186.44999999999996
888,CHILDRENS APRON APPLE DESIGN,290,520.5
889,CHILDRENS APRON APPLES DESIGN,513,985.35
890,CHILDRENS APRON DOLLY GIRL ,103,216.3
891,CHILDRENS APRON SPACEBOY DESIGN,1980,3680.4
892,CHILDRENS CIRCUS PARADE MUG,36,59.39999999999999
893,CHILDRENS DOLLY GIRL MUG,130,214.49999999999997
894,CHILDRENS GARDEN GLOVES BLUE,1156,1438.16
895,CHILDRENS GARDEN GLOVES PINK,1299,1612.35
896,CHILDRENS SPACEBOY MUG,72,118.79999999999998
897,CHILDS APRON SPACEBOY DESIGN,2256,4191.9
898,CHILDS BREAKFAST SET CIRCUS PARADE,1046,8444.28
899,CHILDS BREAKFAST SET DOLLY GIRL ,973,9043.35
900,CHILDS BREAKFAST SET SPACEBOY ,934,8706.05
901,CHILDS GARDEN BRUSH BLUE,987,1885.68
902,CHILDS GARDEN BRUSH PINK,964,1843.38
903,CHILDS GARDEN FORK BLUE ,1269,1061.49
904,CHILDS GARDEN FORK PINK,1287,1073.6699999999998
905,CHILDS GARDEN RAKE BLUE,628,1167.7800000000002
906,CHILDS GARDEN RAKE PINK,593,1091.2800000000002
907,CHILDS GARDEN SPADE BLUE,773,1464.7800000000002
908,CHILDS GARDEN SPADE PINK,760,1434.4800000000002
909,CHILDS GARDEN TROWEL BLUE ,1481,1241.6899999999998
910,CHILDS GARDEN TROWEL PINK,1602,1341.4199999999998
911,CHILLI LIGHTS,6085,26573.63
912,CHINESE DRAGON PAPER LANTERNS,10035,3198.7799999999997
913,CHOC TRUFFLE GOLD TRINKET POT ,1424,2227.2
914,CHOCOLATE 1 WICK MORRIS BOX CANDLE,242,969.98
915,CHOCOLATE 3 WICK MORRIS BOX CANDLE,370,1472.62
916,CHOCOLATE BOX RIBBONS ,2250,2730.42
917,CHOCOLATE CALCULATOR,2268,3622.2
918,CHOCOLATE HOT WATER BOTTLE,5166,23931.600000000002
919,CHOCOLATE ICE CREAM CANDLE,2,3.9
920,CHOCOLATE THIS WAY METAL SIGN,5935,11186.12
921,CHRISTMAS CARD SCREEN PRINT ,948,309.84000000000003
922,CHRISTMAS CARD SINGING ANGEL,1337,456.66
923,CHRISTMAS CARD STACK OF PRESENTS,1153,365.58
924,CHRISTMAS CRAFT HEART DECORATIONS,422,838.2
925,CHRISTMAS CRAFT HEART STOCKING ,1264,2574.4
926,CHRISTMAS CRAFT LITTLE FRIENDS,1007,2043.2
927,CHRISTMAS CRAFT TREE TOP ANGEL,693,1393.8000000000002
928,CHRISTMAS CRAFT WHITE FAIRY ,1125,1559.25
929,CHRISTMAS DECOUPAGE CANDLE,589,482.19
930,"CHRISTMAS GARLAND STARS,TREES",716,1695.0
931,CHRISTMAS GINGHAM HEART,6004,4897.48
932,CHRISTMAS GINGHAM STAR,3372,2791.3199999999997
933,CHRISTMAS GINGHAM TREE,2786,2330.66
934,CHRISTMAS HANGING HEART WITH BELL,1537,1893.89
935,CHRISTMAS HANGING STAR WITH BELL,1116,1340.28
936,CHRISTMAS HANGING TREE WITH BELL,1033,1236.53
937,CHRISTMAS LIGHTS 10 REINDEER,996,8129.400000000001
938,CHRISTMAS LIGHTS 10 SANTAS ,643,5169.700000000001
939,CHRISTMAS LIGHTS 10 VINTAGE BAUBLES,1181,5381.150000000001
940,CHRISTMAS METAL POSTCARD WITH BELLS,1523,1739.5900000000001
941,CHRISTMAS METAL TAGS ASSORTED ,4692,3782.2799999999997
942,CHRISTMAS MUSICAL ZINC HEART ,1680,1325.04
943,CHRISTMAS MUSICAL ZINC STAR,1088,859.28
944,CHRISTMAS MUSICAL ZINC TREE,756,595.8
945,CHRISTMAS PUDDING TRINKET POT ,1940,2717.0
946,CHRISTMAS RETROSPOT ANGEL WOOD,2815,2299.1499999999996
947,CHRISTMAS RETROSPOT HEART WOOD,4351,3479.95
948,CHRISTMAS RETROSPOT STAR WOOD,3125,2550.17
949,CHRISTMAS RETROSPOT TREE WOOD,2719,2205.0699999999997
950,CHRISTMAS STAR WISH LIST CHALKBOARD,2830,2330.62
951,CHRISTMAS TOILET ROLL,3505,4153.06
952,CHRISTMAS TREE DECORATION WITH BELL,1599,671.5799999999999
953,CHRISTMAS TREE HEART DECORATION,1579,663.18
954,CHRISTMAS TREE PAINTED ZINC ,1050,682.5000000000001
955,CHRISTMAS TREE STAR DECORATION,1579,663.18
956,CHRISTMAS TREE T-LIGHT HOLDER,375,543.75
957,CHRYSANTHEMUM  JOURNAL,502,894.0
958,CHRYSANTHEMUM NOTEBOOK,3437,871.05
959,CHRYSANTHEMUM POCKET BOOK ,5675,813.35
960,CHRYSANTHEMUM SKETCHBOOK ,319,767.45
961,CHUNKY CRACKED GLAZE NECKLACE IVORY,6,64.5
962,CHUNKY SILVER NECKLACE PASTEL FLOWE,54,537.3
963,CINAMMON & ORANGE WREATH,918,2572.5
964,CINAMMON SET OF 9 T-LIGHTS,1153,980.05
965,CINNAMON SCENTED VOTIVE CANDLE,927,255.39
966,CIRCLE OF FRIENDS CANDLE HOLDER,295,344.24999999999994
967,CIRCUS PARADE CHILDRENS EGG CUP ,136,170.0
968,CIRCUS PARADE LUNCH BOX ,2547,4768.65
969,CIRCUS PARADE LUNCHBOX ,1,1.95
970,CITRONELLA CANDLE FLOWERPOT,1912,3124.9500000000003
971,CITRONELLA CANDLE GARDEN POT,2311,2399.87
972,CITRUS GARLAND FELT FLOWERS ,121,235.95
973,CLAM SHELL LARGE,743,561.45
974,CLAM SHELL SMALL ,126,254.76000000000002
975,CLASSIC DIAMANTE EARRINGS JET,1,2.95
976,CLASSIC DIAMANTE NECKLACE JET,3,22.5
977,CLASSIC FRENCH STYLE BASKET BROWN,48,324.0
978,CLASSIC FRENCH STYLE BASKET GREEN ,150,999.7
979,CLASSIC FRENCH STYLE BASKET NATURAL,177,1169.15
980,CLASSIC METAL BIRDCAGE PLANT HOLDER,799,8023.65
981,CLASSIC WHITE FRAME,976,2855.2000000000003
982,CLASSICAL ROSE CANDLESTAND,348,334.2
983,CLASSICAL ROSE DISH,283,528.85
984,CLASSICAL ROSE SMALL VASE,460,845.4
985,CLASSICAL ROSE TABLE LAMP,8,47.6
986,CLASSICAL ROSE URN,94,372.3
987,CLEAR ACRYLIC FACETED BANGLE,58,161.5
988,CLEAR COLOUR GLASS GEMS IN BAG,518,344.53999999999996
989,CLEAR CRYSTAL STAR PHONE CHARM,153,130.04999999999998
990,CLEAR DRAWER KNOB ACRYLIC EDWARDIAN,1056,1321.44
991,CLEAR LOVE BIRD T-LIGHT HOLDER,64,170.4
992,CLEAR MILKSHAKE GLASS,427,831.9
993,CLEAR STATIONERY BOX SET ,76,64.6
994,CLOTHES PEGS RETROSPOT PACK 24 ,5451,6483.63
995,COCKLE SHELL DISH,137,286.20000000000005
996,COFFEE MUG APPLES DESIGN,2553,6088.95
997,COFFEE MUG BLUE PAISLEY DESIGN,1632,3304.35
998,COFFEE MUG CAT + BIRD DESIGN,2745,6633.45
999,COFFEE MUG DOG + BALL DESIGN,2575,6234.15
1000,COFFEE MUG PEARS  DESIGN,2527,5101.41
1001,COFFEE MUG PINK PAISLEY DESIGN,1570,3061.56
1002,COFFEE SCENT PILLAR CANDLE,241,228.95
1003,COGNAC AUX OEUFS METAL 1 HOOK,31,38.75
1004,COLOUR GLASS T-LIGHT HOLDER HANGING,24032,14250.400000000001
1005,COLOUR GLASS. STAR T-LIGHT HOLDER,8837,24985.25
1006,COLOURFUL FISHING GNOME,285,844.5500000000001
1007,COLOURFUL FLOWER FRUIT BOWL,5,34.75
1008,COLOURFUL STANDING GNOME,707,1119.15
1009,COLOURING PENCILS BROWN TUBE,3563,3807.35
1010,COLUMBIAN  CUBE CANDLE ,222,61.980000000000004
1011,COLUMBIAN CANDLE RECTANGLE,691,542.15
1012,COLUMBIAN CANDLE ROUND,1100,465.64000000000004
1013,COLUMBIAN CANDLE ROUND ,294,307.14
1014,COLUMBIAN CUBE CANDLE,533,430.95
1015,CONCH SHELL,1252,535.8
1016,CONDIMENT TRAY 4 BOWLS AND 4 SPOONS,27,259.89
1017,CONGRATULATIONS BUNTING,137,746.6500000000001
1018,COOK WITH WINE METAL SIGN ,9624,17072.16
1019,COOKING SET RETROSPOT,654,6226.98
1020,COPPER AND BRASS BAG CHARM,6,29.700000000000003
1021,COPPER/OLIVE GREEN FLOWER NECKLACE,19,113.05000000000001
1022,CORONA MEXICAN TRAY,1349,4789.95
1023,COSMETIC BAG VINTAGE ROSE PAISLEY,986,1984.6000000000001
1024,COSY HOUR CIGAR BOX MATCHES ,2283,2849.19
1025,COSY HOUR GIANT TUBE MATCHES,1996,4981.799999999999
1026,COSY SLIPPER SHOES LARGE GREEN,523,1523.65
1027,COSY SLIPPER SHOES LARGE RED,167,492.65000000000003
1028,COSY SLIPPER SHOES SMALL  RED ,367,1063.45
1029,COSY SLIPPER SHOES SMALL GREEN,238,697.3000000000001
1030,COTE D'AZURE NECKLACE,30,148.5
1031,COUNTRY COTTAGE  DOORSTOP GREEN,261,1045.25
1032,COW  SOCK PUPPET,54,159.3
1033,COWBOYS AND INDIANS BIRTHDAY CARD ,4994,2000.28
1034,CRACKED GLAZE EARRINGS RED,1,2.55
1035,CRACKED GLAZE NECKLACE BROWN,3,20.85
1036,CRACKED GLAZE NECKLACE RED,1,6.95
1037,CRAZY DAISY HEART DECORATION,1126,721.1
1038,CREAM AND PINK FLOWERS PONY ,20,75.0
1039,CREAM C/COVER W YELLOW/GREEN FLOWER,10,69.5
1040,CREAM CLIMBING HYDRANGA ART FLOWER,115,152.85
1041,CREAM CUPID HEARTS COAT HANGER,5016,14864.52
1042,CREAM CUSHION COVER WITH FLOWERS,103,355.85
1043,CREAM DELPHINIUM ARTIFICIAL FLOWER,151,224.65000000000003
1044,CREAM FELT EASTER EGG BASKET,1263,2037.1499999999999
1045,CREAM HEART CARD HOLDER,9918,29911.72
1046,CREAM KNITTED HEN,288,365.76
1047,CREAM SLICE FLANNEL CHOCOLATE SPOT ,515,1480.8500000000001
1048,CREAM SLICE FLANNEL PINK SPOT ,1470,4058.1000000000004
1049,CREAM SWEETHEART DOUBLE SHELF,3,50.849999999999994
1050,CREAM SWEETHEART EGG HOLDER,354,1685.1000000000001
1051,CREAM SWEETHEART LETTER RACK,1522,6810.42
1052,CREAM SWEETHEART MAGAZINE RACK,277,4489.15
1053,CREAM SWEETHEART MINI CHEST,1292,15326.56
1054,CREAM SWEETHEART SHELF + HOOKS,923,6105.51
1055,CREAM SWEETHEART TRAYS,586,6785.5
1056,CREAM SWEETHEART WALL CABINET,473,7436.21
1057,CREAM WALL PLANTER HEART SHAPED,171,921.45
1058,CROCHET BEAR RED/BLUE  KEYRING,26,42.89999999999999
1059,CROCHET BEAR WITH BLUE STRIPES,100,255.0
1060,CROCHET DOG KEYRING,23,37.949999999999996
1061,CROCHET LILAC/RED BEAR KEYRING,11,18.15
1062,CROCHET POODLE KEYRING,21,34.64999999999999
1063,CROCHET ROSE DES CLOTHES HANGER,21,61.95
1064,CROCHET ROSE PURSE WITH SUEDE BACK,95,280.25000000000006
1065,CROCHET WHITE RABBIT KEYRING ,33,54.449999999999996
1066,CROSS STITCH ALPHABET CUSHION COVER,217,1291.15
1067,CRYSTAL CZECH CROSS PHONE CHARM,25,21.25
1068,CRYSTAL DIAMANTE EXPANDABLE RING,19,80.75
1069,CRYSTAL DIAMANTE STAR BROOCH,9,44.550000000000004
1070,CRYSTAL DRAGONFLY PHONE CHARM,3,2.55
1071,CRYSTAL FROG PHONE CHARM,105,89.25
1072,CRYSTAL HOOP EARRING FLORAL LEAF,24,70.80000000000001
1073,CRYSTAL KEY+LOCK PHONE CHARM,99,84.14999999999999
1074,CRYSTAL LARGE JEWELLED PHOTO FRAME,22,56.099999999999994
1075,CRYSTAL PAIR HEART HAIR SLIDES,17,63.75
1076,CRYSTAL SEA HORSE PHONE CHARM,186,158.1
1077,CRYSTAL SMALL JEWELLED PHOTOFRAME,1,1.65
1078,CRYSTAL STILETTO PHONE CHARM,273,232.04999999999998
1079,CRYSTAL STUD EARRINGS ASSORTED COL ,505,314.3
1080,CRYSTAL STUD EARRINGS CLEAR DISPLAY,252,95.75999999999999
1081,CUBIC MUG BLUE POLKA DOT,1249,1093.95
1082,CUBIC MUG FLOCK BLUE ON BROWN,1116,958.8
1083,CUBIC MUG FLOCK PINK ON BROWN,9,22.95
1084,CUBIC MUG PINK POLKA DOT,104,265.2
1085,CUBIC MUG PINK POLKADOT,56,142.79999999999998
1086,CUBIC MUG TEATIME CAKES,6,15.299999999999999
1087,CUPBOARD 3 DRAWER MA CAMPAGNE,42,592.6999999999999
1088,CUPCAKE LACE PAPER SET 6,1369,2482.35
1089,CUPID DESIGN SCENTED CANDLES,466,614.4
1090,CUPID SCENTED CANDLE IN GLASS,50,82.49999999999999
1091,CURIOUS  IMAGES NOTEBOOK SET,243,384.75
1092,CURIOUS IMAGES GIFT WRAP SET,204,219.60000000000002
1093,CURIOUS IMAGES SCRAP BOOK SET,340,528.6
1094,CUSHION COVER PINK UNION FLAG,101,643.35
1095,CUSHION COVER PINK UNION JACK,61,362.95000000000005
1096,CUT GLASS HEXAGON T-LIGHT HOLDER,500,951.34
1097,CUT GLASS T-LIGHT HOLDER OCTAGON,954,1673.1599999999999
1098,CUTE BIRD CEATURE SCREEN,6,9.899999999999999
1099,CUTE CATS TAPE,221,143.65
1100,CUTE RABBIT CEATURE SCREEN ,4,6.6
1101,DADDY MOUSE RED GINGHAM BOW TIE,1,5.45
1102,DAIRY MAID  PUDDING BOWL,1297,1863.75
1103,DAIRY MAID  SMALL  MILK JUG,217,455.70000000000005
1104,DAIRY MAID BUTTER DISH,1194,1762.5
1105,DAIRY MAID CERAMIC BUTTER DISH,106,441.5
1106,DAIRY MAID CERAMIC TOASTRACK,56,165.20000000000002
1107,DAIRY MAID LARGE MILK JUG,544,2577.3
1108,DAIRY MAID STRIPE MUG,531,1508.8500000000001
1109,DAIRY MAID SUGAR JAM BOWL,1374,1362.6
1110,DAIRY MAID TOASTRACK,109,314.35
1111,DAIRY MAID TRADITIONAL TEAPOT ,662,3777.1
1112,DAISIES  HONEYCOMB GARLAND ,1059,1646.55
1113,DAISY ERASERS IN BAG,1015,219.76
1114,DAISY FOLKART HEART DECORATION,293,366.25
1115,DAISY GARDEN MARKER,769,959.35
1116,DAISY HAIR BAND,21,34.64999999999999
1117,DAISY HAIR COMB,8,20.4
1118,DAISY JOURNAL ,341,545.5500000000001
1119,DAISY NOTEBOOK ,3451,654.15
1120,DAISY RING,11,13.75
1121,DAISY SKETCHBOOK ,175,420.65
1122,DANISH ROSE BEDSIDE CABINET,18,679.1
1123,DANISH ROSE DECORATIVE PLATE,100,210.0
1124,DANISH ROSE DELUXE COASTER,371,315.34999999999997
1125,DANISH ROSE FOLDING CHAIR,8,319.6
1126,DANISH ROSE PHOTO FRAME,269,664.35
1127,DANISH ROSE ROUND SEWING BOX,102,433.5
1128,DANISH ROSE TRINKET TRAYS,58,345.1
1129,DANISH ROSE UMBRELLA STAND,31,481.65
1130,DARK BIRD HOUSE TREE DECORATION,182,134.06
1131,DARK CHOCOLATE SCENTCANDLE,291,219.75
1132,DARK PINK FLOCK GLASS CANDLEHOLDER,547,231.99
1133,DECORATION  BUTTERFLY  MAGIC GARDEN,574,462.94
1134,DECORATION  PINK CHICK MAGIC GARDEN,392,329.03999999999996
1135,"DECORATION , HANGING METAL CHICKEN",601,586.25
1136,"DECORATION , HANGING METAL RABBIT",814,852.5
1137,"DECORATION , WOBBLY CHICKEN, METAL ",541,695.25
1138,"DECORATION , WOBBLY RABBIT , METAL ",795,1114.35
1139,"DECORATION HEN ON NEST, HANGING",1829,2705.2499999999995
1140,DECORATION WHITE CHICK MAGIC GARDEN,664,551.92
1141,"DECORATION, HANGING HEART+MIRROR ",2619,1695.15
1142,DECORATIVE CATS BATHROOM BOTTLE,442,531.98
1143,DECORATIVE FLORE BATHROOM BOTTLE,229,286.25
1144,DECORATIVE HANGING SHELVING UNIT,8,439.6
1145,DECORATIVE NET CANOPY CREAM,68,541.6
1146,DECORATIVE NET CANOPY LEOPARD,73,248.75
1147,DECORATIVE PLANT POT WITH FRIEZE,29,230.55
1148,DECORATIVE ROSE BATHROOM BOTTLE,358,442.94
1149,"DECOUPAGE,GREETING CARD,",1092,453.6
1150,DEEP BLUE GLASS GEMS IN BAG,316,208.12
1151,DELUXE SEWING KIT ,1092,6221.400000000001
1152,DENIM PATCH PENCIL CASE BUTTERFLY,247,483.33
1153,DENIM PATCH PURSE PINK BUTTERFLY,195,321.75
1154,DIAMANTE BOW BROOCH BLACK COLOUR,83,527.05
1155,DIAMANTE BOW BROOCH GREEN COLOUR,26,165.1
1156,DIAMANTE BOW BROOCH RED COLOUR,40,253.99999999999997
1157,DIAMANTE BOW BROOCH WHITE COLOUR,1,6.35
1158,DIAMANTE HAIR GRIP PACK/2 BLACK DIA,8,13.2
1159,DIAMANTE HAIR GRIP PACK/2 CRYSTAL,12,19.799999999999997
1160,DIAMANTE HAIR GRIP PACK/2 LT ROSE,12,19.799999999999997
1161,DIAMANTE HAIR GRIP PACK/2 MONTANA,17,28.049999999999997
1162,DIAMANTE HAIR GRIP PACK/2 PERIDOT,20,33.0
1163,DIAMANTE HAIR GRIP PACK/2 RUBY,14,23.099999999999998
1164,"DIAMANTE HEART SHAPED WALL MIRROR, ",516,3529.76
1165,DIAMANTE NECKLACE,6,45.0
1166,DIAMANTE NECKLACE BLACK ,1,7.5
1167,DIAMANTE NECKLACE PURPLE,3,22.5
1168,DIAMANTE RING ASSORTED IN BOX.,792,1349.52
1169,DIAMOND LAS VEGAS NECKLACE 45CM,4,23.8
1170,DINOSAUR BIRTHDAY CARD,1642,678.84
1171,DINOSAUR HEIGHT CHART STICKER SET,382,969.7
1172,DINOSAUR KEYRINGS ASSORTED,7934,1649.9399999999998
1173,DINOSAUR LUNCH BOX WITH CUTLERY,1111,2671.0499999999997
1174,DINOSAUR LUNCHBOX WITH CUTLERY,544,1327.8
1175,DINOSAUR PARTY BAG + STICKER SET,1530,2388.5
1176,DINOSAURS  WRITING SET ,1055,1703.7899999999997
1177,DINOSAURS WATER TRANSFER TATTOOS ,1782,1469.8999999999999
1178,DISCO BALL CHRISTMAS DECORATION,8782,991.24
1179,DISCO BALL ROTATOR BATTERY OPERATED,311,1320.75
1180,DISTRESSED CANDLE STICK WHITE,13,77.35
1181,DO NOT TOUCH MY STUFF DOOR HANGER ,1584,1008.0
1182,DOCTOR'S BAG SOFT TOY,365,3166.75
1183,"DOG BOWL , CHASING BALL DESIGN",695,2537.13
1184,DOG BOWL CHASING BALL DESIGN,363,1347.69
1185,DOG BOWL VINTAGE CREAM,90,370.5
1186,"DOG BOWL, ENAMEL , CREAM COLOUR",8,34.0
1187,"DOG FOOD CONTAINER , VINTAGE",10,85.0
1188,DOG TOY WITH PINK CROCHET SKIRT,279,1041.93
1189,DOGGY RUBBER,471,98.91
1190,DOLLY GIRL CHILDRENS EGG CUP,105,131.25
1191,DOLLY GIRL LUNCH BOX,6287,11314.05
1192,DOLLY HONEYCOMB GARLAND,368,575.9999999999999
1193,DOLLY MIXTURE CHILDREN'S UMBRELLA,316,1018.0
1194,DOLPHIN WINDMILL,61,129.32000000000002
1195,DOOR HANGER  MUM + DADS ROOM,828,931.8
1196,DOOR MAT 3 SMILEY CATS,1777,9890.17
1197,DOOR MAT AIRMAIL ,429,3003.51
1198,DOOR MAT BIRD ON THE WIRE,562,3337.8
1199,DOOR MAT BLACK FLOCK ,1222,6937.88
1200,DOOR MAT BLUE FLOCK,1,6.75
1201,DOOR MAT CAMOUFLAGE,38,152.0
1202,DOOR MAT ENGLISH ROSE ,1448,9364.42
1203,DOOR MAT FAIRY CAKE,1644,10377.68
1204,DOOR MAT FANCY FONT HOME SWEET HOME,1117,7415.39
1205,DOOR MAT FRIENDSHIP ,432,2941.06
1206,DOOR MAT GREEN PAISLEY ,255,1424.09
1207,DOOR MAT HEARTS,1662,9774.98
1208,DOOR MAT KISS MY.......,13,95.15
1209,DOOR MAT MULTICOLOUR STRIPE,1038,6278.18
1210,DOOR MAT NEIGHBOURHOOD WITCH ,79,565.89
1211,DOOR MAT NEW ENGLAND,1956,12543.42
1212,DOOR MAT RED SPOT,2427,15100.97
1213,DOOR MAT RESPECTABLE HOUSE,358,2479.86
1214,DOOR MAT SPOTTY HOME SWEET HOME,1734,10129.18
1215,DOOR MAT SWEET HOME,28,131.25
1216,DOOR MAT TOPIARY,1023,6428.79
1217,DOOR MAT UNION FLAG,3738,24253.68
1218,DOOR MAT UNION JACK GUNS AND ROSES,728,4569.76
1219,DOOR MAT WELCOME PUPPIES,1415,7842.59
1220,DOORMAT 3 SMILEY CATS,1222,7123.72
1221,DOORMAT AIRMAIL ,1239,7189.35
1222,DOORMAT BIRD ON THE WIRE,223,1100.15
1223,DOORMAT BLACK FLOCK ,1050,5975.56
1224,DOORMAT CHRISTMAS VILLAGE,269,1975.23
1225,DOORMAT ENGLISH ROSE ,1229,7157.09
1226,DOORMAT FAIRY CAKE,1357,8135.51
1227,DOORMAT FANCY FONT HOME SWEET HOME,1842,11296.76
1228,DOORMAT FRIENDSHIP ,795,4099.43
1229,DOORMAT HEARTS,2623,15866.39
1230,DOORMAT HOME SWEET HOME BLUE ,908,5788.62
1231,DOORMAT I LOVE LONDON,513,3050.43
1232,DOORMAT KISS MY.......,22,106.58
1233,DOORMAT MERRY CHRISTMAS RED ,392,2847.1
1234,DOORMAT MULTICOLOUR STRIPE,859,4527.75
1235,DOORMAT NEIGHBOURHOOD WITCH ,794,4094.98
1236,DOORMAT NEW ENGLAND,1528,9253.08
1237,DOORMAT PEACE ON EARTH BLUE,190,1423.22
1238,DOORMAT RED RETROSPOT,1084,7734.6
1239,DOORMAT RED SPOT,1035,7050.21
1240,DOORMAT RESPECTABLE HOUSE,1158,6595.1
1241,DOORMAT SPOTTY HOME SWEET HOME,1084,7655.3
1242,DOORMAT TOPIARY,1186,6831.88
1243,DOORMAT UNION FLAG,2611,17022.31
1244,DOORMAT UNION JACK GUNS AND ROSES,940,5253.88
1245,DOORMAT WELCOME PUPPIES,1334,7757.16
1246,DOORMAT WELCOME SUNRISE,377,2357.01
1247,DOORMAT WELCOME TO OUR HOME,559,3652.23
1248,DOORSTOP FOOTBALL DESIGN,428,1293.48
1249,DOORSTOP RACING CAR DESIGN,261,667.23
1250,DOORSTOP RETROSPOT HEART,1225,4517.79
1251,DOORSTOP RUSSIAN DOLL GINGHAM,38,142.5
1252,DOORSTOP RUSSIAN DOLL RETROSPOT,101,367.23
1253,DOT MATRIX CANVAS ART PICTURE,35,147.05
1254,DOTS IRONING BOARD COVER,13,25.35
1255,DOTTY PLACEMATS ,52,175.8
1256,DOVE DECORATION PAINTED ZINC ,2212,1380.2
1257,DRAGONS BLOOD INCENSE,575,110.75
1258,DRAWER KNOB ACRYLIC EDWARDIAN CLEAR,24,30.0
1259,DRAWER KNOB ACRYLIC EDWARDIAN GREEN,24,30.0
1260,DRAWER KNOB ACRYLIC EDWARDIAN PINK,24,30.0
1261,DRAWERKNOB ACRYLIC EDWARDIAN PURPLE,24,30.0
1262,DROP DIAMANTE EARRINGS BLACK DIAMON,8,23.6
1263,DROP DIAMANTE EARRINGS CRYSTAL,4,11.8
1264,DROP DIAMANTE EARRINGS GREEN,2,5.9
1265,DROP DIAMANTE EARRINGS PURPLE,14,41.300000000000004
1266,DROP EARRINGS W FLOWER & LEAF,1,2.55
1267,DUCK SOCK PUPPET,4,11.8
1268,DUSTY PINK CHRISTMAS TREE 30CM,10,12.5
1269,DUSTY PINK CHRISTMAS TREE 60CM,1,2.95
1270,Discount,196,397.89
1271,EASTER BUNNIES ON A STICK,1536,783.96
1272,EASTER BUNNY GARLAND OF FLOWERS,849,356.58
1273,EASTER BUNNY HANGING GARLAND,100,125.0
1274,EASTER BUNNY WITH BASKET ON BACK,99,64.35000000000001
1275,EASTER BUNNY WREATH,48,223.6
1276,EASTER CRAFT 4 CHICKS ,1185,2082.75
1277,EASTER CRAFT IVY WREATH WITH CHICK,1346,2348.7
1278,EASTER DECORATION EGG BUNNY ,630,601.98
1279,EASTER DECORATION HANGING BUNNY,619,397.55
1280,EASTER DECORATION NATURAL CHICK,1275,800.75
1281,EASTER DECORATION SITTING BUNNY,515,415.90999999999997
1282,EASTER TIN BUCKET,1003,2431.65
1283,EASTER TIN BUNNY BOUQUET,52,85.79999999999998
1284,EASTER TIN CHICKS PINK DAISY,22,36.3
1285,EASTER TIN KEEPSAKE,8,13.2
1286,EASTER TREE YELLOW BIRDS,317,1561.5500000000002
1287,EAU DE NIL DINER WALL CLOCK,244,2033.2
1288,EAU DE NIL LOVE BIRD CANDLE,61,76.25
1289,EAU DE NILE HEART SHAPE PHOTO FRAME,224,369.59999999999997
1290,EAU DE NILE JEWELLED PHOTOFRAME,213,488.25
1291,EAU DE NILE JEWELLED T-LIGHT HOLDER,99,84.15
1292,ECONOMY HOLIDAY PURSE,867,328.85
1293,ECONOMY LUGGAGE TAG,197,246.25
1294,ECONOMY PASSPORT COVER ,200,420.0
1295,EDWARDIAN 2 DRAWER WALL CABINET ,52,755.8
1296,EDWARDIAN PARASOL BLACK,6709,31457.55
1297,EDWARDIAN PARASOL NATURAL,7201,34044.75
1298,EDWARDIAN PARASOL PINK,1723,7887.05
1299,EDWARDIAN PARASOL RED,4504,20084.8
1300,EDWARDIAN TOILET ROLL UNIT ,161,838.35
1301,EGG CUP NATURAL CHICKEN,560,674.16
1302,EIGHT PIECE CREEPY CRAWLIE SET,812,1010.44
1303,EIGHT PIECE DINOSAUR SET,1612,1973.96
1304,EIGHT PIECE SNAKE  SET,753,900.21
1305,ELEPHANT CARNIVAL POUFFE,96,1329.6
1306,ELEPHANT CLIP W SUCTION CUP,18,7.56
1307,ELEPHANT TOY WITH BLUE T-SHIRT,161,599.43
1308,"ELEPHANT, BIRTHDAY CARD, ",4860,1956.24
1309,ELVIS WALLHANGING / CURTAIN,249,311.25
1310,EMBOSSED FLOWER TRELLIS PHOTO FRAME,5,12.75
1311,EMBOSSED GLASS TEALIGHT HOLDER,1933,2359.25
1312,EMBOSSED HEART 3 DRAWER SHELF,161,2038.35
1313,EMBROIDERED REINDEER DECORATION,19,28.85
1314,EMERGENCY FIRST AID TIN ,1700,2106.76
1315,EMPIRE BIRTHDAY CARD,3801,1513.62
1316,EMPIRE DESIGN ROSETTE,284,355.0
1317,EMPIRE GIFT WRAP,4875,1977.5
1318,EMPIRE TEDDY,1,6.95
1319,EMPIRE TISSUE BOX,1111,1244.39
1320,EMPIRE UNION JACK TV DINNER TRAY,423,1993.0500000000002
1321,ENAMEL BLUE RIM BISCUIT BIN,184,877.2
1322,ENAMEL BLUE RIM COFFEE CONTAINER,161,293.1
1323,ENAMEL BLUE RIM OVAL TRAY SET/2,48,407.52
1324,ENAMEL BLUE RIM TEA CONTAINER,73,153.3
1325,ENAMEL BREAD BIN CREAM,615,7445.25
1326,ENAMEL CAT BOWL CREAM,52,157.8
1327,ENAMEL COLANDER CREAM,267,1310.45
1328,ENAMEL COLLANDER CREAM,115,527.25
1329,ENAMEL DOG BOWL CREAM,76,300.48
1330,ENAMEL FIRE BUCKET CREAM,219,1514.25
1331,ENAMEL FLOWER JUG CREAM,1077,6222.650000000001
1332,ENAMEL MEASURING JUG CREAM,1008,4134.0
1333,ENAMEL PINK COFFEE CONTAINER,515,736.98
1334,ENAMEL PINK SUGAR CONTAINER,391,581.58
1335,ENAMEL PINK TEA CONTAINER,649,923.7
1336,ENAMEL WASH BOWL CREAM,535,1890.25
1337,ENAMEL WATERING CAN CREAM,758,3339.1400000000003
1338,ENCHANTED BIRD COATHANGER 5 HOOK,1454,5981.34
1339,ENCHANTED BIRD PLANT CAGE,253,871.95
1340,ENCHANTED GARDEN WROUGHT IRON TABLE,5,74.75
1341,ENGLISH ROSE DESIGN PEG BAG,2267,4489.280000000001
1342,ENGLISH ROSE DESIGN QUILTED THROW,306,4391.1
1343,ENGLISH ROSE DESIGN SHOPPING BAG,1,2.55
1344,ENGLISH ROSE EDWARDIAN PARASOL,505,1515.0
1345,ENGLISH ROSE GARDEN SECATEURS,640,976.8
1346,ENGLISH ROSE HOT WATER BOTTLE,712,2897.25
1347,ENGLISH ROSE IRONING BOARD COVER,104,390.0
1348,ENGLISH ROSE METAL WASTE BIN,128,377.6
1349,ENGLISH ROSE MUG IN GIFT BOX,144,235.44
1350,ENGLISH ROSE NOTEBOOK A6 SIZE,177,115.05000000000001
1351,ENGLISH ROSE NOTEBOOK A7 SIZE,1849,776.5799999999999
1352,ENGLISH ROSE PHOTO FRAME ,15,69.75
1353,ENGLISH ROSE PLACEMATS,107,382.05
1354,ENGLISH ROSE SCENTED HANGING FLOWER,22,93.5
1355,ENGLISH ROSE SCENTED HANGING HEART,46,195.5
1356,ENGLISH ROSE SCISSORS,4372,871.4
1357,ENGLISH ROSE SET/3 GARDEN TOOLS,3,23.85
1358,ENGLISH ROSE SMALL SCENTED FLOWER,99,84.14999999999999
1359,ENGLISH ROSE SPIRIT LEVEL ,44,85.8
1360,ENGLISH ROSE TABLE CLOCK,136,307.2
1361,ENGLISH ROSE TABLE CLOTH,207,2096.55
1362,ENGLISH ROSE TAPE MEASURE,257,316.69
1363,ENGLISH ROSE TEA FOR ONE GIFT BOX,1,6.75
1364,ENGLISH ROSE TEA SET IN GIFT BOX,49,207.69
1365,ENGLISH ROSE TORCH,527,194.75
1366,ENVELOPE 50 BLOSSOM IMAGES,912,589.4399999999999
1367,ENVELOPE 50 CURIOUS IMAGES,891,571.5899999999999
1368,ENVELOPE 50 ROMANTIC IMAGES,919,595.39
1369,ESSENTIAL BALM 3.5g TIN IN ENVELOPE,5505,638.1
1370,ETCHED GLASS BIRD TREE DECORATION,812,1015.0
1371,ETCHED GLASS COASTER,694,867.5
1372,ETCHED GLASS DROPLET DECORATION,1905,851.23
1373,ETCHED GLASS STAR TREE DECORATION,897,1121.25
1374,EUCALYPTUS & PINECONE  WREATH,445,1208.55
1375,F FAIRY POTPOURRI CUSHIONS LAVENDER,170,137.54000000000002
1376,F FAIRY POTPOURRI CUSHIONS SUMMER,1,1.69
1377,F.FAIRY S/3 CANDLE/GLASS,110,226.5
1378,"F.FAIRY S/3 CANDLE/GLASS, ROSE",232,476.4
1379,"F.FAIRY S/3 CANDLE/GLASS,LAVENDER",193,380.35
1380,"F.FAIRY S/3 CANDLE/GLASS,LILY/VALLY",177,349.15000000000003
1381,"F.FAIRY S/3 SML CANDLE, LAVENDER",1,5.95
1382,"F.FAIRY S/3 SML CANDLE, ROSE",1,5.95
1383,"F.FAIRY S/3 SML CANDLE,LILY/VALLEY",1,5.95
1384,"F.FAIRY,CANDLE IN GLASS,LAVENDER",3,12.75
1385,"F.FAIRY,CANDLE IN GLASS,LILY/VALLEY",1,4.25
1386,FAIRY CAKE BIRTHDAY CANDLE SET,1093,3868.35
1387,FAIRY CAKE CANDLES,3850,5244.02
1388,FAIRY CAKE CERAMIC BUTTER DISH,193,526.15
1389,FAIRY CAKE DESIGN UMBRELLA,745,2726.55
1390,FAIRY CAKE FLANNEL ASSORTED COLOUR,2540,6229.95
1391,FAIRY CAKE GREETINGS CARD,821,340.5
1392,FAIRY CAKE NOTEBOOK A5 SIZE,721,612.8499999999999
1393,FAIRY CAKE PLACEMATS,100,355.8
1394,FAIRY CAKE PLACEMATS ,75,262.05
1395,FAIRY CAKE WICKER PICNIC BASKET ,34,433.5
1396,FAIRY CAKES  WALL THERMOMETER,28,71.39999999999999
1397,FAIRY CAKES GIFT BAG,117,49.14
1398,FAIRY CAKES NOTEBOOK A6 SIZE,1316,822.2800000000001
1399,FAIRY CAKES NOTEBOOK A7 SIZE,1198,503.15999999999997
1400,FAIRY CAKES PHOTO FRAME,83,103.75
1401,FAIRY CAKES RECTANGLUAR BOXES,38,226.1
1402,FAIRY CAKES ROUND NESTING BOXES,52,293.8
1403,FAIRY CAKES TABLE CLOCK,19,170.04999999999998
1404,FAIRY CAKES TILE COASTER,127,158.75
1405,FAIRY DESIGN MUGS,2,2.5
1406,FAIRY DREAMS INCENSE ,1391,278.36
1407,FAIRY SOAP SOAP HOLDER,1620,2596.68
1408,FAIRY TALE COTTAGE NIGHTLIGHT,2723,4856.25
1409,FAMILY ALBUM WHITE PICTURE FRAME,1065,8624.1
1410,FAMILY PHOTO FRAME CORNICE,313,3021.5499999999997
1411,FAN BLACK FRAME ,111,32.19
1412,"FANCY FONT BIRTHDAY CARD, ",6098,2440.92
1413,FANCY FONT HOME SWEET HOME DOORMAT,622,3822.5
1414,FANCY FONTS BIRTHDAY WRAP,8975,3579.5
1415,FANNY'S REST STOPMETAL SIGN,1931,3900.1200000000003
1416,FAUX FUR CHOCOLATE THROW,24,478.79999999999995
1417,FAWN AND MUSHROOM GREETING CARD,1016,426.72
1418,FAWN BLUE HOT WATER BOTTLE,4907,13439.650000000001
1419,"FEATHER DUSTER, COAL BLACK",170,212.5
1420,"FEATHER DUSTER, LIGHT PINK",10,12.5
1421,FEATHER HEART LIGHTS,1,2.95
1422,"FEATHER PEN,COAL BLACK",1465,1201.57
1423,"FEATHER PEN,HOT PINK",2499,2049.27
1424,"FEATHER PEN,LIGHT PINK",1350,1103.82
1425,FELT EGG COSY BLUE RABBIT ,787,629.9499999999999
1426,FELT EGG COSY CHICKEN,828,703.8
1427,FELT EGG COSY LADYBIRD ,472,363.76
1428,FELT EGG COSY WHITE RABBIT ,1241,971.91
1429,FELT FARM ANIMAL CHICKEN,593,709.33
1430,FELT FARM ANIMAL HEN,96,120.0
1431,FELT FARM ANIMAL RABBIT,394,460.58000000000004
1432,FELT FARM ANIMAL SHEEP,40,50.0
1433,FELT FARM ANIMAL WHITE BUNNY ,431,364.78999999999996
1434,FELT TOADSTOOL  SMALL,487,413.95
1435,FELT TOADSTOOL LARGE,713,891.25
1436,FELTCRAFT 6 FLOWER FRIENDS,6483,13089.800000000001
1437,FELTCRAFT BUTTERFLY HEARTS,6803,9374.75
1438,FELTCRAFT CHRISTMAS FAIRY,1550,6419.5
1439,FELTCRAFT CUSHION BUTTERFLY,2856,9931.2
1440,FELTCRAFT CUSHION OWL,2227,8065.41
1441,FELTCRAFT CUSHION RABBIT,2567,9197.85
1442,FELTCRAFT DOLL EMILY,2427,6651.51
1443,FELTCRAFT DOLL MARIA,1173,3202.61
1444,FELTCRAFT DOLL MOLLY,2784,7717.4400000000005
1445,FELTCRAFT DOLL ROSIE,3183,8779.79
1446,FELTCRAFT HAIRBAND PINK AND BLUE,1213,1012.3299999999999
1447,FELTCRAFT HAIRBAND PINK AND PURPLE,1877,1497.1699999999998
1448,FELTCRAFT HAIRBAND RED AND BLUE,1018,846.5799999999999
1449,"FELTCRAFT HAIRBAND S/2, PINK/PURPLE",96,81.6
1450,"FELTCRAFT HAIRBAND, S/2, RED/BLUE",204,154.67999999999998
1451,FELTCRAFT HAIRBANDS PINK + WHITE ,72,61.199999999999996
1452,FELTCRAFT HAIRBANDS PINK AND WHITE ,1048,872.0799999999999
1453,FELTCRAFT PRINCESS CHARLOTTE DOLL,1293,4745.07
1454,FELTCRAFT PRINCESS LOLA DOLL,1182,4328.82
1455,FELTCRAFT PRINCESS OLIVIA DOLL,745,2759.19
1456,FENG SHUI PILLAR CANDLE,3085,586.1500000000001
1457,FILIGREE DIAMANTE CHAIN,4,51.0
1458,FILIGREE DIAMANTE EARRINGS,13,55.25
1459,FILIGREE WALL MIRROR  ANTIQUE WHITE,92,848.8
1460,FILIGRIS HEART WITH BUTTERFLY,6929,8415.01
1461,FINE SILVER NECKLACE W PASTEL FLOWE,22,165.0
1462,FINE WICKER HEART ,2311,2806.67
1463,FIRE POLISHED GLASS BRACELET BLACK,13,48.75
1464,FIRE POLISHED GLASS BRACELET GREEN,8,30.0
1465,FIRE POLISHED GLASS BRACELET MONTAN,7,26.25
1466,FIRE POLISHED GLASS BRACELET RED,1,3.75
1467,FIRE POLISHED GLASS NECKL BRONZE,9,53.55
1468,FIRE POLISHED GLASS NECKL GOLD,6,35.7
1469,FIRE POLISHED GLASS NECKL GREEN,18,107.10000000000001
1470,FIRE POLISHED GLASS NECKL SILVER,7,41.65
1471,FIRST AID TIN,2320,7402.0
1472,FIRST CLASS HOLIDAY PURSE ,686,353.30000000000007
1473,FIRST CLASS LUGGAGE TAG ,236,290.44
1474,FIRST CLASS PASSPORT COVER ,386,726.1400000000001
1475,FIVE CATS HANGING DECORATION,281,826.5500000000001
1476,FIVE HEART HANGING DECORATION,1105,3238.1500000000005
1477,FLAG OF ST GEORGE ,359,592.35
1478,FLAG OF ST GEORGE CAR FLAG,953,379.26
1479,FLAG OF ST GEORGE CHAIR,36,173.4
1480,FLAMES SUNGLASSES PINK LENSES,26,50.699999999999996
1481,FLAMINGO LIGHTS,527,2416.85
1482,FLAT GLASS  BAUBLE WHITE FLOCK ,36,51.0
1483,FLAT PALM T-LIGHT HOLDER,133,156.65
1484,FLOOR CUSHION ELEPHANT CARNIVAL,53,474.34999999999997
1485,FLOOR LAMP SHADE WOOD BASE,82,631.84
1486,FLORAL BATHROOM SET,2296,971.76
1487,FLORAL BLUE MONSTER,78,315.0
1488,FLORAL DINOSAUR GREEN,26,110.5
1489,FLORAL ELEPHANT SOFT TOY,883,3451.25
1490,FLORAL FOLK STATIONERY SET,701,1273.55
1491,FLORAL PINK MONSTER,77,277.23
1492,FLORAL SOFT CAR TOY,91,341.25
1493,FLOWER BLUE CLOCK W/SUCKER,80,68.0
1494,FLOWER BROOCH 4 ASSORTED COLOURS,5,24.75
1495,FLOWER BURST SILVER RING CRYSTAL,86,297.5
1496,FLOWER BURST SILVER RING GREEN,15,56.25
1497,FLOWER BURST SILVER RING MIDN'T BLU,25,93.75
1498,FLOWER BURST SILVER RING OPAL,39,146.25
1499,FLOWER BURST SILVER RING ROSE,18,67.5
1500,FLOWER DES BLUE HANDBAG/ORANG HANDL,3,11.25
1501,FLOWER FAIRY INCENSE BOUQUET,1195,557.59
1502,FLOWER FAIRY INCENSE LAVENDER,4541,892.91
1503,FLOWER FAIRY INCENSE LILY,709,333.61
1504,FLOWER FAIRY INCENSE ROSE,3124,661.23
1505,"FLOWER FAIRY MUG+COASTER,LAVENDER",16,60.0
1506,"FLOWER FAIRY MUG+COASTER,ROSE",6,22.5
1507,FLOWER FAIRY OIL BURNER SET ROSE,588,750.0
1508,FLOWER FAIRY OIL BURNER SET SUMMER,533,693.25
1509,FLOWER FAIRY POTPOURRI CUSHION LILY,292,201.24
1510,FLOWER FAIRY SET 3 CANDLES LAVENDER,302,660.9
1511,FLOWER FAIRY SET OF 3 LILY CANDLES,206,417.7
1512,FLOWER FAIRY SUMMER BOUQUET SACHET,355,149.1
1513,"FLOWER FAIRY,5 SUMMER B'DRAW LINERS",156,397.79999999999995
1514,FLOWER GARLAND NECKLACE RED,15,119.25
1515,"FLOWER GLASS GARLAND NECKL.36""BLACK",24,190.8
1516,"FLOWER GLASS GARLAND NECKL.36""BLUE",16,127.2
1517,"FLOWER GLASS GARLAND NECKL.36""GREEN",13,103.35000000000001
1518,"FLOWER GLASS GARLD NECKL36""AMETHYST",11,87.45
1519,"FLOWER GLASS GARLD NECKL36""TURQUOIS",9,71.55000000000001
1520,FLOWER PENCIL/RUBBER+5 MINI PENCILS,493,207.06
1521,FLOWER PURPLE CLOCK W/SUCKER,12,10.2
1522,FLOWER VINE RAFFIA FOOD COVER,690,2472.3
1523,FLOWER WINDMILL,219,255.51000000000002
1524,FLOWERS  STICKERS,909,611.61
1525,FLOWERS AND BIRDS WALL PLAQUE,2,15.9
1526,FLOWERS TILE COASTER,114,142.5
1527,FLOWERS TILE HOOK,432,131.52
1528,FLOWERS WALL THERMOMETER,75,130.04999999999998
1529,FLUTED ANTIQUE CANDLE HOLDER,759,635.79
1530,FLYING PIG WATERING CAN,264,685.2
1531,FLYING SAUCER TABLE LIGHT IN WHITE,191,563.45
1532,FOLDING CAMPING SCISSOR W/KNIF & S,14,1.68
1533,FOLDING SHIRT TIDY,1,4.65
1534,FOLDING SHOE TIDY,45,123.15
1535,FOLDING UMBRELLA  CHOC/WHITE  SPOT,524,2023.8
1536,FOLDING UMBRELLA  CREAM/MULTI  SPOT,372,1193.4
1537,FOLDING UMBRELLA  PINK/WHITE  SPOT,578,1493.1
1538,FOLDING UMBRELLA  WHITE/RED  SPOT,259,922.0500000000001
1539,"FOLDING UMBRELLA , BLACK/BLUE  SPOT",772,3035.4
1540,"FOLDING UMBRELLA , RED/WHITE SPOT",902,2808.9
1541,FOLDING UMBRELLA BLACKBLUE POLKADOT,65,321.75
1542,FOLDING UMBRELLA CHOCOLATE POLKADOT,33,163.35
1543,FOLDING UMBRELLA CREAM POLKADOT,42,207.9
1544,FOLDING UMBRELLA PINKWHITE POLKADOT,35,173.25
1545,FOLDING UMBRELLA RED/WHITE POLKADOT,86,425.7
1546,FOLDING UMBRELLA WHITE/RED POLKADOT,16,79.2
1547,"FOLK ART GREETING CARD,pack/12",49,144.55
1548,FOLK ART METAL HEART T-LIGHT HOLDER,580,220.40000000000003
1549,FOLK ART METAL STAR T-LIGHT HOLDER,429,168.66000000000003
1550,FOLK FELT HANGING MULTICOL GARLAND,956,1141.8
1551,FOLKART BAUBLE CHRISTMAS DECORATION,1339,671.51
1552,FOLKART CHRISTMAS TREE T-LIGHT HOLD,217,82.46000000000001
1553,FOLKART CLIP ON STARS,384,241.92000000000002
1554,FOLKART CROWN TABLE DECORATIONS,452,380.03999999999996
1555,FOLKART HEART CHRISTMAS DECORATIONS,1,1.25
1556,FOLKART HEART NAPKIN RINGS,197,540.35
1557,FOLKART STAR CHRISTMAS DECORATIONS,344,430.0
1558,FOLKART ZINC CLIP ON ANGEL WINGS,104,39.52
1559,FOLKART ZINC HEART CHRISTMAS DEC,8042,6161.78
1560,FOLKART ZINC STAR CHRISTMAS DEC,1102,936.6999999999999
1561,FOOD CONTAINER SET 3 LOVE HEART ,3142,5606.4
1562,FOOD/DRINK SPONGE STICKERS,946,198.66
1563,FOOD/DRINK SPUNGE STICKERS,759,158.19
1564,FORKED CACTUS CANDLE,225,454.95000000000005
1565,FOUR HOOK  WHITE LOVEBIRDS,2359,4646.04
1566,FOUR PICTURE WHITE GLASS FRAME,23,86.25
1567,FOUR RABBIT EASTER DECORATIONS,998,191.5
1568,FRAPPUCINO SCARF KNITTING KIT,231,395.85
1569,FREESTYLE CANVAS ART PICTURE,93,176.84999999999997
1570,FRENCH BATHROOM SIGN BLUE METAL,1357,2181.45
1571,FRENCH BLUE METAL DOOR SIGN 0,26,32.5
1572,FRENCH BLUE METAL DOOR SIGN 1,92,115.0
1573,FRENCH BLUE METAL DOOR SIGN 2,68,85.0
1574,FRENCH BLUE METAL DOOR SIGN 3,53,66.25
1575,FRENCH BLUE METAL DOOR SIGN 4,50,62.5
1576,FRENCH BLUE METAL DOOR SIGN 5,56,70.0
1577,FRENCH BLUE METAL DOOR SIGN 6,26,32.5
1578,FRENCH BLUE METAL DOOR SIGN 7,40,50.0
1579,FRENCH BLUE METAL DOOR SIGN 8,25,31.25
1580,FRENCH BLUE METAL DOOR SIGN 9,30,37.5
1581,FRENCH BLUE METAL DOOR SIGN No,52,65.0
1582,"FRENCH BLUE METAL DOOR SIGN, 0",460,575.0
1583,"FRENCH BLUE METAL DOOR SIGN, 1",560,700.0
1584,"FRENCH BLUE METAL DOOR SIGN, 2",493,616.25
1585,"FRENCH BLUE METAL DOOR SIGN, 3",486,607.5
1586,"FRENCH BLUE METAL DOOR SIGN, 4",465,581.25
1587,"FRENCH BLUE METAL DOOR SIGN, 5",466,582.5
1588,"FRENCH BLUE METAL DOOR SIGN, 6",422,527.5
1589,"FRENCH BLUE METAL DOOR SIGN, 7",438,547.5
1590,"FRENCH BLUE METAL DOOR SIGN, 8",447,558.75
1591,"FRENCH BLUE METAL DOOR SIGN, 9",442,552.5
1592,"FRENCH BLUE METAL DOOR SIGN, No",337,421.25
1593,"FRENCH BOTTLE , LAVENDER",422,677.0999999999999
1594,"FRENCH BOTTLE, BRASSERIE DES ARTIST",282,446.09999999999997
1595,FRENCH CHATEAU LARGE FRUIT BOWL ,259,602.25
1596,FRENCH CHATEAU LARGE PLATTER ,121,385.95
1597,FRENCH CHATEAU OVAL PLATTER,198,518.1
1598,FRENCH CHATEAU SMALL FRUITBOWL,405,595.0500000000001
1599,FRENCH EMROIDR LAVENDER SCENT HEART,329,690.9000000000001
1600,FRENCH ENAMEL CANDLEHOLDER,305,581.87
1601,FRENCH ENAMEL POT W LID,298,868.3000000000001
1602,FRENCH ENAMEL SOAP DISH WITH LID,48,100.80000000000001
1603,FRENCH ENAMEL UTENSIL HOLDER,290,1049.1
1604,FRENCH ENAMEL WATER BASIN,247,887.85
1605,FRENCH FLORAL CUSHION COVER ,373,817.1499999999999
1606,FRENCH GARDEN SIGN BLUE METAL,536,651.76
1607,FRENCH KITCHEN SIGN BLUE METAL,973,1179.77
1608,FRENCH LATTICE CUSHION COVER ,73,114.55000000000001
1609,FRENCH LAUNDRY SIGN BLUE METAL,730,1185.3
1610,FRENCH LAVENDER SCENT HEART,7,14.700000000000001
1611,FRENCH PAISLEY CUSHION COVER,54,108.9
1612,FRENCH PAISLEY CUSHION COVER ,61,179.95000000000002
1613,FRENCH STYLE EMBOSSED HEART CABINET,26,570.6999999999999
1614,FRENCH STYLE WALL DRESSER,15,1740.0
1615,FRENCH STYLE WIRE DOOR CABINET ,1,29.95
1616,FRENCH TOILET SIGN BLUE METAL,1014,1231.02
1617,FRENCH WC SIGN BLUE METAL,2585,3012.37
1618,FRESHWATER PEARL BRACELET GOLD,24,61.199999999999996
1619,FRESHWATER PEARL BRACELET IVORY,35,89.25
1620,FRESHWATER PEARL BRACELET PINK,15,38.25
1621,FRIDGE MAGNETS LA VIE EN ROSE,264,208.79999999999998
1622,FRIDGE MAGNETS LES ENFANTS ASSORTED,300,239.39999999999998
1623,FRIDGE MAGNETS US DINER ASSORTED,522,396.9
1624,FROG CANDLE,867,643.37
1625,FROG KING WATERING CAN,178,441.1
1626,FROG SOCK PUPPET,157,451.15000000000003
1627,FROSTED BOX 9 WHITE T-LIGHT CANDLES,3700,1470.84
1628,FROSTED GLASS WITH SILVER SURROUND,9,14.85
1629,FROSTED WHITE BASE ,213,114.89999999999999
1630,FRUIT SALAD BAG CHARM,28,47.32
1631,FRUIT TREE AND BIRDS WALL PLAQUE,237,588.15
1632,FRYING PAN BLUE POLKADOT,34,144.5
1633,FRYING PAN BLUE POLKADOT ,267,1062.75
1634,FRYING PAN BLUE RETROSPOT,3,12.75
1635,FRYING PAN PINK POLKADOT,242,965.5
1636,FRYING PAN PINK POLKADOT ,600,2483.0
1637,FRYING PAN PINK RETROSPOT,6,25.5
1638,FRYING PAN RED POLKADOT ,1153,4447.21
1639,FRYING PAN RED RETROSPOT,154,618.5
1640,FRYING PAN UNION FLAG,1720,6792.0
1641,FULL ENGLISH BREAKFAST PLATE,1556,5562.84
1642,FUNKY DIVA PEN,2017,1701.9699999999998
1643,FUNKY FLOWER COFFEE POT,2,7.5
1644,FUNKY FLOWER PICNIC BAG FOR 4,5,84.75
1645,FUNKY GIRL ADDRESS BOOK,271,128.21
1646,FUNKY GIRLZ ASST MAGNETIC MEMO PAD,366,237.9
1647,FUNKY GIRLZ MAGNETIC TO DO LIST ,8,5.2
1648,FUNKY MONKEY CUSHION COVER,131,111.35
1649,FUNKY MONKEY GIFT BAG MEDIUM,1273,297.06
1650,FUNKY MONKEY GIFT BAG SMALL,1274,121.85999999999999
1651,FUNKY MONKEY MUG,710,697.9
1652,FUNKY WASHING UP GLOVES ASSORTED,1861,3873.6600000000003
1653,FUSCHIA FLOWER PURSE WITH BEADS,50,74.5
1654,FUSCHIA RETRO BAR STOOL,30,1134.5
1655,FUSCHIA TABLE RUN FLOWER ,2,7.5
1656,FUSCHIA VOILE POINTY SHOE DEC,7,13.649999999999999
1657,FUSCHIA/GREEN STRIPE WOOLLY BLANKET,77,497.15
1658,GAOLERS KEYS DECORATIVE GARDEN ,1778,5698.46
1659,GARDEN METAL SIGN ,2288,3467.9999999999995
1660,GARDEN PATH JOURNAL,711,1194.75
1661,GARDEN PATH NOTEBOOK ,3585,875.25
1662,GARDEN PATH POCKET BOOK,5420,1215.8
1663,GARDEN PATH SKETCHBOOK,368,946.4
1664,GARDENERS KNEELING PAD,5369,6337.33
1665,GARDENIA 1 WICK MORRIS BOXED CANDLE,413,1691.8899999999999
1666,GARDENIA 3 WICK MORRIS BOXED CANDLE,363,1477.63
1667,"GARLAND , WOODEN  "" HAPPY EASTER""",103,128.75
1668,GARLAND WITH HEARTS AND BELLS,411,2034.4500000000003
1669,GARLAND WITH STARS AND BELLS,255,1262.25
1670,GARLAND WOODEN HAPPY EASTER,1945,2211.53
1671,"GARLAND, MAGIC GARDEN 1.8M",611,1148.25
1672,GEISHA GIRL CHOPSTICKS SET/5,117,228.15
1673,GENTLEMAN SHIRT REPAIR KIT ,981,796.41
1674,GERANIUM FOLKART HEART DECORATION,49,61.25
1675,GERANIUM SQUARE HANDY TIN,41,51.25
1676,GIANT BLACK SUNGLASSES,84,163.79999999999998
1677,GIANT MEDINA STAMPED METAL BOWL ,228,2164.2
1678,GIANT PINK HEART MEMO HOLDER,112,442.40000000000003
1679,GIANT SEVENTEEN DRAWER SIDEBOARD,8,1240.0
1680,GIFT BAG BIRTHDAY,423,274.95000000000005
1681,GIFT BAG PSYCHEDELIC APPLES,514,334.1
1682,GIN & TONIC DIET GREETING CARD ,3908,1593.12
1683,GIN + TONIC DIET METAL SIGN,8439,16384.4
1684,GIN AND TONIC MUG,3405,3954.15
1685,GINGERBREAD MAN COOKIE CUTTER,1016,1215.28
1686,GINGHAM BABUSHKA DOORSTOP,69,252.99
1687,GINGHAM HEART  DOORSTOP RED,1256,4889.88
1688,GINGHAM HEART DECORATION,299,872.45
1689,GINGHAM HEART WREATH,226,650.7
1690,GINGHAM OVEN GLOVE RED HEART ,224,840.0
1691,GINGHAM ROSE WRAP,1740,698.8
1692,GIRLS ALPHABET IRON ON PATCHES ,22177,4311.57
1693,GIRLS VINTAGE TIN SEASIDE BUCKET,2098,4855.62
1694,GIRLY PINK TOOL SET,281,1306.95
1695,GLAMOROUS  MUG,3792,3658.52
1696,GLASS  BEURRE DISH,1264,4834.88
1697,GLASS AND BEADS BRACELET IVORY,7,26.25
1698,GLASS AND PAINTED BEADS BRACELET OL,4,15.0
1699,GLASS AND PAINTED BEADS BRACELET TO,12,45.0
1700,GLASS BEAD HOOP EARRINGS AMETHYST,8,23.6
1701,GLASS BEAD HOOP EARRINGS BLACK,2,5.9
1702,GLASS BEAD HOOP EARRINGS GREEN,4,11.8
1703,GLASS BEAD HOOP EARRINGS MONTANA,7,20.650000000000002
1704,GLASS BEAD HOOP NECKLACE AMETHYST,7,59.5
1705,GLASS BEAD HOOP NECKLACE BLACK,6,51.0
1706,GLASS BEAD HOOP NECKLACE GREEN,4,34.0
1707,GLASS BEAD HOOP NECKLACE MONTANA,5,42.5
1708,GLASS BELL JAR LARGE,2,17.0
1709,GLASS BELL JAR SMALL,4,15.8
1710,GLASS BONBON JAR PARFUME AUX FLEURE,575,693.48
1711,GLASS BONBON JAR. D'AMANDES,101,126.25
1712,GLASS BONBON JAR. SUPERFINES,90,112.5
1713,GLASS CAKE COVER AND PLATE,327,5242.65
1714,GLASS CAKE STAND,111,1606.6499999999999
1715,GLASS CAKE STAND MIRRORED BASE,69,987.55
1716,GLASS CHALICE BLUE  LARGE ,108,245.25
1717,GLASS CHALICE BLUE SMALL ,258,411.29999999999995
1718,GLASS CHALICE GREEN  LARGE ,172,417.0
1719,GLASS CHALICE GREEN  SMALL ,327,510.74999999999994
1720,GLASS CHICKEN BUTTER DISH,291,451.34999999999997
1721,GLASS CLOCHE LARGE,114,928.2
1722,GLASS CLOCHE SMALL,203,761.53
1723,GLASS ETCHED T-LIGHT HOLDER LARGE,1208,2407.8
1724,GLASS ETCHED T-LIGHT HOLDER MEDIUM,874,1639.5
1725,GLASS HEART T-LIGHT HOLDER ,3128,2333.93
1726,GLASS HONEYPOT WASP CATCHER,2863,5100.45
1727,GLASS JAR DAISY FRESH COTTON WOOL,1002,2747.1
1728,GLASS JAR DIGESTIVE BISCUITS,1383,4153.13
1729,GLASS JAR ENGLISH CONFECTIONERY,1421,3860.75
1730,GLASS JAR KINGS CHOICE,1038,3195.38
1731,GLASS JAR MARMALADE ,282,810.3000000000001
1732,GLASS JAR PEACOCK BATH SALTS,330,968.7
1733,"GLASS JAR, ENGLISH CONFECTIONERY",2,5.9
1734,"GLASS JAR, KINGS CHOICE SOAP",42,123.9
1735,GLASS SPHERE CANDLE STAND LARGE ,299,562.45
1736,GLASS SPHERE CANDLE STAND MEDIUM,235,675.95
1737,GLASS STAR FROSTED T-LIGHT HOLDER,711,3357.05
1738,GLASS WINE GLASS DECORATIONS,30,37.5
1739,GLITTER BUTTERFLY CLIPS,3263,7597.05
1740,GLITTER CHRISTMAS HEART ,1643,1377.83
1741,GLITTER CHRISTMAS STAR ,1405,1194.25
1742,GLITTER CHRISTMAS TREE,848,720.8
1743,GLITTER CHRISTMAS TREE WITH BELLS,374,729.3
1744,GLITTER HANGING BUTTERFLY STRING,3463,6878.7
1745,GLITTER HEART GARLAND WITH BELLS ,487,1787.37
1746,GLITTER SNOW PEAR TREE DECORATION,1785,1265.73
1747,GLITTER STAR GARLAND WITH BELLS ,443,1639.65
1748,GLOW IN DARK DOLPHINS,386,78.53999999999999
1749,GOLD  CHERRY LIGHTS,300,1817.0
1750,GOLD 2 STRAND NECKLACE-LEAF CHARMS,3,22.5
1751,GOLD APERITIF GLASS,85,175.04000000000002
1752,GOLD CHRISTMAS STOCKING DECORATION,1,1.95
1753,GOLD COSMETIC BAG PINK STAR,45,94.5
1754,GOLD COSMETICS BAG WITH BUTTERFLY,19,39.900000000000006
1755,GOLD DIAMANTE STAR BROOCH,4,19.8
1756,GOLD EAR MUFF HEADPHONES,52,243.0
1757,GOLD FABRIC MIRROR,321,172.53
1758,GOLD FISHING GNOME,51,194.45000000000002
1759,GOLD FLOWER CUSHION COVER ,16,108.0
1760,GOLD JEWELERY BOX,20,92.00000000000001
1761,GOLD M PEARL  ORBIT NECKLACE,10,99.5
1762,GOLD M.O.P ORBIT BRACELET,9,44.550000000000004
1763,GOLD M.O.P ORBIT DROP EARRINGS,8,34.0
1764,GOLD MINI TAPE MEASURE ,646,450.1
1765,GOLD MUG BONE CHINA TREE OF LIFE,484,911.0
1766,GOLD PHOTO FRAME,231,335.1
1767,GOLD PRINT PAPER BAG,414,84.18
1768,GOLD SCROLL GLASS T-LIGHT HOLDER,110,231.00000000000003
1769,GOLD STANDING GNOME,160,620.0
1770,GOLD TEDDY BEAR,67,191.25
1771,GOLD WASHBAG,1781,380.99
1772,GOLD WINE GLASS,360,1229.04
1773,GOLD WINE GOBLET,92,405.40000000000003
1774,GOLD/AMBER DROP EARRINGS W LEAF,28,82.60000000000001
1775,GOLD/M.O.P PENDANT ORBIT NECKLACE,13,110.5
1776,GOLDIE LOOKING MIRROR,10,49.5
1777,GOTHIC CARRIAGE LANTERN,8,47.6
1778,GRAND CHOCOLATECANDLE,13926,18723.899999999998
1779,GRASS HOPPER WOODEN WALL CLOCK ,87,277.65000000000003
1780,GREEN  DIAMANTE PEN IN GIFT BOX,243,403.65000000000003
1781,GREEN  SPOTTY PLATE ,1293,2093.0099999999998
1782,GREEN 3 PIECE MINI DOTS CUTLERY SET,1887,6766.29
1783,GREEN 3 PIECE POLKADOT CUTLERY SET,760,2746.32
1784,GREEN 3 TIER GLASS PLATE STAND,74,509.9
1785,GREEN BIRDHOUSE DECORATION,498,333.06
1786,GREEN BITTY LIGHT CHAIN,24,111.60000000000001
1787,GREEN BLUE FLOWER PIGGY BANK,241,472.65
1788,GREEN CAT FLORAL CUSHION COVER ,278,382.5
1789,GREEN CHENILLE SHAGGY C/COVER,1,1.95
1790,GREEN CHENILLE SHAGGY RUG,43,126.85
1791,GREEN CHERRY LIGHTS,524,3100.2000000000003
1792,GREEN CHRISTMAS TREE CARD HOLDER,839,3445.75
1793,GREEN CHRISTMAS TREE STRING 20LIGHT,421,1941.15
1794,GREEN CRYSTAL DROP EARRINGS,6,17.700000000000003
1795,GREEN DRAWER KNOB ACRYLIC EDWARDIAN,340,426.44
1796,GREEN DROP EARRINGS W BEAD CLUSTER,2,6.7
1797,GREEN EASTER EGG HUNT START POST,70,136.5
1798,GREEN ENAMEL FLOWER HAIR TIE,2,5.9
1799,GREEN ENAMEL FLOWER RING,37,109.15000000000002
1800,GREEN ENAMEL+GLASS HAIR COMB,144,264.6
1801,GREEN FERN JOURNAL ,575,1047.75
1802,GREEN FERN NOTEBOOK,3376,770.4
1803,GREEN FERN POCKET BOOK,5622,768.3
1804,GREEN FERN SKETCHBOOK ,321,811.75
1805,GREEN FLORAL FELTCRAFT SHOULDER BAG,37,138.75
1806,GREEN GEISHA GIRL ,39,146.25
1807,GREEN GIANT GARDEN THERMOMETER,55,327.25
1808,GREEN GINGHAM FLOWER JEWELLERY BOX,1417,2290.0499999999997
1809,GREEN GLASS TASSLE BAG CHARM,33,97.35000000000001
1810,GREEN GOOSE FEATHER CHRISTMAS TREE ,78,314.1
1811,GREEN GOOSE FEATHER TREE 60CM,125,267.75
1812,GREEN HEART COMPACT MIRROR,126,172.5
1813,GREEN HEART OF GLASS BRACELET,11,65.45
1814,GREEN JUICY FRUIT PHOTO FRAME,335,821.85
1815,GREEN KASHMIRI BOXED MIRROR,23,276.0
1816,GREEN KASHMIRI OCCASIONAL TABLE,9,419.85
1817,GREEN LEAVES AND BEADS PHONE CHARM,14,17.5
1818,GREEN METAL SWINGING BUNNY,603,509.42999999999995
1819,GREEN MINI TAPE MEASURE ,1585,1270.55
1820,GREEN MURANO TWIST BRACELET,30,127.5
1821,GREEN MURANO TWIST NECKLACE,7,69.64999999999999
1822,GREEN PAIR HEART HAIR SLIDES,4,15.0
1823,GREEN PENDANT TRIPLE SHELL NECKLACE,3,14.850000000000001
1824,GREEN PEONY CUSHION COVER,236,315.4
1825,GREEN PEONY DES C/COVER,10,46.5
1826,GREEN PICNIC BARBECUE BUCKET,78,531.3
1827,GREEN POLKADOT BOWL,261,326.25
1828,GREEN POLKADOT CUP,111,94.35
1829,GREEN POLKADOT PLATE ,149,251.81
1830,GREEN POP ART MAO CUSHION COVER ,280,53.2
1831,GREEN REGENCY TEACUP AND SAUCER,2315,6385.25
1832,GREEN ROSE CUSHION COVER,246,502.2
1833,GREEN ROSE QUILT ,10,453.5
1834,GREEN ROSE WASHBAG,729,1683.75
1835,GREEN ROUND COMPACT MIRROR,101,138.75
1836,GREEN SPOTTY BOWL,1509,1831.53
1837,GREEN SPOTTY CUP,2032,1664.8
1838,GREEN SQUARE COMPACT MIRROR,246,322.5
1839,GREEN STONE/CRYSTAL EARRINGS,2,5.9
1840,GREEN SWEETHEART BRACELET,97,412.25
1841,GREEN VINTAGE EARRINGS ,24,90.0
1842,GREEN WIRE GOBLET CANDLEHOLDER,8,63.6
1843,GREEN WIRE STANDING CANDLE HOLDER,23,86.25
1844,GREEN WITH METAL BAG CHARM,26,128.7
1845,GREEN/BLUE CERAMIC CANDLE HOLDER,9,14.85
1846,GREEN/BLUE FLOWER DESIGN BIG MUG,4,7.8
1847,"GREETING CARD, BLACKPOOL ROCK",12,2.2800000000000002
1848,"GREETING CARD, OVERCROWDED POOL.",181,34.39
1849,"GREETING CARD, RITA",312,59.28000000000001
1850,"GREETING CARD, STICKY GORDON",74,14.060000000000002
1851,"GREETING CARD, THE BLACK CAT",60,25.2
1852,"GREETING CARD, TWO SISTERS.",108,20.520000000000003
1853,"GREETING CARD,SQUARE, DOUGHNUTS",78,32.76
1854,GREY ACRYLIC FACETED BANGLE,53,146.75
1855,GREY FLORAL FELTCRAFT SHOULDER BAG,853,3133.59
1856,GREY HEART HOT WATER BOTTLE,2753,9841.47
1857,GROOVY CACTUS INFLATABLE,12,10.2
1858,GROW A FLYTRAP OR SUNFLOWER IN TIN,1326,1602.78
1859,GROW YOUR OWN BASIL IN ENAMEL MUG,1599,3309.9
1860,GROW YOUR OWN FLOWERS SET OF 3,577,3563.31
1861,GROW YOUR OWN HERBS SET OF 3,513,3872.19
1862,GROW YOUR OWN PLANT IN A CAN ,8440,10326.56
1863,GUMBALL COAT RACK,4164,9471.18
1864,"GUMBALL COATHOOK., BLACK & WHITE ",20,25.0
1865,GUMBALL MAGAZINE RACK,255,1869.75
1866,GUMBALL MONOCHROME COAT RACK,770,878.1400000000001
1867,HAIRCLIPS FORTIES FABRIC ASSORTED,1659,1078.3500000000001
1868,HALL CABINET WITH 3 DRAWERS,116,3913.6899999999996
1869,HAND OPEN SHAPE BLACK,16,55.84
1870,HAND OPEN SHAPE DECO.WHITE,748,2156.2000000000003
1871,HAND OPEN SHAPE GOLD,488,1375.72
1872,HAND OPEN SHAPE PINK,2,6.98
1873,HAND OVER THE CHOCOLATE   SIGN ,8240,15598.94
1874,HAND TOWEL PALE BLUE W FLOWERS,21,124.95
1875,HAND TOWEL PINK FLOWER AND DAISY,11,65.45
1876,HAND WARMER BABUSHKA DESIGN,2472,5047.200000000001
1877,HAND WARMER BIRD DESIGN,6457,12989.7
1878,HAND WARMER OWL DESIGN,6508,13195.800000000001
1879,HAND WARMER RED POLKA DOT,2592,4876.2
1880,HAND WARMER RED RETROSPOT,4039,8241.900000000001
1881,HAND WARMER SCOTTY DOG DESIGN,6436,13002.600000000002
1882,HAND WARMER UNION JACK,4594,9257.400000000001
1883,HANGING BAUBLE T-LIGHT HOLDER LARGE,216,618.0
1884,HANGING BAUBLE T-LIGHT HOLDER SMALL,395,888.45
1885,HANGING BUTTERFLY  EGG,1112,904.64
1886,HANGING CHICK  YELLOW DECORATION,8,11.6
1887,HANGING CHICK CREAM DECORATION,3,4.35
1888,HANGING CHICK GREEN DECORATION,1,1.45
1889,HANGING FAIRY CAKE DECORATION,1284,2302.8
1890,"HANGING FLOWERS+MIRROR,BLUE",527,200.26000000000002
1891,"HANGING FLOWERS+MIRROR,CLEAR",235,117.05
1892,"HANGING FLOWERS+MIRROR,PINK",324,136.44
1893,HANGING GLASS ETCHED TEALIGHT,1243,1978.9499999999998
1894,HANGING HEART BASKET,134,242.04000000000002
1895,HANGING HEART JAR T-LIGHT HOLDER,8236,9646.34
1896,HANGING HEART MIRROR DECORATION ,744,483.6
1897,HANGING HEART ZINC T-LIGHT HOLDER,17297,13282.429999999998
1898,HANGING JAM JAR T-LIGHT HOLDER,19303,15075.31
1899,HANGING MEDINA LANTERN LARGE,708,2218.25
1900,HANGING MEDINA LANTERN SMALL,885,2254.35
1901,HANGING METAL BIRD BATH,347,2685.45
1902,HANGING METAL HEART LANTERN,4341,6958.649999999999
1903,HANGING METAL STAR LANTERN,2518,4077.8999999999996
1904,HANGING PHOTO CLIP ROPE LADDER,963,1492.9499999999998
1905,HANGING RIDGE GLASS T-LIGHT HOLDER,1272,1974.0
1906,HANGING SPRING FLOWER EGG LARGE,814,654.4599999999999
1907,HANGING SPRING FLOWER EGG SMALL,517,336.05
1908,HANGING SPRING FLOWER HEART SMALL,3,1.9500000000000002
1909,HANGING WOOD AND FELT BUTTERFLY ,521,217.38
1910,HANGING WOOD AND FELT FLOWER,280,116.16
1911,HANGING WOOD AND FELT HEART,453,188.82
1912,HAPPY ANNIVERSARY CANDLE LETTERS,175,69.17999999999999
1913,HAPPY BIRTHDAY CARD STRIPEY TEDDY,15,2.85
1914,HAPPY BIRTHDAY CARD TEDDY/CAKE,5,0.95
1915,HAPPY BIRTHDAY GINGER CAT CARD,2,0.38
1916,HAPPY EASTER HANGING DECORATION,427,1566.69
1917,HAPPY STENCIL CRAFT,3141,3588.05
1918,HAWAIIAN GRASS SKIRT ,345,558.36
1919,HEADS AND TAILS SPORTING FUN,1497,1843.89
1920,HEART BUTTONS JEWELLERY BOX,34,260.1
1921,HEART CALCULATOR,1137,1399.4
1922,HEART DECORATION PAINTED ZINC ,6072,3685.2000000000003
1923,HEART DECORATION RUSTIC HANGING ,1274,750.6600000000001
1924,HEART DECORATION WITH PEARLS ,4007,3368.5099999999998
1925,HEART EAR MUFF HEADPHONES,131,663.75
1926,HEART FILIGREE DOVE  SMALL,11259,13563.03
1927,HEART FILIGREE DOVE LARGE,5745,9296.849999999999
1928,HEART GARLAND RUSTIC PADDED,831,2393.85
1929,HEART IVORY TRELLIS LARGE,6611,10641.749999999998
1930,HEART IVORY TRELLIS SMALL,9319,11425.31
1931,HEART MEASURING SPOONS LARGE,84,138.59999999999997
1932,HEART MEASURING SPOONS SMALL,12,10.2
1933,HEART OF WICKER LARGE,8275,23636.730000000003
1934,HEART OF WICKER SMALL,10407,16792.309999999998
1935,HEART SHAPE BUTTON FRAME ,100,150.0
1936,HEART SHAPE WIRELESS DOORBELL,389,777.5400000000001
1937,HEART SHAPED MIRROR,1943,3074.87
1938,HEART STRING MEMO HOLDER HANGING,345,1017.7500000000001
1939,HEART T-LIGHT HOLDER,1963,992.1500000000001
1940,HEART T-LIGHT HOLDER ,584,844.4
1941,HEART WOODEN CHRISTMAS DECORATION,2828,2353.8799999999997
1942,HEARTS  STICKERS,1250,1059.3799999999999
1943,HEARTS GIFT TAPE,349,225.65
1944,HEARTS PENCIL/RUBBER+5 MINI PENCILS,169,70.98
1945,HEARTS WRAPPING TAPE ,627,226.11
1946,HEAVENS SCENT FRAGRANCE OILS ASSTD,1139,278.46999999999997
1947,HELLO SAILOR BATHROOM SET,1482,626.3000000000001
1948,HELLO SAILOR BLUE SOAP HOLDER,289,462.49
1949,HEN & 2 CHICKS IN BASKET,65,55.24999999999999
1950,HEN HOUSE DECORATION,1482,2247.8999999999996
1951,HEN HOUSE W CHICK IN NEST,111,46.620000000000005
1952,HEN HOUSE W CHICK STANDING,38,15.96
1953,HEN HOUSE W FAMILY IN BARN & NEST,26,22.099999999999998
1954,HEN PARTY BANNER TAPE,12,15.0
1955,HEN PARTY CORDON BARRIER TAPE,28,35.0
1956,HERB MARKER BASIL,82,53.300000000000004
1957,HERB MARKER CHIVES ,68,44.2
1958,HERB MARKER MINT,68,44.2
1959,HERB MARKER PARSLEY,84,54.6
1960,HERB MARKER ROSEMARY,83,53.95
1961,HERB MARKER THYME,80,52.0
1962,HEXAGONAL CRYSTAL PERFUME BOTTLE,1,1.95
1963,HI TEC ALPINE HAND WARMER,383,518.43
1964,HILDA CANDY SPOT RABBIT,123,461.25
1965,HIPPY CHIC DECORATIVE PARASOL,51,650.25
1966,HOLIDAY FUN LUDO,841,3140.79
1967,HOLLY TOP CHRISTMAS STOCKING,590,541.8199999999999
1968,HOLLYHOCK SQUARE HANDY TIN,1,1.25
1969,HOME BUILDING BLOCK WORD,4814,28206.800000000003
1970,HOME GARLAND PAINTED ZINC ,800,1300.7999999999997
1971,HOME SMALL WOOD LETTERS,733,3628.3500000000004
1972,HOME SWEET HOME  BLACKBOARD,3,19.049999999999997
1973,HOME SWEET HOME METAL SIGN ,4198,11253.220000000001
1974,HOME SWEET HOME MUG,8640,8856.0
1975,HOMEMADE JAM SCENTED CANDLES,2496,3499.2
1976,"HOOK, 1 HANGER ,MAGIC GARDEN",3252,2665.44
1977,"HOOK, 3 HANGER ,MAGIC GARDEN",1933,3560.5499999999997
1978,"HOOK, 5 HANGER , MAGIC TOADSTOOL",2921,4589.249999999999
1979,"HOOK, 5 HANGER ,MAGIC TOADSTOOL RED",3085,4725.45
1980,HOT BATHS METAL SIGN,5563,10558.08
1981,HOT BATHS SOAP HOLDER,1055,1702.31
1982,HOT WATER BOTTLE BABUSHKA ,2538,11316.9
1983,HOT WATER BOTTLE BABUSHKA LARGE,128,580.8000000000001
1984,HOT WATER BOTTLE I AM SO POORLY,1855,8419.35
1985,HOT WATER BOTTLE TEA AND SYMPATHY,5589,20854.050000000003
1986,HOUSE SHAPE PENCIL SHARPENER,291,61.11
1987,HOUSE WRECKING METAL SIGN ,691,1059.6000000000001
1988,HYACINTH BULB T-LIGHT CANDLES,3058,1218.12
1989,I CAN ONLY PLEASE ONE PERSON MUG,4868,5803.42
1990,I'M ON HOLIDAY METAL SIGN,2796,5742.6
1991,ICE CREAM DESIGN GARDEN PARASOL,220,1069.0
1992,"ICON ALARM CLOCK,FUSCHIA  PIN UP",23,58.64999999999999
1993,ICON PLACEMAT POP ART ELVIS,73,30.660000000000004
1994,IF YOU CAN'T STAND THE HEAT MUG,425,524.41
1995,ILLUSTRATED CAT BOWL ,385,982.5899999999999
1996,INCENSE BAZAAR CANNABIS,228,84.84
1997,INFLATABLE POLITICAL GLOBE ,7801,6061.97
1998,INLAID WOOD INCENSE HOLDER,3641,813.0899999999999
1999,IVORY DINER WALL CLOCK,239,1990.7
2000,IVORY EMBROIDERED QUILT ,24,887.4
2001,IVORY ENCHANTED FOREST PLACEMAT,1399,2196.35
2002,IVORY FELT EASTER RABBIT GARLAND,66,168.29999999999998
2003,IVORY GIANT GARDEN THERMOMETER,159,910.0500000000001
2004,IVORY GOLD METAL BAG CHARM,14,69.3
2005,IVORY HANGING BIRD PLANTER ,248,621.5999999999999
2006,IVORY HANGING DECORATION  BIRD,1138,964.18
2007,IVORY HANGING DECORATION  BUTTERFLY,1739,1471.9099999999999
2008,IVORY HANGING DECORATION  CHICKEN,291,247.35
2009,IVORY HANGING DECORATION  EGG,432,364.08
2010,IVORY HANGING DECORATION  HEART,6737,5498.69
2011,IVORY HANGING DECORATION  RABBIT,25,21.25
2012,IVORY KITCHEN SCALES,1231,10158.35
2013,IVORY KNITTED MUG COSY ,442,685.3
2014,IVORY LOVE BIRD CANDLE,442,541.1
2015,IVORY PAPER CUP CAKE CASES ,2122,1083.64
2016,IVORY PILLAR CANDLE GOLD FLOCK,946,1505.5
2017,IVORY PILLAR CANDLE SILVER FLOCK,768,1603.2000000000003
2018,IVORY ROSE LAMPSHADE ,39,44.25
2019,IVORY SCULPTED RND CANDLE ,48,40.8
2020,IVORY SHELL HEART EARRINGS,3,7.6499999999999995
2021,IVORY SHELL HEART NECKLACE,26,162.5
2022,IVORY STRING CURTAIN WITH POLE ,375,887.25
2023,IVORY WALL CLOCK,60,459.0
2024,IVY HEART WREATH,488,3166.0
2025,JACOBS LADDER SMALL,2064,123.84
2026,JADE CRYSTAL+GLASS BRACELET,33,163.35000000000002
2027,JADE DROP EARRINGS W FILIGREE,35,173.25
2028,JADE GREEN ENAMEL HAIR COMB,36,70.2
2029,JADE GREEN PAIR ENAMEL HAIR SLIDES,1,3.75
2030,JAM JAR WITH BLUE LID,2,1.7
2031,JAM JAR WITH GREEN LID,648,500.88
2032,JAM JAR WITH PINK LID,714,550.74
2033,JAM MAKING SET PRINTED,1562,2245.7
2034,JAM MAKING SET WITH JARS,551,2188.75
2035,JAPANESE CROCHETED ANIMAL,5119,2056.38
2036,JARDIN DE FEMME SCENTED CANDLE,656,392.0
2037,JARDIN ETCHED GLASS BUTTER DISH,69,478.65
2038,JARDIN ETCHED GLASS CANDLEHLDR LONG,61,301.95
2039,JARDIN ETCHED GLASS FRUITBOWL,66,709.5
2040,JARDIN ETCHED GLASS GINGER JAR,54,429.3
2041,JARDIN ETCHED GLASS LARGE BELL JAR,54,645.3
2042,JARDIN ETCHED GLASS SMALL BELL JAR,72,416.40000000000003
2043,JASMINE TEA INCENSE IN TIN,270,294.3
2044,JASMINE VOTIVE CANDLE,2630,641.7399999999999
2045,JAZZ HEARTS ADDRESS BOOK,3080,924.9599999999999
2046,JAZZ HEARTS MAGNETIC MEMO PAD,7058,850.9000000000001
2047,JAZZ HEARTS MEMO PAD,10945,1305.49
2048,JAZZ HEARTS PURSE NOTEBOOK,1733,1259.45
2049,JAZZ HEARTS SPIRAL NOTEPAD,47,39.949999999999996
2050,JELLY BABIES YELLOW SMALL BOWL,358,420.14
2051,JET BLACK LAS VEGAS BRACELET ROUND,16,60.0
2052,JET BLACK LAS VEGAS NECKLACE 45CM,14,83.3
2053,"JEWELLED DECORATION,BLUE",150,57.0
2054,"JEWELLED DECORATION,PINK",2,5.9
2055,JIGSAW RABBIT AND BIRDHOUSE,344,567.5999999999999
2056,JIGSAW TOADSTOOLS 3 PIECE,380,614.1999999999999
2057,JIGSAW TREE WITH BIRDHOUSE,1112,1564.3999999999999
2058,JIGSAW TREE WITH WATERING CAN,442,375.7
2059,JINGLE BELLS TREE DECORATION,251,377.1
2060,JOY LARGE WOOD LETTERS,399,2467.05
2061,JOY WOODEN BLOCK LETTERS,566,2812.5000000000005
2062,JUMBO  BAG BAROQUE BLACK WHITE,16654,29493.3
2063,JUMBO BAG CHARLIE AND LOLA TOYS,2527,4640.15
2064,JUMBO BAG DOLLY GIRL DESIGN,2292,4241.4
2065,JUMBO BAG OWLS,9366,16745.7
2066,JUMBO BAG PINK POLKADOT,3769,6677.55
2067,JUMBO BAG PINK VINTAGE PAISLEY,14542,25453.9
2068,JUMBO BAG PINK WITH WHITE SPOTS,13777,24472.05
2069,JUMBO BAG RED RETROSPOT,29578,51759.3
2070,JUMBO BAG RED WHITE SPOTTY ,13890,24345.3
2071,JUMBO BAG SCANDINAVIAN PAISLEY,13914,24277.3
2072,JUMBO BAG SPACEBOY DESIGN,8309,14765.55
2073,JUMBO BAG STRAWBERRY,19291,33957.45
2074,JUMBO BAG TOYS ,7271,12843.35
2075,JUMBO BAG WOODLAND ANIMALS,7742,13992.9
2076,JUMBO SHOPPER VINTAGE RED PAISLEY,14172,25610.4
2077,JUMBO STORAGE BAG SKULLS,6838,12342.1
2078,JUMBO STORAGE BAG SUKI,14723,26464.85
2079,JUNGLE POPSICLES ICE LOLLY HOLDERS,1350,1641.9
2080,KASBAH LANTERN WITH GLASS ,56,250.8
2081,KASHMIR FOLKART HEART DISHES,3,5.07
2082,KASHMIR FOLKART TUMBLERS,2487,4829.92
2083,KEEP OUT BOYS DOOR HANGER ,2176,1453.12
2084,KEEP OUT GIRLS DOOR HANGER ,764,486.68
2085,KENSINGTON COFFEE SET,310,2746.5
2086,KEY CABINET MA CAMPAGNE,468,3363.2400000000002
2087,"KEY FOB , BACK DOOR ",4405,2779.61
2088,"KEY FOB , FRONT  DOOR ",3405,2129.61
2089,"KEY FOB , GARAGE DESIGN",4032,2537.1600000000003
2090,"KEY FOB , SHED",5089,3224.21
2091,KID'S CHALKBOARD/EASEL,5,14.75
2092,KIDS RAIN MAC BLUE,2039,1646.75
2093,KIDS RAIN MAC PINK,1983,1594.35
2094,KINGS CHOICE BISCUIT TIN,1567,6787.99
2095,KINGS CHOICE CIGAR BOX MATCHES ,3446,4138.78
2096,KINGS CHOICE GIANT TUBE MATCHES,1917,4471.65
2097,KINGS CHOICE MUG,4714,5241.86
2098,KINGS CHOICE SMALL TUBE MATCHES,117,193.04999999999998
2099,KINGS CHOICE TEA CADDY ,1859,5212.85
2100,KISS REINDEER SCANDINAVIAN STOCKING,5,12.75
2101,KITCHEN FLOWER POTS WALL PLAQUE,458,694.7
2102,KITCHEN METAL SIGN,3480,1815.5400000000002
2103,KITTENS DESIGN FLANNEL,1307,634.0699999999999
2104,KITTY PENCIL ERASERS,1129,237.09
2105,KNITTED MUG COSY IVORY COLOUR ,547,823.35
2106,KNITTED POM POM HOT WATER BOTTLE,5,18.75
2107,KNITTED RABBIT DOLL ,20,33.0
2108,KNITTED RAINBOW HOT WATER BOTTLE,20,75.0
2109,KNITTED UNION FLAG HOT WATER BOTTLE,3604,12728.04
2110,L BLUE C/COVER W PINK/YELLOW FLOWER,6,41.7
2111,LA PALMIERA METAL SIGN CALENDAR,760,246.0
2112,LA PALMIERA TILE COASTER,61,76.25
2113,LA PALMIERA TILE HOOK,905,155.22
2114,LA PALMIERA WALL THERMOMETER,438,641.75
2115,LA STREGA CANVAS PICTURE ,73,122.54999999999998
2116,LADIES & GENTLEMEN METAL SIGN,4325,10521.15
2117,LADLE LOVE HEART PINK,935,372.54
2118,LADLE LOVE HEART RED ,1351,529.98
2119,LADS ONLY TISSUE BOX,1628,1787.3200000000002
2120,LADYBIRD + BEE RAFFIA FOOD COVER,890,3260.7
2121,LANTERN CREAM GAZEBO ,303,1424.25
2122,LARGE  TALL CAMPHOR WOOD TOADSTOOL ,143,572.95
2123,LARGE BLUE ORIENTAL FOLDING STOOL,136,317.0
2124,LARGE BLUE PROVENCAL CERAMIC BALL,72,136.44
2125,LARGE CAKE STAND  HANGING STRAWBERY,1539,13669.32
2126,LARGE CAKE STAND HANGING HEARTS,485,4194.07
2127,LARGE CAKE TOWEL PINK SPOTS,485,3192.15
2128,"LARGE CAKE TOWEL, CHOCOLATE SPOTS",226,1520.7
2129,LARGE CAMPHOR WOOD FIELD MUSHROOM ,72,266.4
2130,LARGE CHINESE STYLE SCISSOR,1058,831.7
2131,LARGE CHUNKY GLASS ROMAN BOWL,294,1104.5
2132,LARGE CIRCULAR MIRROR MOBILE,6769,6096.45
2133,LARGE CRYSTAL DIAMANTE HAIRSLIDE,40,58.8
2134,LARGE ENGLISH ARBORETUM,113,1195.15
2135,LARGE FIBRE OPTIC CHRISTMAS TREE,15,19.08
2136,LARGE GLASS ROSE SCENTED CANDLE ,2,15.9
2137,LARGE GLASS SUNDAE DISH CLEAR,996,258.2
2138,LARGE GREEN PEONY FOLDING STOOL,131,314.35
2139,LARGE HANGING GLASS+ZINC LANTERN,560,896.0
2140,LARGE HANGING IVORY & RED WOOD BIRD,2467,1551.71
2141,LARGE HEART FLOWERS HOOK   ,571,684.11
2142,LARGE HEART MEASURING SPOONS,2936,4706.999999999999
2143,LARGE MEDINA STAMPED METAL BOWL ,391,1885.05
2144,LARGE PINK GLASS SUNDAE DISH,56,142.79999999999998
2145,LARGE PINK PEONY FOLDING STOOL,136,309.15000000000003
2146,LARGE POPCORN HOLDER ,5249,8302.05
2147,LARGE PURPLE BABUSHKA NOTEBOOK  ,1201,1396.3700000000001
2148,LARGE RED BABUSHKA NOTEBOOK ,1533,1765.77
2149,LARGE RED RETROSPOT WINDMILL,660,1296.0000000000002
2150,LARGE RED SPOT WINDMILL,2894,5390.400000000001
2151,LARGE ROUND CUTGLASS CANDLESTICK,149,967.35
2152,LARGE ROUND WICKER PLATTER ,240,1428.0
2153,LARGE SKULL WINDMILL,207,422.70000000000005
2154,LARGE STRAWBERRY CHOCOLATE CANDLE,56,94.69999999999999
2155,LARGE STRIPES CHOCOLATE GIFT BAG,848,806.4
2156,LARGE TAHITI BEACH BAG,211,1177.45
2157,LARGE TORTILLA DESIGN RED BOWL,286,543.3
2158,LARGE TRIFLE DESIGN L BLUE BOWL,229,405.15
2159,LARGE WHITE HONEYCOMB PAPER BELL  ,850,1607.0600000000002
2160,LARGE WHITE/PINK ROSE ART FLOWER,287,325.07
2161,LARGE YELLOW BABUSHKA NOTEBOOK ,584,698.08
2162,LARGE ZINC GLASS CANDLEHOLDER,37,77.7
2163,LARGE ZINC/GLASS CANDLEHOLDER,23,48.300000000000004
2164,LASER CUT MULTI STRAND NECKLACE,4,47.8
2165,LAUNDRY 15C METAL SIGN,2597,3226.97
2166,LAVENDER INCENSE 40 CONES IN TIN,106,113.3
2167,LAVENDER INCENSE IN TIN,1912,1169.24
2168,LAVENDER SCENT CAKE CANDLE,1277,295.45
2169,LAVENDER SCENTED FABRIC HEART,4355,5360.15
2170,LAVENDER SCENTED SET/9 T-LIGHTS,1022,814.0999999999999
2171,LAZER CUT NECKLACE W PASTEL BEADS,1,8.95
2172,LEOPARD PRINT HOT WATER BOTTLE,46,153.3
2173,LETS GO SHOPPING COTTON TOTE BAG,434,952.5
2174,"LETTER ""A"" BLING KEY RING",64,80.0
2175,"LETTER ""B"" BLING KEY RING",35,43.75
2176,"LETTER ""C"" BLING KEY RING",63,78.75
2177,"LETTER ""D"" BLING KEY RING",26,32.5
2178,"LETTER ""E"" BLING KEY RING",54,67.5
2179,"LETTER ""F"" BLING KEY RING",17,21.25
2180,"LETTER ""G"" BLING KEY RING",35,43.75
2181,"LETTER ""H"" BLING KEY RING",28,35.0
2182,"LETTER ""I"" BLING KEY RING",19,23.75
2183,"LETTER ""J"" BLING KEY RING",60,75.0
2184,"LETTER ""K"" BLING KEY RING",64,80.0
2185,"LETTER ""L"" BLING KEY RING",63,78.75
2186,"LETTER ""M"" BLING KEY RING",54,67.5
2187,"LETTER ""N"" BLING KEY RING",32,40.0
2188,"LETTER ""O"" BLING KEY RING",19,23.75
2189,"LETTER ""P"" BLING KEY RING",30,37.5
2190,"LETTER ""R"" BLING KEY RING",38,47.5
2191,"LETTER ""S"" BLING KEY RING",75,93.75
2192,"LETTER ""T"" BLING KEY RING",31,38.75
2193,"LETTER ""U"" BLING KEY RING",1,1.25
2194,"LETTER ""V"" BLING KEY RING",9,11.25
2195,"LETTER ""W"" BLING KEY RING",2,2.5
2196,"LETTER ""Y"" BLING KEY RING",2,2.5
2197,"LETTER ""Z"" BLING KEY RING",5,6.25
2198,LETTER SHAPE PENCIL SHARPENER,819,131.04000000000002
2199,LIBRARY LAMP,36,754.1999999999999
2200,LIGHT BIRD HOUSE TREE DECORATION,806,540.62
2201,LIGHT DECORATION BATTERY OPERATED,29,60.900000000000006
2202,LIGHT GARLAND BUTTERFILES PINK,504,1919.04
2203,LIGHT PINK CHERRY LIGHTS,1420,8311.0
2204,LIGHT PINK FLOCK GLASS CANDLEHOLDER,796,329.15000000000003
2205,LIGHTHOUSE PRINTED METAL SIGN,63,311.85
2206,LILAC DIAMANTE PEN IN GIFT BOX,363,627.65
2207,LILAC FEATHERS CURTAIN,2,2.5
2208,LILAC FLOWER BLOCK TABLE LAMP,64,188.8
2209,LILAC GAUZE BUTTERFLY LAMPSHADE,44,18.48
2210,LILAC VOTIVE CANDLE,146,30.66
2211,LILLIES CANVAS PICTURE,233,394.84999999999997
2212,LILY BROOCH AMETHYST COLOUR,35,173.25000000000003
2213,LILY BROOCH OLIVE COLOUR,16,79.2
2214,LILY BROOCH WHITE/SILVER COLOUR,6,29.700000000000003
2215,LION SOCK PUPPET,35,103.25000000000001
2216,LIPSTICK PEN BABY PINK,620,258.96
2217,LIPSTICK PEN FUSCHIA,1880,764.88
2218,LIPSTICK PEN RED,2956,1168.08
2219,LITTLE FLOWER SHOPPER BAG,400,424.0
2220,LITTLE GREEN MONSTER SOFT TOY,22,50.7
2221,LITTLE PINK MONSTER SOFT TOY,27,63.45
2222,LOCAL CAFE MUG,602,1159.2
2223,LOLITA  DESIGN  COTTON TOTE BAG,819,1025.15
2224,LONG SILVER NECKLACE PASTEL FLOWER,18,229.5
2225,LOO ROLL  METAL SIGN ,323,530.55
2226,LOUVRE CHALKBOARD,49,325.6
2227,LOUVRE VANITY MIRROR,129,653.85
2228,LOVE BUILDING BLOCK WORD,3546,20789.600000000002
2229,LOVE GARLAND PAINTED ZINC ,2940,4601.4
2230,LOVE HEART NAPKIN BOX ,586,2474.5
2231,LOVE HEART POCKET WARMER,1592,1884.0
2232,LOVE HEART SOCK HANGER,1554,2468.1
2233,LOVE HEART TRINKET POT,1181,1635.6499999999999
2234,LOVE LARGE WOOD LETTERS ,457,5632.35
2235,LOVE POTION MASALA INCENSE,254,53.34
2236,LOVEBIRD HANGING DECORATION WHITE ,5143,4309.929999999999
2237,LOVELY BONBON STICKER SHEET,557,471.89
2238,LUNCH BAG  BLACK SKULL.,14529,22561.65
2239,LUNCH BAG CARS BLUE,12755,19805.75
2240,LUNCH BAG DOLLY GIRL DESIGN,3282,5129.3
2241,LUNCH BAG PINK POLKADOT,1367,2215.55
2242,LUNCH BAG PINK POLKADOTS,10,16.5
2243,LUNCH BAG PINK RETROSPOT,8756,13923.4
2244,LUNCH BAG RED RETROSPOT,3103,4891.95
2245,LUNCH BAG RED SPOTTY,17314,27041.3
2246,LUNCH BAG SPACEBOY DESIGN ,9123,14582.15
2247,LUNCH BAG SUKI  DESIGN ,12135,19260.75
2248,LUNCH BAG WOODLAND,12000,18796.0
2249,LUNCH BOX I LOVE LONDON,4952,8766.6
2250,LUNCH BOX WITH CUTLERY FAIRY CAKES ,1371,3350.25
2251,LUNCH BOX WITH CUTLERY RETROSPOT ,2559,6157.799999999999
2252,LUNCHBAG PINK RETROSPOT,107,176.54999999999998
2253,LUNCHBAG SPACEBOY DESIGN ,644,1022.6
2254,LUNCHBAG SUKI  DESIGN ,405,648.25
2255,LUNCHBOX I LOVE LONDON,1,1.95
2256,LUNCHBOX WITH CUTLERY FAIRY CAKES ,1374,3222.9
2257,LUNCHBOX WITH CUTLERY RETROSPOT ,1368,3237.2999999999997
2258,LUSH GREENS RIBBONS,2048,2530.36
2259,M/COLOUR POM-POM CURTAIN,6,25.5
2260,MA CAMPAGNE 4 DRAWER WALL SHELF,125,835.55
2261,MA CAMPAGNE CUTLERY BOX,473,6835.95
2262,MA CAMPAGNE MINI WOODEN CHEST,301,1097.8000000000002
2263,MADRAS NOTEBOOK LARGE ,130,487.5
2264,MADRAS NOTEBOOK MEDIUM,104,265.2
2265,MAGAZINE RACK GEBRA ASSORTED ,534,712.5
2266,MAGIC DRAWING SLATE BAKE A CAKE ,2813,1155.54
2267,MAGIC DRAWING SLATE BUNNIES ,2293,963.06
2268,MAGIC DRAWING SLATE CIRCUS PARADE  ,4366,1770.36
2269,MAGIC DRAWING SLATE DINOSAUR,3783,1496.7
2270,MAGIC DRAWING SLATE DOLLY GIRL ,6118,2424.84
2271,MAGIC DRAWING SLATE FIDO,360,151.2
2272,MAGIC DRAWING SLATE GO TO THE FAIR ,1512,599.0400000000001
2273,MAGIC DRAWING SLATE LEAP FROG ,1733,704.82
2274,MAGIC DRAWING SLATE PURDEY,4721,1870.26
2275,MAGIC DRAWING SLATE SPACEBOY ,7903,3195.42
2276,MAGIC GARDEN FELT GARLAND ,4,7.8
2277,MAGIC GARDEN MOUNT FUJI,154,392.7
2278,MAGIC SHEEP WOOL GROWING FROM PAPER,571,1331.8500000000001
2279,MAGIC SLATE BAKE A CAKE ,48,20.16
2280,MAGIC SLATE BUNNIES AT HOME ,288,120.96000000000001
2281,MAGIC SLATE CIRCUS PARADE  ,192,80.64
2282,MAGIC SLATE DINOSAUR,144,60.480000000000004
2283,MAGIC SLATE DOLLY GIRL ,192,80.64
2284,MAGIC SLATE FIDO,288,120.96000000000001
2285,MAGIC SLATE GO TO THE FAIR ,96,40.32
2286,MAGIC SLATE LEAP FROG ,96,40.32
2287,MAGIC SLATE SPACEBOY ,288,120.96000000000001
2288,MAGIC TREE -PAPER FLOWERS,913,776.05
2289,MAGNETS PACK OF 4 CHILDHOOD MEMORY,2918,3414.94
2290,MAGNETS PACK OF 4 HOME SWEET HOME,1070,1332.94
2291,MAGNETS PACK OF 4 RETRO PHOTO,668,791.6800000000001
2292,MAGNETS PACK OF 4 SWALLOWS,1733,2159.41
2293,MAGNETS PACK OF 4 VINTAGE COLLAGE,1710,1973.3400000000001
2294,MAGNETS PACK OF 4 VINTAGE LABELS ,397,493.97
2295,MAKE YOUR OWN FLOWERPOWER CARD KIT,468,1380.6000000000001
2296,MAKE YOUR OWN MONSOON CARD KIT,600,1712.4
2297,MAKE YOUR OWN PLAYTIME CARD KIT,344,1014.8000000000002
2298,MAN FLU METAL SIGN,2239,4268.400000000001
2299,MANHATTAN CANVAS ART PICTURE,20,87.8
2300,MARAKESH LANTERN LARGE,30,544.5
2301,MARAKESH LANTERN SMALL ,196,848.35
2302,MAXWELL 2 TONE BLUE 60 PAGE PHOTO A,302,605.0
2303,MAXWELL 2 TONE PINK 60 PAGE PHOTO A,142,293.0
2304,MEASURING TAPE BABUSHKA BLUE,317,879.95
2305,MEASURING TAPE BABUSHKA PINK,437,1216.75
2306,MEASURING TAPE BABUSHKA RED,577,1615.75
2307,MEASURING TAPE RUSSIAN DOLL BLUE,102,300.90000000000003
2308,MEASURING TAPE RUSSIAN DOLL PINK,152,448.4000000000001
2309,MEASURING TAPE RUSSIAN DOLL RED,647,1755.05
2310,MEDINA STAMPED METAL STOOL,29,1068.5500000000002
2311,MEDINA STAMPED METAL TRAY ,3,44.849999999999994
2312,MEDIUM CHINESE STYLE SCISSOR,911,421.9
2313,MEDIUM MEDINA STAMPED METAL BOWL ,638,1805.3000000000002
2314,MEDIUM PINK BUDDHA HEAD ,46,135.70000000000002
2315,MEDIUM WHITE/PINK ROSE ART FLOWER,122,181.22
2316,MEMO BOARD COTTAGE DESIGN,2283,10506.550000000001
2317,MEMO BOARD RETROSPOT  DESIGN,2650,11574.300000000001
2318,METAL 4 HOOK HANGER FRENCH CHATEAU,2493,6885.55
2319,METAL BASE FOR CANDLES,167,63.9
2320,METAL DECORATION NAUGHTY CHILDREN ,596,506.59999999999997
2321,METAL MEDINA LANTERN ,296,2696.1
2322,METAL MERRY CHRISTMAS WREATH,2266,4319.7
2323,METAL RABBIT LADDER EASTER ,102,86.69999999999999
2324,METAL SHELF WITH RAIL ,339,2839.0
2325,METAL SIGN CUPCAKE SINGLE HOOK,384,480.0
2326,METAL SIGN EMPIRE TEA,1231,2982.8700000000003
2327,METAL SIGN HER DINNER IS SERVED ,437,1257.95
2328,METAL SIGN HIS DINNER IS SERVED,240,460.8
2329,METAL SIGN NEIGHBOURHOOD WITCH ,1421,2901.6000000000004
2330,METAL SIGN TAKE IT OR LEAVE IT ,3186,8398.62
2331,"METAL SIGN,CUPCAKE SINGLE HOOK",827,1033.75
2332,METAL TUBE CHIME ON BAMBOO,724,1007.08
2333,METAL WALL SHELF UNIT WITH HOOKS,27,968.08
2334,METALIC LEAVES BAG CHARMS,8,20.4
2335,MIDNIGHT BLUE COPPER FLOWER NECKLAC,11,65.45
2336,MIDNIGHT BLUE CRYSTAL DROP EARRINGS,1,2.95
2337,MIDNIGHT BLUE GLASS/SILVER BRACELET,24,208.35
2338,MIDNIGHT BLUE PAIR HEART HAIR SLIDE,13,48.75
2339,MIDNIGHT BLUE VINTAGE EARRINGS,25,93.75
2340,MIDNIGHT GLAMOUR SCARF KNITTING KIT,266,417.5
2341,MILK BOTTLE WITH GLASS STOPPER ,212,1437.4
2342,MILK PAN BLUE POLKADOT,28,105.0
2343,MILK PAN BLUE RETROSPOT,290,1035.66
2344,MILK PAN PINK POLKADOT,262,913.38
2345,MILK PAN PINK RETROSPOT,663,2396.9700000000003
2346,MILK PAN RED RETROSPOT,927,3428.01
2347,MINATURE COLOURED GARDENING SET,717,3336.65
2348,MINI  ZINC GARDEN DECORATIONS ,461,371.69
2349,MINI CAKE STAND  HANGING STRAWBERY,3263,5099.15
2350,MINI CAKE STAND HANGING HEARTS,323,523.35
2351,MINI CAKE STAND T-LIGHT HOLDER,590,247.8
2352,MINI CAKE STAND WITH HANGING CAKES,2318,3062.1
2353,MINI FUNKY DESIGN TAPES,790,671.5
2354,MINI HAND WARMER BABUSHKA DESIGN,108,214.8
2355,MINI HIGHLIGHTER PENS,14161,1429.32
2356,MINI JIGSAW BAKE A CAKE ,1813,747.06
2357,MINI JIGSAW BUNNIES,1861,777.3000000000001
2358,MINI JIGSAW BUNNIES AT HOME,432,181.44
2359,MINI JIGSAW CIRCUS PARADE ,3732,1471.68
2360,MINI JIGSAW DINOSAUR ,1184,497.28
2361,MINI JIGSAW DOLLY GIRL,2764,1132.08
2362,MINI JIGSAW FIDO,672,282.24
2363,MINI JIGSAW GO TO THE FAIR,1023,429.66
2364,MINI JIGSAW LEAP FROG,727,290.94
2365,MINI JIGSAW PURDEY,1575,658.62
2366,MINI JIGSAW SPACEBOY,4950,2048.7599999999998
2367,MINI PAINT SET VINTAGE ,17545,11081.25
2368,MINI PAINT SET VINTAGE  BOY+ GIRL,1188,714.6
2369,MINI PAINTED GARDEN DECORATION ,351,298.34999999999997
2370,MINI WOODEN HAPPY BIRTHDAY GARLAND,3236,5183.72
2371,MINT GREEN ROSE TOWEL,38,176.70000000000002
2372,MINT KITCHEN SCALES,720,5926.2
2373,MIRROR CORNICE,19,284.05
2374,MIRROR LOVE BIRD T-LIGHT HOLDER,241,429.15
2375,MIRROR MOSAIC CANDLE PLATE,875,574.1899999999999
2376,MIRROR MOSAIC GOBLET CANDLE HOLDER,107,370.75
2377,MIRROR MOSAIC HURRICANE LAMP ,141,586.95
2378,MIRROR MOSAIC T-LIGHT HOLDER ,214,324.29999999999995
2379,MIRROR MOSAIC T-LIGHT HOLDER ROUND,451,684.15
2380,MIRROR MOSAIC VOTIVE HOLDER,265,412.5
2381,"MIRROR, ARCHED GEORGIAN",200,3884.0000000000005
2382,MIRRORED DISCO BALL ,703,3790.5
2383,MIRRORED DOVE WALL DECORATION,155,325.5
2384,MIRRORED WALL ART FOXY,35,99.85
2385,MIRRORED WALL ART GENTS,35,48.449999999999996
2386,MIRRORED WALL ART LADIES,34,45.9
2387,MIRRORED WALL ART PHOTO FRAMES,132,513.0
2388,MIRRORED WALL ART POPPIES,93,114.75
2389,MIRRORED WALL ART SKULLS,164,315.0
2390,MIRRORED WALL ART SNOWFLAKES,122,147.89999999999998
2391,MIRRORED WALL ART SPLODGES,30,52.5
2392,MIRRORED WALL ART STARS,102,219.3
2393,MIRRORED WALL ART TABLE LAMP,74,117.5
2394,MIXED NUTS LIGHT GREEN BOWL,209,261.25
2395,MOBILE VINTAGE HEARTS ,288,1392.0
2396,MOCK LOBSTER FRIDGE MAGNET,187,154.26999999999998
2397,MODERN CHRISTMAS BAUBLE CANDLE ,10,4.2
2398,MODERN CHRISTMAS TREE CANDLE,4,7.6000000000000005
2399,MODERN CHRISTMAS TREE CANDLE ,2,4.2
2400,MODERN FLORAL STATIONERY SET,585,1116.15
2401,MODERN VINTAGE COTTON SHOPPING BAG,834,984.3
2402,MONEY BOX BISCUITS DESIGN,1406,1882.8999999999999
2403,MONEY BOX CONFECTIONERY DESIGN,491,602.35
2404,MONEY BOX FIRST ADE DESIGN,334,399.26
2405,MONEY BOX HOUSEKEEPING DESIGN,1084,1343.6
2406,MONEY BOX KINGS CHOICE DESIGN,2096,2649.64
2407,MONEY BOX POCKET MONEY DESIGN,1256,1540.36
2408,MONSTERS STENCIL CRAFT,2575,2923.87
2409,MONTANA DIAMOND CLUSTER NECKLACE,4,35.8
2410,MOODY BOY  DOOR HANGER ,964,781.48
2411,MOODY GIRL DOOR HANGER ,1104,954.0
2412,MOON INCENSE,50,10.5
2413,MOP PENDANT SHELL NECKLACE,1,4.95
2414,MORE BUTTER METAL SIGN ,844,1289.3400000000001
2415,MOROCCAN BEATEN METAL DISH,150,568.5000000000001
2416,MOROCCAN BEATEN METAL DISH LARGE,93,653.49
2417,MOROCCAN BEATEN METAL MIRROR,248,1299.6000000000001
2418,MOROCCAN TEA GLASS,7801,5872.21
2419,MOSAIC CANDLE DISH BLUE PURPLE,144,122.39999999999999
2420,MOSAIC GLASS BALL CANDLEHOLDER,97,121.25
2421,MOTORING TISSUE BOX,516,578.4
2422,MOUSE TOY WITH PINK T-SHIRT,548,2055.0
2423,MOUSEY LONG LEGS SOFT TOY,181,450.75
2424,MR ROBOT SOFT TOY,134,574.5
2425,MRS ROBOT SOFT TOY,126,543.7
2426,MUG AND COASTER SET RED CIRCLES,378,158.76
2427,MUG PINK AND PURPLE ARABIC DESIGN,6,3.9000000000000004
2428,MULTI COLOUR SILVER T-LIGHT HOLDER,11855,9346.67
2429,MULTI HEARTS  STICKERS,842,702.6999999999999
2430,MULTICOLOUR  CONFETTI IN TUBE,182,300.29999999999995
2431,MULTICOLOUR 3D BALLS GARLAND,399,952.65
2432,MULTICOLOUR CRUSOE CHECK LAMPSHADE,48,20.16
2433,MULTICOLOUR DOTS PLATE,688,71.80000000000001
2434,MULTICOLOUR EASTER RABBIT ,32,62.39999999999999
2435,MULTICOLOUR FEATHERS CURTAIN,72,236.40000000000003
2436,MULTICOLOUR GLASS PLATE,116,63.800000000000004
2437,MULTICOLOUR HONEYCOMB FAN,213,349.04999999999995
2438,MULTICOLOUR HONEYCOMB PAPER GARLAND,277,451.45
2439,MULTICOLOUR POLKADOT PLATE,684,68.4
2440,MULTICOLOUR RABBIT EGG WARMER,56,117.60000000000001
2441,MULTICOLOUR SPRING FLOWER MUG,11051,1744.0700000000002
2442,MUMMY MOUSE RED GINGHAM RIBBON,200,1069.0
2443,MURANO STYLE GLASS BRACELET BLACK,42,147.0
2444,MURANO STYLE GLASS BRACELET GOLD,22,77.0
2445,MURANO STYLE GLASS BRACELET PINK,26,91.0
2446,MURANO STYLE GLASS BRACELET RED,17,59.5
2447,MUSHROOM BLUE HOT WATER BOTTLE,669,1901.5500000000002
2448,Manual,2630,98560.64
2449,NAMASTE SWAGAT INCENSE,2003,518.1
2450,NATURAL BARK CANDLE LARGE,350,1424.5
2451,NATURAL BARK CANDLE SMALL,516,1578.0
2452,NATURAL RIVIERA HANDBAG,52,116.7
2453,NATURAL SLATE CHALKBOARD LARGE ,2596,10962.36
2454,NATURAL SLATE HEART CHALKBOARD ,6028,16958.4
2455,NATURAL SLATE RECTANGLE CHALKBOARD,3585,5719.65
2456,NECKLACE+BRACELET PINK BUTTERFLY,33,84.14999999999999
2457,NECKLACE+BRACELET SET BLUE BLOSSOM,23,58.65
2458,NECKLACE+BRACELET SET BLUE HIBISCUS,9,22.95
2459,NECKLACE+BRACELET SET FRUIT SALAD ,23,58.65
2460,NECKLACE+BRACELET SET PINK BLOSSOM,7,17.849999999999998
2461,NECKLACE+BRACELET SET PINK DAISY,21,53.55
2462,NEW BAROQUE B'FLY NECKLACE BLACK,5,42.5
2463,NEW BAROQUE B'FLY NECKLACE CRYSTAL,1,8.5
2464,NEW BAROQUE B'FLY NECKLACE GREEN,4,34.0
2465,NEW BAROQUE B'FLY NECKLACE MONTANA,12,102.0
2466,NEW BAROQUE B'FLY NECKLACE PINK,12,102.0
2467,NEW BAROQUE B'FLY NECKLACE RED,6,51.0
2468,NEW BAROQUE BLACK BOXES,2,25.5
2469,NEW BAROQUE BLACK PHOTO ALBUM,43,365.5
2470,NEW BAROQUE IVORY CUSHION COVER ,254,607.7
2471,NEW BAROQUE JEWELLERY BOX ,46,349.7
2472,NEW BAROQUE LARGE NECKLACE BLK/WHIT,8,68.0
2473,NEW BAROQUE SMALL NECKLACE BLACK,18,153.0
2474,NEW BAROQUE WALL MIRROR,1,12.75
2475,NEW ENGLAND CERAMIC CAKE SERVER,90,229.5
2476,NEW ENGLAND EGG WARMER,120,66.0
2477,NEW ENGLAND MILK JUG W GIFT BOX,30,178.5
2478,NEW ENGLAND MUG W GIFT BOX,29,73.94999999999999
2479,NEW ENGLAND PLACEMATS,32,120.0
2480,NEW ENGLAND TEATOWELS,124,316.2
2481,NEWSPAPER STAND,300,3210.3
2482,NIGHTINGALE COATHOOK WHITE,321,500.04999999999995
2483,NINJA RABBIT BLACK,121,149.35
2484,NINJA RABBIT PINK,179,221.85
2485,NO JUNK MAIL METAL SIGN,2289,2061.73
2486,NO SINGING METAL SIGN,6776,12936.960000000001
2487,NOEL GARLAND PAINTED ZINC ,377,622.05
2488,NOEL WOODEN BLOCK LETTERS ,1129,6709.750000000001
2489,NOVELTY BISCUITS CAKE STAND 3 TIER,438,4010.1
2490,NUMBER TILE COTTAGE GARDEN 0 ,2,3.9
2491,NUMBER TILE COTTAGE GARDEN 1,1,1.95
2492,NUMBER TILE COTTAGE GARDEN 2,3,5.85
2493,NUMBER TILE COTTAGE GARDEN 4,4,7.8
2494,NUMBER TILE COTTAGE GARDEN 5,3,5.85
2495,NUMBER TILE COTTAGE GARDEN 6,4,7.8
2496,NUMBER TILE COTTAGE GARDEN 7,3,5.85
2497,NUMBER TILE COTTAGE GARDEN 8,1,1.95
2498,NUMBER TILE COTTAGE GARDEN 9,4,7.8
2499,NUMBER TILE COTTAGE GARDEN No,3,6.300000000000001
2500,"NUMBER TILE COTTAGE GARDEN, 0 ",56,109.19999999999999
2501,"NUMBER TILE COTTAGE GARDEN, 1",63,122.85
2502,"NUMBER TILE COTTAGE GARDEN, 2",56,109.19999999999999
2503,"NUMBER TILE COTTAGE GARDEN, 3 ",56,109.19999999999999
2504,"NUMBER TILE COTTAGE GARDEN, 4",56,109.19999999999999
2505,"NUMBER TILE COTTAGE GARDEN, 5",57,111.14999999999999
2506,"NUMBER TILE COTTAGE GARDEN, 6",56,109.19999999999999
2507,"NUMBER TILE COTTAGE GARDEN, 7",56,109.19999999999999
2508,"NUMBER TILE COTTAGE GARDEN, 8",56,109.19999999999999
2509,"NUMBER TILE COTTAGE GARDEN, 9",58,113.1
2510,"NUMBER TILE COTTAGE GARDEN, No",43,90.3
2511,NUMBER TILE VINTAGE FONT 0,1,1.95
2512,NUMBER TILE VINTAGE FONT 1,3,5.85
2513,NUMBER TILE VINTAGE FONT 2,2,3.9
2514,NUMBER TILE VINTAGE FONT 3,8,15.6
2515,NUMBER TILE VINTAGE FONT 5,3,5.85
2516,NUMBER TILE VINTAGE FONT 6 ,6,11.7
2517,NUMBER TILE VINTAGE FONT 8,4,7.8
2518,NUMBER TILE VINTAGE FONT 9 ,3,5.85
2519,NUMBER TILE VINTAGE FONT No ,2,4.2
2520,"NUMBER TILE VINTAGE FONT, 0",8,17.36
2521,"NUMBER TILE VINTAGE FONT, 1",8,17.36
2522,"NUMBER TILE VINTAGE FONT, 2",8,17.36
2523,"NUMBER TILE VINTAGE FONT, 3",8,17.36
2524,"NUMBER TILE VINTAGE FONT, 4",8,17.36
2525,"NUMBER TILE VINTAGE FONT, 5",8,17.36
2526,"NUMBER TILE VINTAGE FONT, 6 ",8,17.36
2527,"NUMBER TILE VINTAGE FONT, 7",8,17.36
2528,"NUMBER TILE VINTAGE FONT, 8",8,17.36
2529,"NUMBER TILE VINTAGE FONT, No ",22,48.6
2530,NURSE'S BAG SOFT TOY,293,2602.35
2531,"NURSERY A,B,C PAINTED LETTERS",216,1445.2
2532,OCCASIONS GIFT CARD ASSORTMENT,120,66.0
2533,OCEAN SCENT CANDLE IN JEWELLED BOX,540,2240.44
2534,OCEAN SCENT CANDLE JEWELLED DRAWER,90,382.5
2535,OCEAN STRIPE HAMMOCK ,292,2237.4
2536,OFFICE MUG WARMER BLACK+SILVER ,901,2704.55
2537,OFFICE MUG WARMER CHOC+BLUE,541,1993.5500000000002
2538,OFFICE MUG WARMER PINK,436,1525.8000000000002
2539,OFFICE MUG WARMER POLKADOT,534,1855.7
2540,OLD DOC RUSSEL METAL SIGN,197,413.70000000000005
2541,OLD DOC.RUSSEL METAL SIGN,9,18.900000000000002
2542,OLD ROSE COMBO BEAD NECKLACE,12,35.400000000000006
2543,OLIVE CHALET BIRDFEEDER,252,685.0
2544,OPAL WHITE/SILVER FLOWER NECKLACE,1,5.95
2545,OPEN CLOSED METAL SIGN,1324,6640.200000000001
2546,OPIUM SCENTED VOTIVE CANDLE,1152,293.76
2547,OPULENT VELVET CANDLE IN BOX,27,41.4
2548,OPULENT VELVET SET/3 CANDLES,1205,1719.6000000000001
2549,ORANGE CANDLE,12,10.2
2550,ORANGE COCKTAIL GLASS LAMP,61,128.10000000000002
2551,ORANGE FELT VASE + FLOWERS,9,11.25
2552,ORANGE FLOWER MUG ,5391,570.15
2553,ORANGE PENDANT TRIPLE SHELL NECKLAC,4,19.8
2554,ORANGE SCENTED SET/9 T-LIGHTS,848,713.0
2555,ORANGE TV TRAY TABLE ,36,153.0
2556,ORANGE VOTIVE CANDLE,696,182.64
2557,ORANGE/FUSCHIA STONES NECKLACE,9,44.550000000000004
2558,ORGANISER WOOD ANTIQUE WHITE ,518,4280.0
2559,"ORGANISER WOOD, ANTIQUE WHITE ",3,25.5
2560,ORIENTAL BLUE C/COVER ,9,41.85
2561,ORIENTAL BLUE CUSHION COVER ,218,299.7
2562,ORIENTAL RED C/COVER ,20,88.2
2563,ORIENTAL RED CUSHION COVER ,119,179.35
2564,ORIGAMI JASMINE INCENSE IN TUBE,255,217.6
2565,ORIGAMI JASMINE INCENSE+FLOWER ,19,11.100000000000001
2566,ORIGAMI JASMINE INCENSE/CANDLE SET,162,168.29999999999998
2567,ORIGAMI LAVENDER INCENSE CONES,96,40.32
2568,ORIGAMI LAVENDER INCENSE IN TUBE,213,89.46000000000001
2569,ORIGAMI LAVENDER INCENSE+FLOWER,334,217.1
2570,ORIGAMI LAVENDER INCENSE/CANDL SET ,415,405.45
2571,ORIGAMI OPIUM INCENSE CONES,93,33.3
2572,ORIGAMI OPIUM INCENSE/CANDLE SET ,205,196.35
2573,ORIGAMI OPIUM SCENT INCENSE+FLOWER,124,80.60000000000001
2574,ORIGAMI ROSE INCENSE CONES,476,194.28
2575,ORIGAMI ROSE INCENSE IN TUBE,516,257.58
2576,ORIGAMI ROSE INCENSE+FLOWER,207,129.3
2577,ORIGAMI ROSE INCENSE/CANDLE SET ,41,63.74999999999999
2578,ORIGAMI SANDLEWOOD INCENSE CONES,61,23.699999999999996
2579,ORIGAMI SANDLEWOOD INCENSE IN TUBE,61,25.05
2580,ORIGAMI SANDLEWOOD INCENSE+FLOWER,300,253.00000000000003
2581,ORIGAMI SANDLEWOOD INCENSE/CAND SET,128,122.39999999999999
2582,ORIGAMI VANILLA INCENSE CONES,93,43.98
2583,ORIGAMI VANILLA INCENSE+FLOWER ,254,150.0
2584,ORIGAMI VANILLA INCENSE/CANDLE SET ,374,341.7
2585,ORNATE EDWARDIAN CANDLE HOLDER,6,47.7
2586,OVEN MITT APPLE DESIGN,337,468.65
2587,OVEN MITT APPLES DESIGN,266,385.7
2588,OVERNIGHT BAG VINTAGE ROSE PAISLEY,591,2869.4500000000003
2589,OWL DOORSTOP,483,2319.4500000000003
2590,OWLS CHARLOTTE BAG,1,0.85
2591,OYSTER TRINKET BOX,68,215.0
2592,PACK 20 DOLLY PEGS,2381,1867.85
2593,PACK 20 ENGLISH ROSE PAPER NAPKINS,6186,4766.7
2594,PACK 3 BOXES BIRD PANNETONE ,1604,3027.0
2595,PACK 3 BOXES CHRISTMAS PANNETONE,2888,5458.799999999999
2596,PACK 3 FIRE ENGINE/CAR PATCHES,361,451.25
2597,PACK 3 IRON ON DOG PATCHES,271,338.75
2598,PACK 4 FLOWER/BUTTERFLY PATCHES,350,437.5
2599,PACK 6 HEART/ICE-CREAM PATCHES,564,705.0
2600,PACK OF 12 BLUE PAISLEY TISSUES ,3925,1107.03
2601,PACK OF 12 CIRCUS PARADE TISSUES ,1766,508.29999999999995
2602,PACK OF 12 COLOURED PENCILS,3536,2805.9199999999996
2603,PACK OF 12 HEARTS DESIGN TISSUES ,16369,5941.23
2604,PACK OF 12 LONDON TISSUES ,12739,3542.95
2605,PACK OF 12 PINK PAISLEY TISSUES ,21986,5918.099999999999
2606,PACK OF 12 PINK POLKADOT TISSUES,1010,292.9
2607,PACK OF 12 PINK SPOT TISSUES ,8159,3061.25
2608,PACK OF 12 RED RETROSPOT TISSUES ,2110,590.78
2609,PACK OF 12 RED SPOTTY TISSUES ,22643,5923.089999999999
2610,PACK OF 12 SKULL TISSUES,10536,2813.52
2611,PACK OF 12 SPACEBOY TISSUES,2620,755.9599999999999
2612,PACK OF 12 STICKY BUNNIES,1123,717.95
2613,PACK OF 12 SUKI TISSUES ,24704,7857.82
2614,PACK OF 12 TRADITIONAL CRAYONS,7930,3199.56
2615,PACK OF 12 WOODLAND TISSUES ,20820,5416.5
2616,PACK OF 20 FAIRY CAKE PAPER NAPKINS,621,507.69
2617,PACK OF 20 NAPKINS PANTRY DESIGN,2088,1573.1999999999998
2618,PACK OF 20 NAPKINS RED APPLES,1245,957.4499999999999
2619,PACK OF 20 SKULL PAPER NAPKINS,6034,4322.5
2620,PACK OF 20 SPACEBOY NAPKINS,1487,1163.1499999999999
2621,PACK OF 6 BIRDY GIFT TAGS,11489,13705.18
2622,PACK OF 6 HANDBAG GIFT BOXES,1260,3170.3999999999996
2623,PACK OF 6 PANNETONE GIFT BOXES,2841,6903.45
2624,PACK OF 6 SANDCASTLE FLAGS ASSORTED,2995,2307.0699999999997
2625,PACK OF 6 SKULL PAPER CUPS,4291,2607.71
2626,PACK OF 6 SKULL PAPER PLATES,5473,3896.0499999999997
2627,PACK OF 6 SWEETIE GIFT BOXES,1448,3574.5
2628,PACK OF 60 DINOSAUR CAKE CASES,18971,9006.53
2629,PACK OF 60 MUSHROOM CAKE CASES,9322,4690.3
2630,PACK OF 60 PINK PAISLEY CAKE CASES,31006,15103.75
2631,PACK OF 60 SPACEBOY CAKE CASES,12946,6418.3
2632,PACK OF 72 RETRO SPOT CAKE CASES,45156,21853.08
2633,PACK OF 72 RETROSPOT CAKE CASES,12414,5819.7300000000005
2634,PACK OF 72 SKULL CAKE CASES,24618,11657.82
2635,PACK/12 BLUE FOLKART CARDS,76,224.20000000000002
2636,PACK/12 BLUE REINDEER CARD,73,215.35000000000002
2637,PACK/12 DECOUPAGE CARD,35,103.25000000000001
2638,PACK/12 RUSSIAN DOLL CARDS,2,5.9
2639,PACK/12 XMAS FUN CARD,229,656.35
2640,PADDED HOLLY CHRISTMAS DECORATION ,103,45.75
2641,PADDED RED HEART DECORATION,114,56.18
2642,PADS TO MATCH ALL CUSHIONS,14,0.014
2643,PAINT YOUR OWN CANVAS SET,1744,2762.3999999999996
2644,PAINTED BIRD ASSORTED CHRISTMAS,423,714.87
2645,PAINTED LIGHTBULB RAINBOW DESIGN,109,44.58
2646,PAINTED LIGHTBULB STAR+ MOON,157,64.74
2647,PAINTED METAL HEART WITH HOLLY BELL,1087,1556.9499999999998
2648,PAINTED METAL PEARS ASSORTED,5934,9678.06
2649,PAINTED METAL STAR WITH HOLLY BELLS,874,1248.1
2650,PAINTED METAL TREE WITH HOLLY BELLS,726,1033.5
2651,PAINTED PINK RABBIT ,303,257.55
2652,PAINTED SEA SHELL METAL WINDCHIME,4,15.0
2653,PAINTED YELLOW WOODEN DAISY,231,196.35
2654,PAIR BUTTERFLY HAIR CLIPS,17,63.75
2655,PAIR OF ENAMEL BUTTERFLY HAIRCLIP,2,6.7
2656,PAIR OF ENAMEL FLOWER CLUSTER SLIDE,82,192.9
2657,PAIR PADDED HANGERS PINK CHECK,96,340.8
2658,PAIR PINK/BLACK COATHANGERS,25,48.75
2659,PAISLEY PATTERN  STICKERS,420,278.03999999999996
2660,PANDA AND BUNNIES STICKER SHEET,583,495.54999999999995
2661,PAPER BUNTING COLOURED LACE,2349,6430.35
2662,PAPER BUNTING RETRO SPOTS,7599,20735.05
2663,PAPER BUNTING RETROSPOT,855,2426.2500000000005
2664,PAPER BUNTING VINTAGE PAISLEY,2015,5470.200000000001
2665,PAPER BUNTING WHITE LACE,4027,11231.6
2666,PAPER CHAIN KIT 50'S CHRISTMAS ,13860,36933.5
2667,PAPER CHAIN KIT EMPIRE,3589,9747.550000000001
2668,PAPER CHAIN KIT LONDON,394,1090.3
2669,PAPER CHAIN KIT RETRO SPOT,7354,19813.4
2670,PAPER CHAIN KIT RETROSPOT,1455,4068.2500000000005
2671,PAPER CHAIN KIT SKULLS ,1983,5259.85
2672,PAPER CHAIN KIT VINTAGE CHRISTMAS,7861,21570.75
2673,PAPER POCKET TRAVELING FAN ,3509,474.46000000000004
2674,PAPERWEIGHT CHILDHOOD MEMORIES,542,987.9
2675,PAPERWEIGHT HOME SWEET HOME,163,369.45
2676,PAPERWEIGHT KINGS CHOICE ,179,313.65
2677,PAPERWEIGHT SAVE THE PLANET,307,593.8499999999999
2678,PAPERWEIGHT VINTAGE COLLAGE,315,676.9499999999999
2679,PAPERWEIGHT VINTAGE PAISLEY,80,183.6
2680,PARTY BUNTING,8316,35035.9
2681,PARTY CONE CHRISTMAS DECORATION ,5613,4632.21
2682,PARTY CONES CANDY ASSORTED,2228,2658.46
2683,PARTY CONES CANDY TREE DECORATION,1826,1451.48
2684,PARTY CONES CARNIVAL ASSORTED,3073,3556.25
2685,PARTY FOOD SHOPPER BAG,1082,1337.3
2686,PARTY INVITES BALLOON GIRL,864,571.8
2687,PARTY INVITES DINOSAURS,1002,828.3
2688,PARTY INVITES FOOTBALL,928,600.52
2689,PARTY INVITES JAZZ HEARTS,916,755.1999999999999
2690,PARTY INVITES SPACEMAN,533,428.92999999999995
2691,PARTY INVITES WOODLAND,1192,989.8
2692,PARTY METAL SIGN ,4182,5790.299999999999
2693,PARTY PIZZA DISH BLUE POLKADOT,75,63.74999999999999
2694,PARTY PIZZA DISH BLUE RETROSPOT,202,171.7
2695,PARTY PIZZA DISH BLUE WHITE SPOT ,41,34.849999999999994
2696,PARTY PIZZA DISH BLUE+WHITE SPOT ,24,20.4
2697,PARTY PIZZA DISH GREEN POLKADOT,136,106.24
2698,PARTY PIZZA DISH GREEN RETROSPOT,83,70.55
2699,PARTY PIZZA DISH GREEN WHITE SPOT ,29,24.65
2700,PARTY PIZZA DISH GREEN+WHITE SPOT ,12,10.2
2701,PARTY PIZZA DISH PINK POLKADOT,75,63.74999999999999
2702,PARTY PIZZA DISH PINK RETROSPOT,155,131.75
2703,PARTY PIZZA DISH PINK WHITE SPOT ,56,47.599999999999994
2704,PARTY PIZZA DISH PINK+WHITE SPOT ,24,20.4
2705,PARTY PIZZA DISH RED RETROSPOT,816,646.8
2706,PARTY PIZZA DISH RED WHITE SPOT ,464,394.4
2707,PARTY PIZZA DISH RED+WHITE SPOT ,12,10.2
2708,PARTY TIME DESIGN FLANNEL,507,248.91
2709,PARTY TIME PENCIL ERASERS,1030,216.29999999999998
2710,PASTA ENAMEL/BRASS CONTAINER,12,45.0
2711,PASTEL BLUE PHOTO ALBUM,24,46.8
2712,PASTEL BLUE PHOTO ALBUM ,1005,454.71
2713,PASTEL COLOUR HONEYCOMB FAN,108,178.2
2714,PASTEL PINK PHOTO ALBUM,100,199.8
2715,PASTEL PINK PHOTO ALBUM ,654,268.5
2716,PASTEL STRIPE HAMMOCK ,195,1466.25
2717,PATCHWORK PENCIL CASE BUTTERFLY ,247,485.49
2718,PEACE SMALL WOOD LETTERS,422,2916.9
2719,PEACE WOODEN BLOCK LETTERS,443,3042.85
2720,PEACH KNITTED HEN ,339,449.90999999999997
2721,"PEARL & SHELL 42""NECKL. GREEN",13,139.75
2722,"PEARL & SHELL 42""NECKL. IVORY",26,279.5
2723,"PEARL & SHELL 42""NECKL. PINK",43,380.89
2724,PEARL AND CHERRY QUARTZ BRACLET,1,3.5
2725,PEARL CRYSTAL PUMPKIN T-LIGHT HLDR,2424,3814.7999999999997
2726,PEG BAG APPLE DESIGN,285,659.25
2727,PEG BAG APPLES DESIGN,200,487.49999999999994
2728,"PEN, 10 COLOURS - SPACEBOY",24,20.4
2729,PENCIL CASE GINGHAM FOREST,36,106.20000000000002
2730,PENCIL CASE LIFE IS BEAUTIFUL,699,2040.4500000000003
2731,PENNY FARTHING BIRTHDAY CARD,3228,1296.0
2732,PENS ASSORTED FUNKY JEWELED ,504,428.4
2733,PENS ASSORTED FUNNY FACE,3096,2481.8399999999997
2734,PENS ASSORTED SPACEBALL,1194,1014.9
2735,PERIWINKLE T-LIGHT HOLDER,3102,1022.1
2736,"PET MUG, BUDGIE",119,49.980000000000004
2737,"PET MUG, GOLDFISH",54,22.68
2738,PHARMACIE FIRST AID TIN,1180,8014.84
2739,PHOTO CLIP LINE,121,151.25
2740,PHOTO CUBE,1497,2378.2499999999995
2741,PHOTO FRAME 3 CLASSIC HANGING,231,2246.25
2742,PHOTO FRAME CORNICE,1137,3200.55
2743,PICCADILLY TEA SET,310,4227.5
2744,PICNIC BASKET WICKER LARGE,876,8124.599999999999
2745,PICNIC BASKET WICKER SMALL,1640,7651.400000000001
2746,PICNIC BOXES SET OF 3 RETROSPOT ,744,3458.8
2747,PICTURE DOMINOES,3375,4786.95
2748,PICTURE FRAME WOOD TRIPLE PORTRAIT,1321,8516.75
2749,PIECE OF CAMO STATIONERY SET,2093,439.53
2750,PIG KEYRING WITH LIGHT & SOUND ,2528,2977.6
2751,PIG MUG IN TWO COLOUR DESIGNS,84,71.39999999999999
2752,PIGGY BANK RETROSPOT ,1789,4399.95
2753,PILLOWCUSHION COVER PINK UNION JACK,51,303.45
2754,PIN CUSHION BABUSHKA BLUE,42,140.70000000000002
2755,PIN CUSHION BABUSHKA PINK,62,207.70000000000002
2756,PIN CUSHION BABUSHKA RED,154,515.9
2757,PIN CUSHION RUSSIAN DOLL BLUE,64,214.4
2758,PIN CUSHION RUSSIAN DOLL PINK,114,381.90000000000003
2759,PIN CUSHION RUSSIAN DOLL RED,393,1220.55
2760,PING MICROWAVE APRON,119,464.15000000000003
2761,PING! MICROWAVE PLATE,96,291.36
2762,PINK  HEART CONFETTI IN TUBE,306,504.8999999999999
2763,PINK  HEART SHAPE LOVE BUCKET ,896,2595.2000000000003
2764,PINK  HONEYCOMB PAPER BALL ,211,423.42
2765,PINK  HONEYCOMB PAPER FAN,67,138.24
2766,PINK  POLKADOT CUP,575,476.27
2767,PINK  POLKADOT PLATE ,392,639.4399999999999
2768,PINK  SPOTTY CUP,3400,2765.2
2769,PINK  SPOTTY PLATE ,2706,4296.66
2770,PINK & WHITE BREAKFAST TRAY,36,214.20000000000002
2771,PINK & WHITE ROSEBUD RING,5,21.25
2772,PINK 3 PIECE MINI DOTS CUTLERY SET,4203,15085.89
2773,PINK 3 PIECE POLKADOT CUTLERY SET,1260,4569.4800000000005
2774,PINK 3 TIER GLASS PLATE STAND,119,840.45
2775,PINK 5 PATCH FLOWER CUSHION COVER ,388,776.6
2776,PINK ALLIUM  ARTIFICIAL FLOWER,109,184.21
2777,PINK AND BLACK STRING CURTAIN,1,5.95
2778,PINK AND LILAC QUILTED THROW ,33,1450.4
2779,PINK AND WHITE CHRISTMAS TREE 120CM,136,401.20000000000005
2780,PINK AND WHITE CHRISTMAS TREE 180CM,140,476.00000000000006
2781,PINK B'FLY C/COVER W BOBBLES,31,184.45000000000002
2782,PINK BABY BUNTING,1336,3821.2
2783,PINK BABY GIRL'S MEMORY BOX,2,13.9
2784,PINK BABY GIRLS PHOTO ALBUM,15,92.25
2785,PINK BAROQUE FLOCK CANDLE HOLDER,13,77.35000000000001
2786,PINK BEADED CONE CHRISTMAS,14,5.88
2787,PINK BEADS+HAND PHONE CHARM,12,15.0
2788,PINK BERTIE GLASS BEAD BAG CHARM,31,65.10000000000001
2789,PINK BERTIE MOBILE PHONE CHARM,18,30.42
2790,PINK BITTY LIGHT CHAIN,8,37.2
2791,PINK BLUE FELT CRAFT TRINKET BOX,10634,12346.300000000001
2792,PINK BOUDICCA LARGE BRACELET,37,257.15000000000003
2793,PINK BOUDOIR T-LIGHT HOLDER,4191,451.95000000000005
2794,PINK BREAKFAST CUP AND SAUCER ,1578,313.98
2795,PINK BUTTERFLY C/COVER ,6,29.700000000000003
2796,PINK BUTTERFLY CUSHION COVER ,133,303.15000000000003
2797,PINK BUTTERFLY HANDBAG W BOBBLES,10,85.0
2798,PINK BUTTERFLY PAPER LAMPSHADE,3,3.75
2799,PINK BUTTERFLY WASHBAG,327,714.75
2800,PINK CANDYSTUFT ARTIFICIAL FLOWER,182,165.01999999999998
2801,PINK CANVAS DES CUSHION COVER ,6,7.5
2802,PINK CAT BOWL,144,302.70000000000005
2803,PINK CAT FLORAL CUSHION COVER ,276,375.0
2804,PINK CHERRY BLOSSOM CUP & SAUCER,24,30.0
2805,PINK CHERRY LIGHTS,2230,13171.1
2806,PINK CHICK EGG WARMER + EGG CUP,40,84.00000000000001
2807,PINK CHRISTMAS FLOCK DROPLET ,130,82.82
2808,PINK CHRISTMAS TREE DECORATION,37,15.63
2809,PINK CHRYSANTHEMUMS ART FLOWER,278,313.8
2810,PINK CLEAR GLASS CANDLE PLATE,25,31.25
2811,PINK COMBO MINI CRYSTALS NECKLACE,19,94.05000000000001
2812,PINK CREAM FELT CRAFT TRINKET BOX ,13170,15460.28
2813,PINK CROCHET CAT WITH SCARF,12,51.0
2814,PINK CRYSTAL GUITAR PHONE CHARM,63,53.55
2815,PINK CRYSTAL HEART PHONE CHARM,258,219.29999999999998
2816,PINK CRYSTAL SKULL PHONE CHARM,75,63.74999999999999
2817,PINK CRYSTAL+GLASS BRACELET,28,138.60000000000002
2818,PINK CURRENT CANDLE RING,28,5.32
2819,PINK DAISY BAG CHARM,2,5.1
2820,PINK DIAMANTE PEN IN GIFT BOX,900,1557.6
2821,PINK DISCO HANDBAG,219,366.25
2822,PINK DOG BOWL,117,344.49000000000007
2823,PINK DOG CANNISTER,10,59.5
2824,PINK DOLLY HAIR CLIPS,70,73.5
2825,PINK DOUGHNUT TRINKET POT ,4696,7307.999999999999
2826,PINK DRAWER KNOB ACRYLIC EDWARDIAN,615,770.19
2827,PINK DRESS JEWELLERY STAND ,371,346.84999999999997
2828,PINK EASTER HENS+FLOWER,10,37.5
2829,PINK EAU DE COLOGNE BOTTLE,85,72.25
2830,PINK ENAMEL FLOWER HAIR TIE,14,41.300000000000004
2831,PINK ENAMEL+GLASS HAIR COMB,99,195.3
2832,PINK FAIRY CAKE CHILD'S APRON,3327,6036.21
2833,PINK FAIRY CAKE CHILDRENS APRON,2814,5097.9
2834,PINK FAIRY CAKE COASTER,2676,1049.6399999999999
2835,PINK FAIRY CAKE CUSHION COVER,995,1618.05
2836,PINK FEATHER CHRISTMAS DECORATION,427,82.19000000000001
2837,PINK FEATHERS CURTAIN,54,67.5
2838,PINK FELT EASTER EGG BASKET,1465,2288.45
2839,PINK FELT EASTER RABBIT GARLAND,99,252.45
2840,PINK FELT HANGING HEART W FLOWER,31,26.349999999999998
2841,PINK FLOCK GLASS CANDLEHOLDER,122,109.85999999999999
2842,PINK FLOCK PHOTO FRAME ,148,198.6
2843,PINK FLOCK SUEDE CUSHION COVER ,2,7.5
2844,PINK FLOCK TABLE CLOCK ,84,170.8
2845,PINK FLORAL FELTCRAFT SHOULDER BAG,1368,4985.64
2846,PINK FLOWER CROCHET FOOD COVER,505,1740.15
2847,PINK FLOWER FABRIC PONY,79,289.85
2848,PINK FLOWER HANGING HEART ,135,114.75
2849,PINK FLOWERS CHILDS UMBRELLA,6,19.5
2850,PINK FLOWERS RABBIT EASTER,22,50.9
2851,PINK FLUFFY CHRISTMAS DECORATION,523,99.37
2852,PINK FLY SWAT,396,234.36
2853,PINK FOXGLOVE ARTIIFCIAL FLOWER,172,373.80000000000007
2854,PINK GAUZE BUTTERFLY LAMPSHADE,24,10.08
2855,PINK GINGHAM CAT WITH SCARF,124,316.2
2856,PINK GINGHAM ROSE CUSHION COVER,21,124.95
2857,PINK GINGHAM ROSE FLOOR CUSHION,53,261.35
2858,PINK GLASS CANDLEHOLDER,105,309.75000000000006
2859,PINK GLASS CHUNKY CHARM BRACELET,15,127.79999999999998
2860,PINK GLASS COCKTAIL LAMP,2,4.2
2861,PINK GLASS TASSLE BAG CHARM ,28,82.60000000000001
2862,PINK GOOSE FEATHER TREE 60CM,187,420.65
2863,PINK GREEN EMBROIDERY COSMETIC BAG,17,50.150000000000006
2864,PINK HANGING GINGHAM EASTER HEN,42,17.64
2865,PINK HAPPY BIRTHDAY BUNTING,3404,17105.800000000003
2866,PINK HAWAIIAN PICNIC HAMPER FOR 2,136,678.0
2867,PINK HAWAIIAN PICNIC HAMPER FOR 4,349,1883.5500000000002
2868,PINK HEART CANDY BUTTON CALCULATOR,541,1257.15
2869,PINK HEART CHRISTMAS DECORATION,1,0.38
2870,PINK HEART DOTS HOT WATER BOTTLE,843,2474.37
2871,PINK HEART OF GLASS BRACELET,22,130.9
2872,PINK HEART RED HANDBAG,207,304.65000000000003
2873,PINK HEART SHAPE EGG FRYING PAN,7067,9784.949999999999
2874,PINK HEART SHAPE PHOTO FRAME,341,562.65
2875,PINK HEARTS LIGHT CHAIN ,83,345.63
2876,PINK HEARTS PAPER GARLAND,700,1106.0
2877,PINK HEARTS PHOTO ALBUM,159,336.25
2878,PINK HORSE SOCK PUPPET,284,825.8000000000001
2879,PINK HYDRANGEA ART FLOWER,226,330.84000000000003
2880,PINK JEWELLED MIRROR TRINKET TRAY,19,189.04999999999998
2881,PINK JEWELLED PHOTO FRAME,48,381.6
2882,PINK JEWELLED PHOTO FRAME ,73,361.35
2883,PINK JUICY FRUIT PHOTO FRAME,339,843.75
2884,PINK JUMPER LARRY THE LAMB,951,1792.92
2885,PINK KASHMIRI BOXED MIRROR,12,176.0
2886,PINK KASHMIRI COFFEE TABLE ,20,1050.0
2887,PINK KASHMIRI OCCASIONAL TABLE,2,94.95
2888,PINK KNITTED COW STUFFED TOY,58,215.34
2889,PINK KNITTED EGG COSY,47,91.64999999999999
2890,PINK KNITTED KIDS RUCKSACK,24,162.0
2891,PINK LARGE JEWELED PHOTOFRAME,23,58.65
2892,PINK LEAVES AND BEADS PHONE CHARM,19,23.75
2893,PINK LOVE BIRD CANDLE,142,177.5
2894,PINK LOVE HEART SHAPE CUP,1530,1263.06
2895,PINK MARSHMALLOW SCARF KNITTING KIT,568,1529.2
2896,PINK METAL CHICKEN HEART ,458,679.54
2897,PINK METAL SWINGING BUNNY,595,505.74999999999994
2898,PINK MILKSHAKE GLASS,167,215.5
2899,PINK MINI STATIONERY SET W CASE,11,13.75
2900,PINK MINI TAPE MEASURE ,287,230.95
2901,PINK MONTE CARLO HANDBAG,98,204.2
2902,PINK MURANO TWIST BRACELET,68,289.0
2903,PINK MURANO TWIST NECKLACE,20,199.0
2904,PINK NEW BAROQUE FLOCK CANDLESTICK,16,74.4
2905,PINK NEW BAROQUECANDLESTICK CANDLE,347,469.25
2906,PINK OVAL JEWELLED MIRROR,94,528.1
2907,PINK OVAL SHAPE TRINKET BOX,5,49.75
2908,PINK OWL DECORATION,96,244.79999999999998
2909,PINK OWL SOFT TOY,833,2296.73
2910,PINK PADDED MOBILE,651,2723.25
2911,PINK PAINTED KASHMIRI CHAIR,22,713.4000000000001
2912,PINK PAINTED KASHMIRI TABLE,11,630.0
2913,PINK PAISLEY CUSHION COVER ,404,1010.6
2914,PINK PAISLEY PHOTO ALBUM,4,27.0
2915,PINK PAISLEY QUILT ,208,2784.8
2916,PINK PAISLEY ROSE GIFT WRAP,2100,866.0
2917,PINK PAISLEY SQUARE TISSUE BOX ,293,329.53000000000003
2918,PINK PAPER PARASOL ,4472,11573.199999999999
2919,PINK PARTY BAGS,3547,6523.66
2920,PINK PARTY SUNGLASSES,167,277.05
2921,PINK PATCH PENCIL CASE BLUE HEART,316,652.53
2922,PINK PATCH PURSE BLUE HEART,145,239.24999999999997
2923,PINK PICNIC BARBECUE BUCKET,82,574.3000000000001
2924,PINK PILLAR CANDLE SILVER FLOCK,372,546.6
2925,PINK POLKADOT BOWL,514,628.82
2926,PINK POLKADOT CHILDRENS UMBRELLA,246,793.5
2927,PINK POLKADOT GARDEN PARASOL,6,47.7
2928,PINK POLKADOT KIDS BAG,475,977.8499999999999
2929,PINK POLKADOT WRAP ,1950,773.0
2930,PINK POODLE HANGING DECORATION ,505,220.79000000000002
2931,PINK PORCELAIN B'FLY OIL BURNER,2,5.9
2932,PINK POT PLANT CANDLE,117,419.55
2933,PINK RABBIT SITTING EASTER,46,19.32
2934,PINK REGENCY TEACUP AND SAUCER,2104,5675.2
2935,PINK RETRO BIG FLOWER BAG,24,46.8
2936,PINK RIVIERA HANDBAG,159,325.65000000000003
2937,PINK ROSE FABRIC MIRROR,694,606.5
2938,PINK ROSE PICNIC RUG,3,77.85
2939,PINK ROSE WASHBAG,791,1916.25
2940,PINK ROSEBUD & PEARL NECKLACE,8,60.0
2941,PINK ROSEBUD PEARL BRACELET,2,15.0
2942,PINK ROSEBUD PEARL EARRINGS,12,30.599999999999998
2943,"PINK ROSES/GINGHAM PATCH RABBIT 8""",15,44.25000000000001
2944,PINK ROUND BUTTERFLY MIRROR ,235,667.8299999999999
2945,PINK ROUND COMPACT MIRROR,34,127.5
2946,PINK SCOTTIE DOG W FLOWER PATTERN,67,168.14999999999998
2947,PINK SMALL GLASS CAKE STAND,423,767.25
2948,PINK SMALL JEWELLED PHOTOFRAME,88,145.2
2949,PINK SPOTS  WRAP ,7750,3113.0
2950,PINK SPOTS CHOCOLATE NESTING BOXES ,680,1544.4
2951,PINK SPOTTY BOWL,3342,3903.9
2952,PINK SPOTTY CHILDS UMBRELLA,956,3014.0
2953,PINK SQUARE COMPACT MIRROR,15,56.25
2954,PINK SQUARE TABLE CLOCK,75,54.45
2955,PINK STAR CHRISTMAS DECORATION,156,78.12
2956,PINK STITCHED WALL CLOCK,50,187.5
2957,PINK STOCKING CHRISTMAS DECORATION,90,34.2
2958,PINK STRAWBERRY HANDBAG ,42,123.90000000000002
2959,PINK STRING CURTAIN WITH POLE,69,210.75
2960,PINK STRIPE HOT WATER BOTTLE,246,682.5
2961,PINK STRIPES SHOULDER BAG,1,2.95
2962,PINK SWEETHEART BRACELET,106,450.5
2963,PINK SWEETIE NECKLACE,5,37.5
2964,PINK TALL PORCELAIN T-LIGHT HOLDER ,14,35.699999999999996
2965,PINK TEATIME PRINT BOWL,116,145.0
2966,PINK TV TRAY TABLE ,34,144.5
2967,PINK UNION JACK  LUGGAGE TAG,743,924.19
2968,PINK UNION JACK  PASSPORT COVER ,552,1159.2
2969,PINK VINTAGE PAISLEY PICNIC BAG,1405,3831.15
2970,PINK VINTAGE VICTORIAN CHOKER,5,33.75
2971,PINK VINTAGE VICTORIAN EARRINGS,15,44.25000000000001
2972,PINK WHITE SPOTS GARDEN PARASOL,180,1007.0
2973,PINK YELLOW PATCH CUSHION COVER,354,735.9
2974,PINK/AMETHYST/GOLD NECKLACE,5,34.75
2975,PINK/BLUE DISC/MIRROR STRING,198,153.9
2976,PINK/BLUE STRING CURTAIN ,59,159.05
2977,PINK/BROWN DOTS RUFFLED UMBRELLA,1913,6613.55
2978,PINK/FLOWER RABBIT EGG WARMER ,40,84.0
2979,PINK/GREEN FLOWER DESIGN BIG MUG,7,13.65
2980,PINK/PURPLE CIRCLE CURTAIN,12,55.800000000000004
2981,PINK/PURPLE RETRO RADIO,54,159.3
2982,"PINK/WHITE ""KEEP CLEAN"" BULLET BIN",76,224.20000000000005
2983,PINK/WHITE CHRISTMAS TREE 30CM,12,7.800000000000001
2984,PINK/WHITE CHRISTMAS TREE 60CM,1007,682.75
2985,PINK/WHITE GLASS DEMI CHOKER,6,45.0
2986,PINK/WHITE RIBBED MELAMINE JUG,143,1073.25
2987,PINK/YELLOW FLOWERS HANDBAG,243,321.95
2988,PINK/YELLOW PATCH CUSHION COVER,6,45.9
2989,PINK/YELLOW RABBIT SAT EASTER,22,9.24
2990,PIZZA DISH SLICE ,36,45.0
2991,PIZZA PLATE IN BOX,572,2077.32
2992,PIZZA SLICE DISH,2605,2891.4500000000003
2993,PLACE SETTING WHITE HEART,12539,5127.0599999999995
2994,PLACE SETTING WHITE STAR,3888,1571.76
2995,PLANTPOT SINGLE HOOK PISTACHIO,165,182.09
2996,PLASMATRONIC LAMP,35,435.45
2997,PLASTERS IN TIN CIRCUS PARADE ,7365,11691.449999999999
2998,PLASTERS IN TIN MR STRONG ,228,357.0
2999,PLASTERS IN TIN SKULLS,3596,5851.799999999999
3000,PLASTERS IN TIN SPACEBOY,7287,11584.349999999999
3001,PLASTERS IN TIN STRONGMAN,5512,8778.0
3002,PLASTERS IN TIN VINTAGE PAISLEY ,5494,8663.9
3003,PLASTERS IN TIN WOODLAND ANIMALS,5764,9241.8
3004,PLEASE ONE PERSON  METAL SIGN,1789,3528.9000000000005
3005,PLEASE ONE PERSON METAL SIGN,10761,21104.180000000004
3006,POCKET BAG BLUE PAISLEY RED SPOT,601,1068.45
3007,POCKET BAG PINK PAISELY BROWN SPOT,409,727.75
3008,"POCKET MIRROR ""GLAMOROUS""",90,112.5
3009,POCKET MIRROR BUTTERFLY ,2,2.5
3010,POCKET MIRROR WOODLAND,116,145.0
3011,POLKA DOT PEN,1248,1060.8
3012,POLKA DOT PISTACHIO PAIL,279,566.22
3013,POLKA DOT RAFFIA FOOD COVER,849,2236.95
3014,POLKADOT COFFEE CUP & SAUCER PINK,8,23.6
3015,POLKADOT CUTLERY 24 PCS IN TRAY,617,6307.15
3016,POLKADOT MUG PINK ,128,192.95999999999998
3017,POLKADOT PEN,4966,4046.3799999999997
3018,POLKADOT PENS,48,40.8
3019,POLKADOT RAIN HAT ,1267,474.54
3020,POLYESTER FILLER PAD 30CMx30CM,144,180.0
3021,POLYESTER FILLER PAD 40x40cm,1915,2776.75
3022,POLYESTER FILLER PAD 45x30cm,144,208.79999999999998
3023,POLYESTER FILLER PAD 45x45cm,1497,2320.35
3024,POLYESTER FILLER PAD 60x40cm,18,45.89999999999999
3025,POLYESTER FILLER PAD 65CMx65CM,197,837.25
3026,POMPOM CURTAIN,324,1591.8000000000002
3027,POP ART PEN CASE & PENS,10589,1017.2900000000001
3028,POP ART PUSH DOWN RUBBER ,2044,167.28
3029,POP'S GREASY SPOON METAL SIGN,86,141.89999999999998
3030,POP-ART FLUORESCENT PENS,6192,388.8
3031,POPART COL BALLPOINT PEN ASST,4298,182.58
3032,POPART RECT PENCIL SHARPENER ASST,39,16.38
3033,POPART WOODEN PENCILS ASST,400,48.0
3034,"POPCORN HOLDER , LARGE",956,1527.8
3035,"POPCORN HOLDER , SMALL ",3070,2344.2999999999997
3036,POPPY'S PLAYHOUSE BATHROOM,1036,2082.6
3037,POPPY'S PLAYHOUSE BEDROOM ,1651,3359.1000000000004
3038,POPPY'S PLAYHOUSE KITCHEN,1709,3480.9
3039,POPPY'S PLAYHOUSE LIVINGROOM ,1332,2689.2000000000003
3040,PORCELAIN BUDAH INCENSE HOLDER,1123,94.30000000000001
3041,PORCELAIN BUTTERFLY OIL BURNER,963,2389.65
3042,PORCELAIN CHERUB BELL LARGE,19,31.349999999999998
3043,PORCELAIN CHERUB BELL SMALL,322,135.24
3044,PORCELAIN HANGING BELL LARGE,26,50.7
3045,PORCELAIN HANGING BELL SMALL,67,97.15
3046,PORCELAIN ROSE LARGE ,1484,1734.16
3047,PORCELAIN ROSE SMALL,1539,1266.55
3048,PORCELAIN T-LIGHT HOLDERS ASSORTED,1430,1672.3
3049,POSTAGE,2212,48741.08
3050,POSY CANDY BAG,4027,1087.75
3051,POSY SHOPPER BAG,1513,586.25
3052,POTTERING IN THE SHED METAL SIGN,5412,9605.119999999999
3053,POTTERING MUG,1801,2221.61
3054,POTTING SHED CANDLE CITRONELLA,461,1355.15
3055,POTTING SHED COFFEE MUG,1248,1434.6
3056,POTTING SHED ROSE CANDLE,317,932.7500000000001
3057,POTTING SHED SEED ENVELOPES,692,819.4
3058,POTTING SHED SEED TIN,164,523.0
3059,POTTING SHED SOW 'N' GROW SET,529,1540.25
3060,POTTING SHED TEA MUG,6588,7618.2
3061,POTTING SHED TWINE,1366,2497.38
3062,PREMIUM CHURCH CANDLE,255,496.14000000000004
3063,PRICE'S CANDLE PEACH,1050,116.5
3064,PSYCHEDELIC METAL SIGN CALENDAR,963,251.25
3065,PSYCHEDELIC TILE COASTER,43,53.75
3066,PSYCHEDELIC TILE HOOK,29,60.900000000000006
3067,PSYCHEDELIC WALL THERMOMETER,633,750.55
3068,PURPLE ACRYLIC FACETED BANGLE,28,82.60000000000001
3069,PURPLE AMETHYST NECKLACE W TASSEL,11,109.44999999999999
3070,PURPLE ANEMONE ARTIFICIAL FLOWER,425,413.45000000000005
3071,PURPLE BERTIE GLASS BEAD BAG CHARM,28,58.800000000000004
3072,PURPLE BOUDICCA LARGE BRACELET,13,90.35000000000001
3073,PURPLE CHUNKY GLASS+BEAD NECKLACE,13,155.35
3074,PURPLE CURRENT CANDLE RING,31,12.61
3075,PURPLE DRAWERKNOB ACRYLIC EDWARDIAN,602,753.94
3076,PURPLE DRESS JEWELLERY STAND,2,5.9
3077,PURPLE ENAMEL FLOWER HAIR TIE,2,5.9
3078,PURPLE ENAMEL FLOWER RING,44,129.8
3079,PURPLE ENAMEL+GLASS HAIR COMB,89,161.7
3080,PURPLE FINE BEAD NECKLACE W TASSEL,7,41.65
3081,PURPLE FOXGLOVE ARTIIFCIAL FLOWER,315,464.85
3082,PURPLE FRANGIPANI HAIRCLIP,57,48.449999999999996
3083,PURPLE FRANGIPANI NECKLACE,4,10.2
3084,PURPLE GEMSTONE BRACELET,40,358.0
3085,PURPLE GEMSTONE NECKLACE 45CM,14,178.5
3086,PURPLE GLASS TASSLE BAG CHARM,31,91.45000000000002
3087,PURPLE GREEN FLOWER PIGGY BANK,359,664.3499999999999
3088,PURPLE LAS VEGAS BRACELET ROUND,10,37.5
3089,PURPLE LEAVES AND BEADS PHONE CHAR,3,3.75
3090,PURPLE PAPER PARASOL,594,1657.9
3091,PURPLE PILLAR CANDLE BLACK FLOCK,313,413.35
3092,PURPLE SWEETHEART BRACELET,81,344.25
3093,PURPLE TINT ACRYLIC FLOWER VASE,24,20.4
3094,PURPLE VINTAGE EARRINGS,34,127.5
3095,PURPLE/BLUE CERAMIC CANDLE HOLDER,12,19.799999999999997
3096,PURPLE/COPPER HANGING LAMPSHADE,3,2.55
3097,PURPLE/TURQ FLOWERS HANDBAG,207,276.25
3098,QUEEN OF SKIES LUGGAGE TAG,180,218.16
3099,QUEEN OF THE SKIES HOLIDAY PURSE ,1034,265.5
3100,QUEEN OF THE SKIES PASSPORT COVER ,127,266.7
3101,RABBIT  DESIGN  COTTON TOTE BAG,280,612.0
3102,RABBIT EASTER DECORATION,12,35.400000000000006
3103,RAIN GIRL CHILDS UMBRELLA,1,3.25
3104,RAIN HAT WITH RED SPOTS,4292,1550.6399999999999
3105,RAIN PONCHO ,1571,1205.75
3106,RAIN PONCHO RETROSPOT,1534,1159.8999999999999
3107,RAIN PONCHO WITH RED SPOTS,4463,3289.55
3108,RAINBOW PEGS PHOTO CLIP STRING,123,79.95
3109,RAINY LADIES BIRTHDAY CARD,2935,1175.82
3110,RASPBERRY ANT COPPER FLOWER NECKLAC,14,83.3
3111,RASTA IN BATH W SPLIFF ASHTRAY,8,6.8
3112,RATTLE SNAKE EGGS,661,483.05
3113,RECIPE BOX BLUE SKETCHBOOK DESIGN,1367,3898.2500000000005
3114,RECIPE BOX PANTRY YELLOW DESIGN,2434,6945.1
3115,RECIPE BOX RETRO SPOT DESIGN,953,2676.9500000000003
3116,RECIPE BOX RETROSPOT ,1137,3238.9500000000003
3117,RECIPE BOX WITH METAL HEART,1066,8117.700000000001
3118,"RECORD FRAME 7"" SINGLE SIZE ",3350,7338.3
3119,RECTANGULAR SHAPED MIRROR,150,236.22
3120,RECYCLED PENCIL WITH RABBIT ERASER,2511,524.31
3121,RECYCLING BAG RETROSPOT ,8419,16434.65
3122,RED   ACRYLIC FACETED BANGLE,19,56.050000000000004
3123,RED  EGG  SPOON,299,125.58
3124,RED  HARMONICA IN BOX ,16122,18145.72
3125,RED  SPOTTY COFFEE  MUG,692,1297.8
3126,RED 3 PIECE MINI DOTS CUTLERY SET,4055,14624.91
3127,RED 3 PIECE RETROSPOT CUTLERY SET,944,3488.16
3128,RED AND WHITE SPOT TAPE,434,282.1
3129,RED BABY BUNTING ,1168,3385.6
3130,RED BIRD HOUSE TREE DECORATION,551,360.83
3131,RED BOUDICCA LARGE BRACELET,39,266.6
3132,RED CHARLIE+LOLA PERSONAL DOORSIGN,1143,647.6500000000001
3133,RED COAT RACK PARIS FASHION,108,484.2
3134,RED DAISY PAPER LAMPSHADE,271,325.07
3135,RED DAISY POCKET BOOK ,5165,739.85
3136,RED DINER WALL CLOCK,451,3690.7000000000003
3137,RED DRAGONFLY HELICOPTER,29,230.55
3138,RED DRAWER KNOB ACRYLIC EDWARDIAN,644,806.44
3139,RED ENAMEL FLOWER RING,37,109.15000000000002
3140,RED ENCHANTED FOREST PLACEMAT,544,885.5999999999999
3141,RED FLOCK LOVE HEART PHOTO FRAME,570,479.82
3142,RED FLORAL FELTCRAFT SHOULDER BAG,1262,4601.1
3143,RED FLOWER CROCHET FOOD COVER,566,2112.9
3144,RED GINGHAM ROSE JEWELLERY BOX,4515,7315.349999999999
3145,RED GINGHAM TEDDY BEAR ,1104,3092.0
3146,RED GLASS TASSLE BAG CHARM,20,59.00000000000001
3147,RED HANGING HEART T-LIGHT HOLDER,9884,27386.16
3148,RED HANGING METAL STAR TLIGHT HLDR,931,3229.17
3149,RED HEART CANDY POP LIGHTS,1,4.95
3150,RED HEART LUGGAGE TAG,453,563.97
3151,RED HEART SHAPE LOVE BUCKET ,1356,3856.2000000000003
3152,RED HEARTS LIGHT CHAIN ,119,533.19
3153,RED KITCHEN SCALES,979,8030.8
3154,RED KUKUI COCONUT SEED NECKLACE,10,59.5
3155,RED LOVE HEART SHAPE CUP,2115,1754.07
3156,RED METAL BEACH SPADE ,2417,2817.65
3157,RED ORGANIC CANDLE IN GLASS,613,627.05
3158,RED PAPER PARASOL,915,2520.05
3159,RED PEONY CUSHION COVER ,292,401.8
3160,RED PEONY DES C/COVER ,13,60.45
3161,RED PEONY PHOTO FRAME ,10,46.5
3162,RED PEONY TABLE CLOCK,17,152.14999999999998
3163,RED POLKA DOT TISSUE BOX,943,1076.15
3164,RED POLKADOT BEAKER ,54,90.89999999999999
3165,RED POLKADOT COFFEE  MUG,45,94.50000000000001
3166,RED POLKADOT PUDDING BOWL,3679,539.34
3167,RED POPPY ARTIFICIAL FLOWER,233,215.93
3168,RED PUDDING SPOON,190,79.8
3169,RED PURSE WITH PINK HEART,89,107.65
3170,RED REINDEER STRING OF 20 LIGHTS,131,605.75
3171,RED RETRO BAR STOOL,26,970.7
3172,RED RETROSPOT APRON ,364,1931.8000000000002
3173,RED RETROSPOT BIG BOWL,41,202.95000000000002
3174,RED RETROSPOT BOWL,851,1009.03
3175,RED RETROSPOT BUTTER DISH,865,4159.950000000001
3176,RED RETROSPOT CAKE STAND,2626,26385.14
3177,RED RETROSPOT CHARLOTTE BAG,2505,2033.05
3178,RED RETROSPOT CHILDRENS UMBRELLA,367,1186.75
3179,RED RETROSPOT CUP,739,603.1899999999999
3180,RED RETROSPOT JUMBO BAG ,5334,9291.3
3181,RED RETROSPOT LUGGAGE TAG,155,193.75
3182,RED RETROSPOT MINI CASES,391,2945.25
3183,RED RETROSPOT MUG,2028,5605.8
3184,RED RETROSPOT OVEN GLOVE ,1423,1626.75
3185,RED RETROSPOT OVEN GLOVE DOUBLE,466,1326.7000000000003
3186,RED RETROSPOT PEG BAG,848,1637.3000000000002
3187,RED RETROSPOT PICNIC BAG,2553,7147.349999999999
3188,RED RETROSPOT PLATE ,303,512.0699999999999
3189,RED RETROSPOT PUDDING BOWL,402,1687.5
3190,RED RETROSPOT PURSE ,148,431.80000000000007
3191,RED RETROSPOT ROUND CAKE TINS,329,3153.5499999999997
3192,RED RETROSPOT SHOPPER BAG,1412,1632.0
3193,RED RETROSPOT SHOPPING BAG,106,270.29999999999995
3194,RED RETROSPOT SMALL MILK JUG,2507,6139.05
3195,RED RETROSPOT STORAGE JAR,996,3643.56
3196,RED RETROSPOT SUGAR JAM BOWL,1624,3890.1
3197,RED RETROSPOT TAPE,125,81.25000000000001
3198,RED RETROSPOT TEA CUP AND SAUCER ,815,3005.13
3199,RED RETROSPOT TISSUE BOX,405,290.25
3200,RED RETROSPOT TOASTRACK,107,360.15000000000003
3201,RED RETROSPOT TRADITIONAL TEAPOT ,1880,12980.04
3202,RED RETROSPOT UMBRELLA,803,4405.85
3203,RED RETROSPOT WASHBAG,30,63.00000000000001
3204,RED RETROSPOT WRAP ,3925,1572.5
3205,RED ROSE AND LACE C/COVER,187,551.6500000000001
3206,RED SHARK HELICOPTER,97,771.15
3207,RED SPOT CERAMIC DRAWER KNOB,4947,5840.07
3208,RED SPOT HEART HOT WATER BOTTLE,2404,11222.2
3209,RED SPOTS  WRAP ,12675,5115.5
3210,RED SPOTTY APRON ,765,4298.25
3211,RED SPOTTY BEAKER ,85,165.75
3212,RED SPOTTY BIG BOWL,408,2002.8000000000002
3213,RED SPOTTY BISCUIT TIN,2679,9442.75
3214,RED SPOTTY BOWL,4384,5147.12
3215,RED SPOTTY CANDY BAG,4626,1154.9
3216,RED SPOTTY CHARLOTTE BAG,10685,8499.85
3217,RED SPOTTY CHILDS APRON,2438,4490.4
3218,RED SPOTTY CHILDS UMBRELLA,1431,4467.75
3219,RED SPOTTY COIR DOORMAT,1098,6545.5
3220,RED SPOTTY CUP,4494,3667.02
3221,RED SPOTTY EGG CUP ,909,1081.53
3222,RED SPOTTY LUGGAGE TAG,882,1097.94
3223,RED SPOTTY OVEN GLOVE ,2560,3100.44
3224,RED SPOTTY OVEN GLOVE DOUBLE,1232,3408.4
3225,RED SPOTTY PASSPORT COVER,1,2.1
3226,RED SPOTTY PEG BAG,2564,4864.92
3227,RED SPOTTY PLATE ,3135,5015.91
3228,RED SPOTTY PUDDING BOWL,3818,827.0400000000001
3229,RED SPOTTY PURSE ,699,2054.8500000000004
3230,RED SPOTTY ROUND CAKE TINS,1423,13537.849999999999
3231,RED SPOTTY SHOPPER BAG,6660,7713.2
3232,RED SPOTTY SHOPPING BAG,671,1708.35
3233,RED SPOTTY TABLECLOTH ,370,3832.5
3234,RED SPOTTY WASHBAG,542,1133.2800000000002
3235,RED STAR CARD HOLDER,1129,3193.7500000000005
3236,RED STONE/CRYSTAL EARRINGS,6,17.700000000000003
3237,RED STRIPE CERAMIC DRAWER KNOB,4461,5357.97
3238,RED TEA TOWEL CLASSIC DESIGN,1714,2069.54
3239,RED TOADSTOOL LED NIGHT LIGHT,14996,23068.8
3240,RED TOP SCANDINAVIAN HEART ,4,1.52
3241,RED VICTORIAN FABRIC HEART BOX,288,102.63
3242,RED VICTORIAN FABRIC OVAL BOX,1059,385.37
3243,RED WALL CLOCK,60,459.0
3244,RED WHITE SCARF  HOT WATER BOTTLE,2162,7933.900000000001
3245,RED WOOLLY HOTTIE WHITE HEART.,6592,21830.56
3246,RED/CREAM STRIPE CUSHION COVER ,580,717.4
3247,RED/CREAM STRIPE FRINGE HAMMOCK,327,2499.65
3248,RED/WHITE DOT MINI CASES,1112,7883.599999999999
3249,RED/WHITE DOTS RUFFLED UMBRELLA,3406,14802.1
3250,RED/WHITE SPOT PICNIC BAG,1092,2977.4
3251,REDWHITE STRIPE SCANDINAVIAN HEART ,382,145.16
3252,REGENCY CAKESTAND 3 TIER,12497,143893.35
3253,REGENCY MIRROR WITH SHUTTERS,8,1200.0
3254,RELAX LARGE WOOD LETTERS,77,1186.1499999999999
3255,RESIN BRACELET W PASTEL BEADS,15,74.25
3256,RESIN NECKLACE W PASTEL BEADS,15,112.5
3257,"RETRO ""TEA FOR ONE"" ",109,505.95000000000005
3258,RETRO BLUE SPOTTY WASHING UP GLOVES,846,1326.6000000000001
3259,RETRO BROWN BALL ASHTRAY ,154,182.9
3260,RETRO COFFEE MUGS ASSORTED,4775,5436.37
3261,RETRO LAUNDRY TUB PINK,60,510.0
3262,RETRO LAUNDRY TUB PISTACHIO,85,722.5
3263,RETRO LONGBOARD IRONING BOARD COVER,27,101.25
3264,RETRO MOD TRAY,588,459.47999999999996
3265,RETRO PINK BALL ASHTRAY ,307,364.55
3266,RETRO PINK SPOT WASHING UP GLOVES,187,391.1
3267,RETRO PLASTIC 70'S TRAY,490,291.29
3268,RETRO PLASTIC DAISY TRAY,444,220.88
3269,RETRO PLASTIC ELEPHANT TRAY,466,396.09999999999997
3270,RETRO PLASTIC POLKA TRAY,1051,509.59999999999997
3271,RETRO RED SPOTTY WASHING UP GLOVES,3012,5749.56
3272,RETRO SISTERS EXPRESSO CUPS,401,441.95000000000005
3273,RETRO SPORT PARTY BAG + STICKER SET,3343,5128.75
3274,RETRO SPOT  CIGAR BOX MATCHES ,3105,3653.25
3275,RETRO SPOT CAKE STAND,1456,15333.199999999999
3276,RETRO SPOT CANDLE  LARGE,272,672.0
3277,RETRO SPOT CANDLE  MEDIUM,248,502.80000000000007
3278,RETRO SPOT CANDLE  SMALL,365,599.57
3279,RETRO SPOT CERAMIC TOASTRACK,365,1223.2500000000002
3280,RETRO SPOT GIANT  TUBE MATCHES,1299,3045.15
3281,RETRO SPOT LAMP,490,4718.9
3282,RETRO SPOT LARGE MILK JUG,1621,7665.55
3283,RETRO SPOT MUG,1402,3895.9
3284,RETRO SPOT PADDED SEAT CUSHION,467,1657.65
3285,RETRO SPOT PARTY BAG + STICKER SET,933,1395.45
3286,RETRO SPOT SMALL MILK JUG,1648,3997.2
3287,RETRO SPOT SMALL TUBE MATCHES,2026,3218.1
3288,RETRO SPOT STORAGE JAR,685,2476.59
3289,RETRO SPOT SUGAR JAM BOWL,855,2039.85
3290,RETRO SPOT TEA SET CERAMIC 11 PC ,4313,19965.82
3291,RETRO SPOT TRADITIONAL TEAPOT ,962,7164.900000000001
3292,RETRO SPOTS BUTTER DISH,832,3803.4
3293,RETRO SPOTS PUDDING BOWL,283,1170.75
3294,RETROSPOT BABUSHKA DOORSTOP,51,191.25
3295,RETROSPOT CANDLE  LARGE,435,456.45
3296,RETROSPOT CANDLE  MEDIUM,376,372.00000000000006
3297,RETROSPOT CANDLE  SMALL,744,556.32
3298,RETROSPOT CHILDRENS APRON,3643,6412.65
3299,RETROSPOT CIGAR BOX MATCHES ,720,872.64
3300,RETROSPOT GIANT TUBE MATCHES,602,1373.1000000000001
3301,RETROSPOT HEART HOT WATER BOTTLE,1823,8465.25
3302,RETROSPOT LAMP,153,1504.9499999999998
3303,RETROSPOT LARGE MILK JUG,335,1599.45
3304,RETROSPOT PADDED SEAT CUSHION,943,3417.45
3305,RETROSPOT PARTY BAG + STICKER SET,1271,1972.35
3306,RETROSPOT RED WASHING UP GLOVES,498,1016.2800000000001
3307,RETROSPOT SMALL TUBE MATCHES,777,1262.05
3308,RETROSPOT TEA SET CERAMIC 11 PC ,1543,7336.150000000001
3309,REX CASH+CARRY JUMBO SHOPPER,2227,2115.65
3310,RHOMBUS CRYSTAL PERFUME BOTTLE,6,11.7
3311,RIBBON REEL CHRISTMAS PRESENT ,1893,3051.45
3312,RIBBON REEL CHRISTMAS SOCK BAUBLE,1487,2405.55
3313,RIBBON REEL FLORA + FAUNA ,873,1438.45
3314,RIBBON REEL HEARTS DESIGN ,3068,4916.2
3315,RIBBON REEL LACE DESIGN ,2559,5251.4
3316,RIBBON REEL MAKING SNOWMEN ,1263,2059.95
3317,RIBBON REEL POLKADOTS ,493,813.45
3318,RIBBON REEL SNOWY VILLAGE,2162,3471.3
3319,RIBBON REEL SOCKS AND MITTENS,698,1127.7
3320,RIBBON REEL SPOTS DESIGN ,2166,3523.9
3321,RIBBON REEL STRIPES DESIGN ,4561,7355.65
3322,"RIBBON REEL, MAKING SNOWMEN ",60,99.0
3323,"RIBBON REEL, XMAS SOCK/BAUBLE",700,1131.0
3324,RIBBONS PURSE ,559,1087.8000000000002
3325,RIDGED GLASS FINGER BOWL,201,277.05
3326,RIDGED GLASS PENDANT LAMPSHADE,44,697.8
3327,RIDGED GLASS POSY VASE ,710,971.9
3328,RIDGED GLASS STORAGE JAR CREAM LID,140,516.36
3329,RIDGED GLASS T-LIGHT HOLDER,360,234.00000000000003
3330,RING OF ROSES BIRTHDAY CARD,2077,831.3
3331,RIO PINK STRIPE HAMMOCK,10,79.5
3332,RIVIERA NECKLACE,38,188.10000000000002
3333,ROBIN CHRISTMAS CARD,1569,650.34
3334,ROBOT BIRTHDAY CARD,3088,1288.32
3335,ROBOT MUG IN DISPLAY BOX,273,327.57
3336,ROCKING HORSE GREEN CHRISTMAS ,2039,1658.27
3337,ROCKING HORSE RED CHRISTMAS ,3325,2713.93
3338,ROMANTIC IMAGES GIFT WRAP SET,652,534.0
3339,ROMANTIC IMAGES NOTEBOOK SET,234,346.5
3340,ROMANTIC IMAGES SCRAP BOOK SET,370,588.3
3341,ROMANTIC PINKS RIBBONS ,1784,2227.72
3342,ROSE 1 WICK MORRIS BOXED CANDLE,140,579.16
3343,ROSE 3 WICK MORRIS BOX CANDLE,219,907.87
3344,ROSE CARAVAN DOORSTOP,650,4240.3
3345,ROSE COLOUR PAIR HEART HAIR SLIDES,18,67.5
3346,ROSE COTTAGE KEEPSAKE BOX ,364,3366.6
3347,ROSE DES PADDED FLOOR CUSHION,653,2090.68
3348,ROSE DU SUD CHILDRENS APRON,26,110.5
3349,ROSE DU SUD CHILDS APRON,79,335.75
3350,ROSE DU SUD COSMETICS BAG,572,1306.0
3351,ROSE DU SUD CUSHION COVER,9,57.15
3352,ROSE DU SUD CUSHION COVER ,66,326.70000000000005
3353,ROSE DU SUD DRAWSTRING BAG,97,412.25
3354,ROSE DU SUD OVEN GLOVE,102,300.90000000000003
3355,ROSE DU SUD WASHBAG ,44,261.8
3356,ROSE FLOWER CANDLE+INCENSE 16X16CM,29,108.75
3357,ROSE FOLKART HEART DECORATIONS,1449,1173.81
3358,ROSE PINK METAL FOLDING CHAIR,42,333.90000000000003
3359,ROSE SCENT CANDLE IN JEWELLED BOX,616,2549.36
3360,ROSE SCENT CANDLE JEWELLED DRAWER,194,813.94
3361,ROSE SCENT CANDLES IN GLASS,614,498.5
3362,ROSE SCENTED VOTIVE CANDLE,24,6.959999999999999
3363,ROSES BLUE BASE CUSHION COVER ,14,23.099999999999998
3364,ROSES IN WHITE HEART CANDLE ,1805,958.21
3365,ROSES ON BLUE TEACUP CANDLE ,536,905.84
3366,ROSES REGENCY TEACUP AND SAUCER ,3032,8230.4
3367,ROSES WHITE ROUND CANDLE,826,351.62
3368,ROTATING LEAVES T-LIGHT HOLDER,1661,2125.55
3369,ROTATING SILVER ANGELS T-LIGHT HLDR,21591,40186.65
3370,ROUND ARTICULATED BLUE CLOCK W/SUCK,3,2.55
3371,ROUND ARTICULATED PINK CLOCK W/SUCK,5,4.25
3372,ROUND BLUE CLOCK W/SUCKER,48,36.6
3373,ROUND CACTUS CANDLE,289,523.75
3374,ROUND CAKE TIN VINTAGE GREEN,218,1685.1000000000001
3375,ROUND CAKE TIN VINTAGE RED,368,2817.6
3376,ROUND CONTAINER SET OF 5 RETROSPOT,3378,5242.299999999999
3377,ROUND FOOD CONTAINER S/5 RETROSPOT,36,59.39999999999999
3378,ROUND GEORGIAN SILVER MIRROR,135,419.25000000000006
3379,ROUND PINK HEART MIRROR,156,327.6
3380,ROUND PURPLE CLOCK W/SUCKER,86,68.9
3381,"ROUND SNACK BOXES ,SET 4, FRUITS ",84,247.8
3382,"ROUND SNACK BOXES ,SET4, WOODLAND ",66,194.70000000000002
3383,ROUND SNACK BOXES SET OF 4 FRUITS ,7543,20361.85
3384,ROUND SNACK BOXES SET OF 4 SKULLS,1829,5179.55
3385,ROUND SNACK BOXES SET OF4 WOODLAND ,6755,18708.05
3386,ROUND WHITE CONFETTI IN TUBE,70,115.49999999999999
3387,RUBY DROP CHANDELIER EARRINGS,8,30.0
3388,RUBY GLASS CLUSTER BRACELET,29,172.55
3389,RUBY GLASS CLUSTER EARRINGS,1,1.25
3390,RUBY GLASS CLUSTER NECKLACE,9,67.5
3391,RUSSIAN FOLKART STACKING TINS,1,4.95
3392,RUSTIC  SEVENTEEN DRAWER SIDEBOARD,6,950.0
3393,"RUSTIC WOODEN CABINET, GLASS DOORS",178,3287.72
3394,S/12 MINI RABBIT EASTER,129,212.85
3395,S/12 VANILLA  BOTANICAL T-LIGHTS,403,1181.65
3396,S/15 SILVER GLASS BAUBLES IN BAG,1575,1900.3500000000001
3397,S/16 BLACK SHINY/MAT BAUBLES,48,20.16
3398,S/16 VINTAGE BLACK CUTLERY,199,2278.0499999999997
3399,S/16 VINTAGE IVORY CUTLERY,280,3471.0
3400,S/16 VINTAGE PISTACHIO CUTLERY,215,2482.0499999999997
3401,S/16 VINTAGE RED CUTLERY,253,2836.95
3402,S/16 VINTAGE ROSE CUTLERY,133,1652.55
3403,S/16 VINTAGE SKY BLUE CUTLERY,49,624.75
3404,S/2 BEACH HUT STOOLS,27,214.65
3405,S/2 BEACH HUT TREASURE CHESTS,302,661.6999999999999
3406,S/2 HYACINTH BULB CANDLES,1,2.55
3407,S/2 ZINC HEART DESIGN PLANTERS,52,511.4
3408,S/3 COLOURS FLOCK TEA TOWELS,1,2.55
3409,S/3 ENGLISH LAVENDER SQU CANDLE,11,18.15
3410,S/3 FLWR FAIRY LAVENDER CANDLES,444,949.95
3411,S/3 FLWR FAIRY LILLY CANDLES,312,666.9000000000001
3412,S/3 FLWR FAIRY ROSE CANDLES,42,99.9
3413,S/3 FLWR FAIRY SUMMER CANDLES,144,302.40000000000003
3414,S/3 FRENCH VANILLA SQU CANDLE,26,42.9
3415,S/3 PINK COL METAL BASKET W HANDLE,122,900.3000000000001
3416,S/3 PINK SQUARE PLANTERS ROSES,33,361.34999999999997
3417,S/3 POT POURI CUSHIONS BLUE COLOURS,22,46.2
3418,S/3 PUPPIES CHRISTMAS DECORATIONS,101,174.05
3419,S/3 RABBIT FLOWER/EGG/CARROT ROPE,123,104.55
3420,S/3 ROSE GARDEN SCENT SQU CANDLE,1,1.65
3421,S/3 TEAR DROP CUT GLASS DECORATION,430,321.5
3422,S/4 BLACK DINNER CANDLE SILVER FLOC,664,684.36
3423,S/4 BLACK DISCO PARTITION PANEL,3,12.75
3424,S/4 BLACK LOVEBIRD COASTERS,10,25.499999999999996
3425,S/4 BLACK MINI ROSE CANDLE IN BOWL,196,146.28
3426,S/4 BLUE DINNER CANDLE SILVER FLOCK,420,526.8000000000001
3427,S/4 BLUE ROUND DECOUPAGE BOXES,8295,4448.09
3428,S/4 BURGUNDY WINE DINNER CANDLES,777,453.33
3429,S/4 CACTI CANDLES,856,3939.0
3430,S/4 CONTEMPORY PINK ROSEBUD CANDLES,8,16.8
3431,S/4 CONTEMPORY RED ROSEBUD CANDLES,9,10.9
3432,S/4 FESTIVE GREEN DINNER CANDLES,717,378.33
3433,S/4 FESTIVE RED DINNER CANDLES,234,292.5
3434,S/4 GROOVY CAT MAGNETS,138,227.7
3435,"S/4 ICON COASTER,ELVIS LIVES",27,33.75
3436,S/4 IVORY MINI ROSE CANDLE IN BOWL,769,826.77
3437,S/4 PINK DINNER CANDLE SILVER FLOCK,389,468.87
3438,S/4 PINK FLOWER CANDLES IN BOWL,1121,1820.85
3439,S/4 PISTACHIO LOVEBIRD COASTERS,69,97.94999999999999
3440,S/4 PURPLE DINNER CANDLE BLK FLOCK,637,662.6700000000001
3441,S/4 ROSE    BOTANICAL  CANDLE,126,469.5
3442,S/4 ROSE PINK DINNER CANDLES,165,161.85
3443,S/4 SKY BLUE DINNER CANDLES,157,151.85
3444,S/4 VALENTINE DECOUPAGE HEART BOX,596,1700.6000000000001
3445,S/5 MINI ICE CREAM FRIDGE MAGNETS,1992,625.1999999999999
3446,S/6 CHRISTMAS TREE PLACE SETTING,1,3.75
3447,"S/6 HALLOWEEN GHOST T LIGHTS, 5CM H",1036,435.12
3448,S/6 MULTICOLOUR ORNAMENETAL CANDLE,172,177.6
3449,S/6 PAPER BOXES BLOSSOM IMAGES ,15,63.75
3450,S/6 PAPER BOXES CURIOUS IMAGES ,36,127.2
3451,S/6 PAPER BOXES ROMANTIC IMAGES,15,63.75
3452,S/6 PINK EASTER DECS IN BOX,105,89.25
3453,S/6 SCANDINAVIAN HEART T-LIGHT,1,2.55
3454,S/6 SEW ON CROCHET FLOWERS,58,72.5
3455,S/6 SILVER ORNAMENETAL CANDLE,97,82.45
3456,S/6 WOODEN SKITTLES IN COTTON BAG,2269,6226.85
3457,S/60 PINK FLUFFY CHICKS IN BOX,83,181.64999999999998
3458,SALLE DE BAIN HOOK,1705,2079.29
3459,SALT AND PEPPER SHAKERS TOADSTOOLS,393,477.57
3460,SANDALWOOD FAN,2604,1730.2
3461,SANDALWOOD INCENSE IN TIN,16,20.0
3462,SANDWICH BATH SPONGE,2101,2626.25
3463,SAVE THE PLANET COTTON TOTE BAG,1688,3474.0
3464,SAVE THE PLANET MUG,6012,6570.6
3465,SAVOY ART DECO CLOCK,167,2014.05
3466,SCALLOP SHELL SOAP DISH,1613,777.3
3467,SCANDINAVIAN 3 HEARTS NAPKIN RING,322,209.3
3468,SCANDINAVIAN PAISLEY PICNIC BAG,1066,2939.1
3469,SCANDINAVIAN REDS RIBBONS,3365,4151.53
3470,SCENTED CANDLE IN DIGITALIS TIN,191,401.1
3471,SCENTED VELVET LOUNGE CANDLE ,2316,1078.44
3472,SCHOOL DESK AND CHAIR ,4,260.0
3473,SCOTTIE DOG HOT WATER BOTTLE,5228,24263.7
3474,SCOTTIE DOGS BABY BIB,68,85.0
3475,SCOTTIE DOGS CHILDRENS OVERALL,3,6.300000000000001
3476,SCOTTIES CHILDRENS APRON,397,604.65
3477,SCOTTIES DES CHILD'S APRON,239,394.34999999999997
3478,SCOTTIES DESIGN BABY BIB,102,127.5
3479,SCOTTIES DESIGN CHILD'S OVERALL,44,92.4
3480,SCOTTIES DESIGN WASHBAG,224,436.79999999999995
3481,SCOTTS ROSES TILE COASTER,54,67.5
3482,SCULPTED ROUND IVORY CANDLE ,44,9.24
3483,SEAGRASS S/2 CORNER LAUNDRY ,4,51.9
3484,SEAGRASS S/3 SQU LAUNDRY BOX,11,110.0
3485,SEASIDE FLYING DISC,721,869.33
3486,SEASIDE FRISBEE ,303,360.51
3487,SEASIDE STRIPE HAMMOCK,179,1387.05
3488,SET 10 LIGHTS NIGHT OWL,1051,6769.45
3489,SET 12 KIDS  WHITE CHALK STICKS,3860,1599.6
3490,SET 12 KIDS COLOUR  CHALK STICKS,7242,2920.68
3491,SET 12 LAVENDER  BOTANICAL T-LIGHTS,742,2102.5
3492,SET 12 PEAR BOTANICAL T-LIGHTS,536,1514.0
3493,SET 12 RETRO WHITE CHALK STICKS,6186,2495.88
3494,SET 12 WILDFLOWER BOTANICAL T-LIGHT,676,1912.6000000000001
3495,SET 20 NAPKINS FAIRY CAKES DESIGN ,2424,1818.48
3496,SET 3 JARDIN DE FEMME SCENT CANDLES,359,499.81
3497,"SET 3 RED SPOT TIN TEA,COFFEE,SUGAR",1430,6624.900000000001
3498,"SET 3 RETROSPOT TEA,COFFEE,SUGAR",272,1262.4
3499,SET 3 WICKER LOG BASKETS,399,7360.05
3500,SET 3 WICKER OVAL BASKETS W LIDS,26,482.7
3501,SET 3 WICKER STORAGE BASKETS ,13,312.35
3502,SET 4 EASTER DECOUPAGE OVAL BOXES,14,41.300000000000004
3503,SET 4 NURSERY DES ROUND BOXES,2992,1223.2
3504,SET 5 MINI CHOCOLATE FRIDGE MAGNETS,108,82.44
3505,SET 5 MINI DOUGHNUT FRIDGE MAGNET ,372,295.08000000000004
3506,SET 5 MINI GATEAUX  FRIDGE MAGNETS,2636,918.6800000000001
3507,SET 6 FOOTBALL CELEBRATION CANDLES,1492,1396.52
3508,SET 7 BABUSHKA NESTING BOXES,1925,15357.800000000001
3509,SET 72 CAKE CASES VINTAGE CHRISTMAS,672,291.6
3510,SET OF 12  VINTAGE POSTCARD SET,587,676.05
3511,SET OF 12 LILY BOTANICAL T-LIGHTS,739,2122.4500000000003
3512,SET OF 12 MINI BUNNIES IN A BUCKET,1638,894.36
3513,SET OF 12 ROSE BOTANICAL T-LIGHTS,1560,4314.0
3514,SET OF 16 VINTAGE BLACK CUTLERY,29,369.75
3515,SET OF 16 VINTAGE IVORY CUTLERY,2,25.5
3516,SET OF 16 VINTAGE PISTACHIO CUTLERY,51,650.25
3517,SET OF 16 VINTAGE RED CUTLERY,28,357.0
3518,SET OF 16 VINTAGE ROSE CUTLERY,75,913.05
3519,SET OF 16 VINTAGE SKY BLUE CUTLERY,30,382.5
3520,SET OF 2 CHRISTMAS DECOUPAGE CANDLE,164,200.44
3521,SET OF 2 FANCY FONT TEA TOWELS,1055,3048.2500000000005
3522,SET OF 2 ROUND TINS CAMEMBERT ,651,1848.4500000000003
3523,SET OF 2 ROUND TINS DUTCH CHEESE,460,1328.2
3524,SET OF 2 TEA TOWELS APPLE AND PEARS,813,2358.3500000000004
3525,SET OF 2 TEA TOWELS PING MICROWAVE,101,295.55
3526,SET OF 2 TINS JARDIN DE PROVENCE,326,1596.9
3527,SET OF 2 TINS VINTAGE BATHROOM ,670,2797.5
3528,SET OF 2 WOODEN MARKET CRATES,541,6595.349999999999
3529,SET OF 20 KIDS COOKIE CUTTERS,3436,6511.8
3530,SET OF 20 VINTAGE CHRISTMAS NAPKINS,7750,5995.299999999999
3531,SET OF 3 BABUSHKA STACKING TINS,802,3857.9
3532,SET OF 3 BIRD L.BLUE FEATHER,360,349.2
3533,SET OF 3 BIRD LIGHT PINK FEATHER ,313,391.25
3534,SET OF 3 BLACK FLYING DUCKS,779,2809.15
3535,SET OF 3 BLUE STRIPE BASKET,436,3632.9700000000003
3536,SET OF 3 BUTTERFLY COOKIE CUTTERS,4380,5201.400000000001
3537,SET OF 3 CASES WOODLAND DESIGN,928,5304.6
3538,SET OF 3 CHRISTMAS BRIAR CANDLES,174,614.1
3539,SET OF 3 COLOURED  FLYING DUCKS,2707,12869.150000000001
3540,SET OF 3 CONEY ISLAND OVAL BOXES,251,925.6500000000001
3541,SET OF 3 DANISH ROSE PLANTERS,909,1035.25
3542,SET OF 3 GOLD FLYING DUCKS,225,855.31
3543,SET OF 3 HEART COOKIE CUTTERS,5116,6281.0
3544,SET OF 3 NOTEBOOKS IN PARCEL,3771,6049.349999999999
3545,SET OF 3 PINK FLYING DUCKS,83,349.15000000000003
3546,SET OF 3 RABBIT CARROTS EASTER,79,67.14999999999999
3547,SET OF 3 RABBIT EGG EASTER,33,28.049999999999997
3548,SET OF 3 RED STRIPE BASKETS,323,2769.44
3549,SET OF 3 SILVER FLYING DUCKS,136,388.4
3550,SET OF 3 VINTAGE TEA TIME BOXES,139,376.35
3551,SET OF 3 WICKER BASKET ROSE,70,561.8
3552,SET OF 3 WICKER BASKET TEA AND CAKE,27,332.6
3553,SET OF 36 DINOSAUR PAPER DOILIES,709,1028.05
3554,SET OF 36 DOILIES SPACEBOY DESIGN ,389,535.25
3555,SET OF 36 DOILIES VINTAGE CHRISTMAS,444,557.4
3556,SET OF 36 MUSHROOM PAPER DOILIES,1461,2032.05
3557,SET OF 36 PAISLEY FLOWER DOILIES,4619,6436.799999999999
3558,SET OF 36 SILVER PAPER DOILIES,447,648.15
3559,SET OF 36 TEATIME PAPER DOILIES,4915,6950.15
3560,SET OF 4 BLACK LOVEBIRD COASTERS,22,56.099999999999994
3561,SET OF 4 CAROUSEL PLACEMATS ,61,78.75
3562,SET OF 4 DIAMOND NAPKIN RINGS,234,1575.5
3563,SET OF 4 DOTTY PLACEMATS ,54,183.3
3564,SET OF 4 ENGLISH ROSE COASTERS,1133,1412.45
3565,SET OF 4 ENGLISH ROSE PLACEMATS,467,1674.45
3566,SET OF 4 FAIRY CAKE PLACEMATS,310,1095.3
3567,SET OF 4 FAIRY CAKE PLACEMATS ,199,733.45
3568,SET OF 4 FAIRY CAKES COASTERS ,1110,1305.8
3569,SET OF 4 GREEN CAROUSEL COASTERS,103,41.75
3570,SET OF 4 NAPKIN CHARM CUTLERY,18,45.9
3571,SET OF 4 NAPKIN CHARMS 3 KEYS ,116,295.79999999999995
3572,SET OF 4 NAPKIN CHARMS CROWNS ,112,271.2
3573,SET OF 4 NAPKIN CHARMS CUTLERY,761,1890.1499999999999
3574,SET OF 4 NAPKIN CHARMS HEARTS,861,2109.15
3575,SET OF 4 NAPKIN CHARMS INSTRUMENT,145,355.34999999999997
3576,SET OF 4 NAPKIN CHARMS INSTUMENT   ,12,30.599999999999998
3577,SET OF 4 NAPKIN CHARMS LEAVES   ,230,572.1
3578,SET OF 4 NAPKIN CHARMS STARS   ,717,1741.9499999999998
3579,SET OF 4 NEW ENGLAND COASTERS ,1094,417.5
3580,SET OF 4 NEW ENGLAND PLACEMATS,2744,2298.0
3581,SET OF 4 PASTEL STACKING MUGS,13,33.15
3582,SET OF 4 PISTACHIO LOVEBIRD COASTER,31,79.05
3583,SET OF 4 POLKADOT COASTERS,19,23.75
3584,SET OF 4 POLKADOT PLACEMATS ,19,71.25
3585,SET OF 4 POLKADOTS COASTERS,109,132.45
3586,SET OF 4 ROSE BOTANICAL CANDLES,80,300.0
3587,SET OF 6 3D KIT CARDS FOR KIDS,1346,1144.1
3588,SET OF 6 CAKE CHOPSTICKS,1581,1766.49
3589,SET OF 6 DOTS CHOPSTICKS,185,197.05
3590,SET OF 6 FUNKY BEAKERS,326,954.5000000000001
3591,SET OF 6 GIRLS CELEBRATION CANDLES,1726,1563.74
3592,SET OF 6 HALLOWEEN GHOST T-LIGHTS,536,225.12
3593,SET OF 6 HEART CHOPSTICKS,808,1005.44
3594,SET OF 6 ICE CREAM SKITTLES,216,637.2
3595,SET OF 6 KASHMIR FOLKART BAUBLES,368,1564.0
3596,SET OF 6 RIBBONS VINTAGE CHRISTMAS,6015,13462.65
3597,SET OF 6 SOLDIER SKITTLES,1604,5845.8
3598,SET OF 6 SPICE TINS PANTRY DESIGN,6,23.700000000000003
3599,SET OF 6 STRAWBERRY CHOPSTICKS,1758,1992.3000000000002
3600,SET OF 6 T-LIGHTS CACTI ,122,340.70000000000005
3601,SET OF 6 T-LIGHTS EASTER CHICKS,81,219.75
3602,SET OF 6 T-LIGHTS SANTA,1345,3804.55
3603,SET OF 6 T-LIGHTS SNOWMEN,1274,3599.9000000000005
3604,SET OF 6 T-LIGHTS TOADSTOOLS,556,1568.2
3605,SET OF 6 T-LIGHTS WEDDING CAKE ,179,489.65000000000003
3606,SET OF 6 VINTAGE NOTELETS KIT,934,1013.7
3607,SET OF 72 BLACK PAPER DOILIES ,122,176.89999999999998
3608,SET OF 72 GREEN PAPER DOILIES,547,793.15
3609,SET OF 72 IVORY PAPER DOILIES,1885,2579.6499999999996
3610,SET OF 72 PINK HEART PAPER DOILIES,3726,5285.969999999999
3611,SET OF 72 RETRO SPOT PAPER  DOILIES,7488,10423.199999999999
3612,SET OF 72 RETROSPOT PAPER  DOILIES,1690,2390.7
3613,SET OF 72 SKULL PAPER  DOILIES,1522,2072.5
3614,SET OF 9 BLACK SKULL BALLOONS,3653,2975.05
3615,SET OF 9 HEART SHAPED BALLOONS,2148,2666.0
3616,SET OF MEADOW  FLOWER STICKERS,161,375.65000000000003
3617,SET OF PICTURE FRAME  STICKERS,167,429.65000000000003
3618,SET OF RED SALAD SERVERS ,401,597.49
3619,SET OF SALT AND PEPPER TOADSTOOLS,665,803.89
3620,SET OF SIX SILVER+RED FLOCK BAUBLES,2,1.7
3621,SET OF SKULL WALL STICKERS,304,699.4
3622,SET OF THREE 50'S GIFT WRAPS ,600,1051.5
3623,SET OF THREE VINTAGE GIFT WRAPS,2846,5204.099999999999
3624,SET/10 BLUE POLKADOT PARTY CANDLES,1169,1406.53
3625,SET/10 BLUE SPOTTY PARTY CANDLES,4887,5926.35
3626,SET/10 IVORY POLKADOT PARTY CANDLES,377,471.25
3627,SET/10 IVORY SPOTTY PARTY CANDLES,1254,1558.38
3628,SET/10 PINK POLKADOT PARTY CANDLES,1609,1901.81
3629,SET/10 PINK SPOTTY PARTY CANDLES,5766,6970.38
3630,SET/10 RED POLKADOT PARTY CANDLES,2459,2909.59
3631,SET/10 RED SPOTTY PARTY CANDLES,6504,7838.16
3632,SET/12 FUNKY FELT FLOWER PEG IN BAG,201,422.1
3633,SET/12 TAPER CANDLES,600,464.64
3634,SET/12 ZINC CHRISTMAS DECORATIONS,91,191.10000000000002
3635,SET/16 WHITE SHINY & MATT BAUBLES,80,47.04
3636,SET/2 BLUE  NOODLE BASKETS,58,113.1
3637,SET/2 CHRISTMAS DECOUPAGE CANDLES,40,50.0
3638,SET/2 RED RETROSPOT TEA TOWELS ,755,2067.25
3639,SET/2 RED SPOTTY TEA TOWELS ,2538,7239.900000000001
3640,SET/2 SPOTTY + ROSE TEA TOWELS ,1,2.55
3641,SET/2 TEA TOWELS MODERN VINTAGE,1,2.55
3642,SET/20 COLLAGE PAPER NAPKIN ,760,585.52
3643,SET/20 FRUIT SALAD PAPER NAPKINS ,7066,1767.6999999999998
3644,SET/20 POSIES PAPER NAPKINS,4,3.4
3645,SET/20 RED RETROSPOT PAPER NAPKINS ,2726,2115.5
3646,SET/20 RED SPOTTY PAPER NAPKINS ,15175,11318.71
3647,SET/20 STRAWBERRY PAPER NAPKINS ,4072,3138.64
3648,SET/20 WOODLAND PAPER NAPKINS ,2748,1993.08
3649,SET/3 CHRISTMAS BRIAR CANDLES,88,330.0
3650,SET/3 CHRISTMAS DECOUPAGE CANDLES,468,557.64
3651,SET/3 COLOUR PAINTED KASHMIRI STOOL,3,179.85000000000002
3652,SET/3 DECOUPAGE STACKING TINS,478,2265.3
3653,SET/3 FLORAL GARDEN TOOLS IN BAG,280,1994.0
3654,SET/3 OCEAN SCENT CANDLE JEWEL BOX,636,2572.76
3655,SET/3 POLKA DOT STACKING TINS,250,1220.7
3656,SET/3 POLKADOT STACKING TINS,32,158.4
3657,SET/3 POT PLANT CANDLES,115,593.75
3658,SET/3 RABBITS FLOWER SKIPPPING ROPE,134,113.89999999999999
3659,SET/3 RED GINGHAM ROSE STORAGE BOX,1594,5794.14
3660,SET/3 ROSE CANDLE IN JEWELLED BOX,509,2058.53
3661,SET/3 RUSSIAN DOLL STACKING TINS,1866,8864.300000000001
3662,SET/3 TALL GLASS CANDLE HOLDER PINK,87,712.45
3663,SET/3 VANILLA SCENTED CANDLE IN BOX,1196,4764.44
3664,SET/4 2 TONE EGG SHAPE MIXING BOWLS,59,569.53
3665,SET/4 BADGES BALLOON GIRL,545,679.35
3666,SET/4 BADGES BEETLES,338,422.5
3667,SET/4 BADGES CUTE CREATURES,272,340.0
3668,SET/4 BADGES DOGS,298,372.5
3669,SET/4 BADGES WOODLAND ANIMAL,486,569.5
3670,SET/4 BIRD MIRROR MAGNETS ,236,330.48
3671,SET/4 BLACK  BAROQUE FLOCK COASTER,20,51.0
3672,SET/4 BLUE FLOWER CANDLES IN BOWL,2307,3525.7499999999995
3673,SET/4 BUTTERFLY MIRROR MAGNETS,651,541.5
3674,SET/4 COLOURFUL MIXING BOWLS,38,369.34
3675,SET/4 DAISY MIRROR MAGNETS,185,140.82000000000002
3676,SET/4 GARDEN ROSE DINNER CANDLE,18,29.699999999999996
3677,SET/4 MODERN VINTAGE COTTON NAPKINS,83,244.85000000000002
3678,SET/4 PINK ORCHID CANDLES IN BOWL,1823,2406.0299999999997
3679,SET/4 RED MINI ROSE CANDLE IN BOWL,674,512.0999999999999
3680,SET/4 SCENTED CANDLES IN RAMEKINS,454,592.5
3681,SET/4 SKULL BADGES,1266,1578.7
3682,SET/4 SPRING FLOWER DECORATION,96,283.20000000000005
3683,SET/4 WHITE RETRO STORAGE CUBES ,650,23252.500000000004
3684,SET/5 BLUE SPOTTY LID GLASS BOWLS,295,787.05
3685,SET/5 RED RETROSPOT LID GLASS BOWLS,2104,5865.6
3686,SET/5 RED SPOTTY LID GLASS BOWLS,10250,27814.3
3687,SET/6  ANGEL T-LIGHTS WHITE/GOLD,652,282.96999999999997
3688,SET/6 3D KIT CARDS FOR KIDS,547,414.54999999999995
3689,SET/6 BEAD COASTERS GAUZE BAG GOLD,115,143.75
3690,SET/6 BLACK BIRD T-LIGHT CANDLES,68,137.88000000000002
3691,SET/6 BLACK GLITTER REINDEER CANDLE,4,3.36
3692,SET/6 BLACK ROSE T-LIGHT CANDLES,49,82.81
3693,SET/6 BLACK SNOWFLAKE T-LIGHTS ,388,202.33
3694,SET/6 CHRISTMAS ICICLE T-LIGHTS,34,42.5
3695,SET/6 COLLAGE PAPER CUPS,287,186.55
3696,SET/6 COLLAGE PAPER PLATES,625,341.16999999999996
3697,SET/6 EAU DE NIL BIRD T-LIGHTS,180,258.0
3698,SET/6 FROG PRINCE T-LIGHT CANDLES,520,934.8
3699,SET/6 FRUIT SALAD  PAPER PLATES,14638,2097.34
3700,SET/6 FRUIT SALAD PAPER CUPS,14927,1377.91
3701,SET/6 GARDEN GNOME T-LIGHT CANDLES,113,312.55
3702,SET/6 GINGERBREAD STAR T-LIGHTS,335,418.75
3703,SET/6 GINGERBREAD TREE T-LIGHTS,6,7.5
3704,SET/6 GOLD REINDEER T-LIGHT CANDLES,201,225.55
3705,SET/6 GREEN SPRING  PAPER PLATE,33,28.049999999999997
3706,SET/6 GREEN SPRING PAPER CUPS,87,56.550000000000004
3707,SET/6 IVORY BIRD T-LIGHT CANDLES,799,1378.32
3708,SET/6 PINK  BUTTERFLY T-LIGHTS,3652,6984.5
3709,SET/6 PINK BIRD T-LIGHT CANDLES,220,277.08
3710,SET/6 POSIES PAPER CUPS,94,61.10000000000001
3711,SET/6 POSIES PAPER PLATES,147,124.94999999999999
3712,SET/6 PURPLE BUTTERFLY T-LIGHTS,1259,2486.46
3713,SET/6 RED SPOTTY PAPER CUPS,9481,5657.21
3714,SET/6 RED SPOTTY PAPER PLATES,10927,7958.65
3715,SET/6 SILVER REINDEER T-LIGHTS,244,254.8
3716,SET/6 STRAWBERRY PAPER CUPS,13382,1570.3
3717,SET/6 STRAWBERRY PAPER PLATES,12806,1504.94
3718,SET/6 TURQUOISE BUTTERFLY T-LIGHTS,2431,4690.7300000000005
3719,SET/6 WOODLAND PAPER CUPS,13713,1843.7700000000002
3720,SET/6 WOODLAND PAPER PLATES,13668,1817.16
3721,SET/9 CHRISTMAS T-LIGHTS SCENTED ,691,836.39
3722,SET3 BOOK BOX GREEN GINGHAM FLOWER ,1706,6633.5
3723,SEWING BOX RETROSPOT DESIGN ,174,2793.2999999999997
3724,SEWING SUSAN 21 NEEDLE SET,1792,1341.76
3725,SHAKER THROW  QUILTED,52,811.8
3726,SHOE SHINE BOX ,192,1887.1999999999998
3727,SHOPPING BAG DOORSTOP,69,104.25
3728,"SILICON CUBE 25W, BLUE",1,0.42
3729,SILICON STAR BULB  BLUE,14,5.88
3730,SILK PURSE BABUSHKA BLUE,282,944.7
3731,SILK PURSE BABUSHKA PINK,410,1373.5
3732,SILK PURSE BABUSHKA RED,514,1697.9
3733,SILK PURSE RUSSIAN DOLL BLUE,373,1225.55
3734,SILK PURSE RUSSIAN DOLL PINK,449,1456.15
3735,SILK PURSE RUSSIAN DOLL RED,575,1854.25
3736,SILVER  CANDLEPOT JARDIN ,251,940.45
3737,SILVER 2 STRAND NECKLACE-LEAF CHARM,6,45.0
3738,SILVER APERITIF GLASS,79,162.32000000000002
3739,SILVER BLACK ORBIT BRACELET,6,29.700000000000003
3740,SILVER BLACK ORBIT DROP EARRINGS,8,34.0
3741,SILVER BLUE EGG T-LIGHT HOLDER,483,189.89000000000001
3742,SILVER BOOK MARK WITH BEADS,68,57.800000000000004
3743,SILVER BRACELET W PASTEL FLOWER,37,272.5
3744,SILVER CHARM NECKLACE 70CM,62,465.0
3745,SILVER CHERRY LIGHTS,59,338.45000000000005
3746,SILVER CHRISTMAS TREE BAUBLE STAND ,174,2833.2999999999997
3747,SILVER DIAMANTE PEN IN GIFT BOX,428,858.6
3748,SILVER DISCO HANDBAG,161,312.55
3749,SILVER DROP EARRINGS WITH FLOWER,24,90.0
3750,SILVER FABRIC MIRROR,408,278.4
3751,SILVER FINCH DECORATION,187,206.39000000000001
3752,SILVER FISHING GNOME ,63,397.85
3753,SILVER FLOWR PINK SHELL NECKLACE,8,60.0
3754,SILVER GLASS T-LIGHT SET,139,410.05000000000007
3755,SILVER GLITTER FLOWER VOTIVE HOLDER,1489,478.84999999999997
3756,SILVER HANGING T-LIGHT HOLDER,7300,11323.8
3757,SILVER HANGING T-LIGHT HOLDER DOME,274,452.09999999999997
3758,SILVER HEART COMPACT MIRROR,8,30.0
3759,SILVER HOOP EARRINGS WITH FLOWER,29,172.55
3760,SILVER JEWELLED MIRROR TRINKET TRAY,30,298.5
3761,SILVER LARIAT 40CM,10,127.5
3762,SILVER LARIAT BLACK STONE EARRINGS,13,55.25
3763,SILVER LATTICE VANILLA CANDLE POT,493,1830.03
3764,SILVER LOOKING MIRROR,9,44.550000000000004
3765,SILVER M.O.P ORBIT BRACELET,14,69.3
3766,SILVER M.O.P ORBIT DROP EARRINGS,18,76.5
3767,SILVER MINI TAPE MEASURE ,1379,1079.85
3768,SILVER MONTE CARLO HANDBAG,8,68.0
3769,SILVER MUG BONE CHINA TREE OF LIFE,528,1004.0
3770,SILVER OVAL JEWELLED MIRROR,23,136.85
3771,SILVER OVAL SHAPE TRINKET BOX,19,189.04999999999998
3772,SILVER PHOTO FRAME,227,356.7
3773,SILVER PLATE CANDLE BOWL LARGE,450,1634.58
3774,SILVER PLATE CANDLE BOWL SMALL,588,1734.6000000000001
3775,SILVER PURSE GOLD PINK BUTTERFLY,4,6.6
3776,SILVER RETRODISC LAMPSHADE,605,1211.75
3777,SILVER ROCCOCO CHANDELIER,58,968.3
3778,SILVER ROCOCO CANDELABRA,7,89.25
3779,SILVER ROCOCO CANDLE STICK,55,303.25
3780,SILVER SKULL HOT WATER BOTTLE ,182,673.86
3781,SILVER SLEIGHBELL  WREATH,18,143.1
3782,SILVER STANDING GNOME   ,42,178.5
3783,SILVER T-LIGHT SETTING,122,771.5
3784,SILVER TEDDY BEAR,161,363.75
3785,SILVER VANILLA  FLOWER CANDLE POT,247,888.81
3786,SILVER VANILLA FLOWER CANDLE POT,245,917.31
3787,SILVER WASHBAG,30,88.50000000000001
3788,SILVER WINE GOBLET,2,9.3
3789,SILVER/AMETHYST DROP EARRINGS LEAF,24,70.80000000000001
3790,SILVER/BLACK ORBIT NECKLACE,19,189.04999999999998
3791,SILVER/BLACK PENDANT ORBIT NECKLACE,6,51.0
3792,SILVER/CRYSTAL DROP EARRINGS W LEAF,12,35.400000000000006
3793,SILVER/M.O.P PENDANT ORBIT NECKLACE,8,68.0
3794,SILVER/MOP ORBIT NECKLACE,20,199.0
3795,SILVER/NAT SHELL NECKLACE W PENDANT,1,5.95
3796,SILVER/NATURAL SHELL NECKLACE,11,93.5
3797,SINGLE HEART ZINC T-LIGHT HOLDER,10957,9778.43
3798,SIX STRING SCANDINAVIAN HEART DECS,83,244.85000000000002
3799,SKULL AND CROSSBONES  GARLAND ,2513,3828.0499999999997
3800,SKULL DESIGN TV DINNER TRAY,417,1866.5500000000002
3801,SKULL LUNCH BOX WITH CUTLERY ,1718,4105.5
3802,SKULL LUNCHBOX WITH CUTLERY ,253,600.15
3803,SKULL SHOULDER BAG,1996,3117.4
3804,SKULLS  DESIGN  COTTON TOTE BAG,874,1139.8999999999999
3805,SKULLS  STICKERS,3717,2933.25
3806,SKULLS  WATER TRANSFER TATTOOS ,3932,3123.0
3807,SKULLS AND CROSSBONES WRAP,3315,1360.3
3808,SKULLS DESIGN FLANNEL,1161,556.65
3809,SKULLS GREETING CARD,3062,1224.84
3810,SKULLS PARTY BAG + STICKER SET,3103,4734.349999999999
3811,SKULLS SQUARE TISSUE BOX,225,281.25
3812,SKULLS STORAGE BOX LARGE,383,740.09
3813,SKULLS STORAGE BOX SMALL,373,551.7
3814,SKULLS TAPE,332,214.60000000000002
3815,SKULLS WRAP,3350,1403.0
3816,SKULLS WRITING SET ,997,1642.6499999999999
3817,SKY BLUE COLOUR GLASS GEMS IN BAG,85,57.129999999999995
3818,SLATE TILE NATURAL HANGING,2381,3803.8499999999995
3819,SLEEPING CAT ERASERS,5656,1165.26
3820,SMALL BLUE PROVENCAL CERAMIC BALL,27,44.55
3821,SMALL CAMPHOR WOOD FIELD  MUSHROOM,358,383.09999999999997
3822,SMALL CHINESE STYLE SCISSOR,17041,5503.22
3823,SMALL CHOCOLATES PINK BOWL,310,387.5
3824,SMALL CHUNKY GLASS ROMAN  BOWL,521,854.55
3825,SMALL DOLLY MIX DESIGN ORANGE BOWL,1071,1293.15
3826,SMALL FAIRY CAKE FRIDGE MAGNETS,12236,6875.0
3827,SMALL FOLDING SCISSOR(POINTED EDGE),251,62.75
3828,SMALL FOLKART CHRISTMAS TREE DEC,135,34.620000000000005
3829,SMALL FOLKART STAR CHRISTMAS DEC,1050,441.0
3830,SMALL GLASS HEART TRINKET POT,6933,13491.300000000001
3831,SMALL GLASS ROSE SCENTED CANDLE,4,15.0
3832,SMALL GLASS SUNDAE DISH CLEAR,259,427.34999999999997
3833,SMALL GREEN PEONY FOLDING STOOL,262,602.6
3834,SMALL HAMMERED SILVER CANDLEPOT ,527,1552.2500000000002
3835,SMALL HANGING GLASS+ZINC LANTERN,172,249.39999999999998
3836,SMALL HANGING IVORY/RED WOOD BIRD,3213,1323.54
3837,SMALL HEART FLOWERS HOOK ,4663,3782.1099999999997
3838,SMALL HEART MEASURING SPOONS,3509,2939.62
3839,SMALL KITCHEN FLOWER POTS PLAQUE,337,582.15
3840,SMALL LICORICE DES PINK BOWL,496,606.32
3841,SMALL MARAKESH LANTERN ON STICK,56,210.0
3842,SMALL MARAKESH METAL  LANTERN ,114,354.5
3843,SMALL MARSHMALLOWS PINK BOWL,892,1073.96
3844,SMALL MEDINA STAMPED METAL BOWL ,940,723.4
3845,SMALL ORIENTAL BLUE FOLDING STOOL,282,615.4
3846,SMALL ORIENTAL RED FOLDING STOOL,237,540.75
3847,SMALL PINK GLASS SUNDAE DISH,186,306.9
3848,SMALL PINK MAGIC CHRISTMAS TREE,1102,598.3
3849,SMALL PINK PEONY FOLDING STOOL,189,401.3
3850,SMALL POLKADOT CHOCOLATE GIFT BAG ,510,433.5
3851,"SMALL POP BOX,FUNKY MONKEY",309,347.85
3852,SMALL POPCORN HOLDER,25718,19530.96
3853,SMALL PURPLE BABUSHKA NOTEBOOK ,2012,1650.9199999999998
3854,SMALL RED BABUSHKA NOTEBOOK ,1908,1562.52
3855,SMALL RED RETROSPOT MUG IN BOX ,569,2107.83
3856,SMALL RED RETROSPOT WINDMILL,1924,2300.12
3857,SMALL RED SPOT  WINDMILL,742,886.46
3858,SMALL REGAL  SILVER CANDLEPOT ,261,769.9500000000002
3859,SMALL RETRO SPOT MUG IN BOX  RED,318,1192.5
3860,SMALL RETRO SPOT MUG IN BOX  WHITE,382,1406.58
3861,SMALL ROUND CUT GLASS CANDLESTICK,142,658.1
3862,SMALL SILVER FLOWER CANDLE POT,313,913.7500000000001
3863,SMALL SILVER TRELLIS CANDLEPOT,556,1640.2000000000003
3864,SMALL SINGLE FLAME CANDLE HOLDER,18,6.299999999999999
3865,SMALL SKULL WINDMILL,1547,1762.75
3866,SMALL SPOTTY CHOCOLATE GIFT BAG ,1049,881.5699999999999
3867,SMALL SQUARE CUT GLASS CANDLESTICK,72,356.40000000000003
3868,SMALL STRIPES CHOCOLATE GIFT BAG ,1600,839.68
3869,SMALL TAHITI BEACH BAG,457,1802.49
3870,SMALL TALL CAMPHOR WOOD TOADSTOOL,394,428.09999999999997
3871,SMALL WHITE RETROSPOT MUG IN BOX ,432,1594.08
3872,SMALL WHITE/PINK ROSE ART FLOWER,281,171.97
3873,SMALL YELLOW BABUSHKA NOTEBOOK ,1299,1082.31
3874,SMALL ZINC/GLASS CANDLEHOLDER,392,261.52
3875,SMALLFOLKART BAUBLE CHRISTMAS DEC,2941,738.4200000000001
3876,SMOKEY GREY COLOUR D.O.F. GLASS,116,75.4
3877,SNOWFLAKE PORTABLE TABLE LIGHT ,370,1091.5000000000002
3878,SNOWSTORM PHOTO FRAME FRIDGE MAGNET,935,757.31
3879,SOAP DISH BROCANTE,424,1193.2
3880,SOFT PINK ROSE TOWEL ,77,358.05
3881,SOLDIERS EGG CUP ,568,710.0
3882,SOMBRERO ,5149,6728.15
3883,SPACE BOY BIRTHDAY CARD,817,338.82
3884,SPACE BOY GIFT WRAP,775,325.5
3885,SPACE CADET BLACK,88,106.2
3886,SPACE CADET RED,109,132.45
3887,SPACE CADET WHITE,115,141.85
3888,SPACE FROG,133,166.25
3889,SPACE OWL,260,325.0
3890,SPACEBOY BIRTHDAY CARD,8616,3425.7599999999998
3891,SPACEBOY CHILDRENS EGG CUP,104,130.0
3892,SPACEBOY GIFT WRAP,7265,2993.3
3893,SPACEBOY LUNCH BOX ,6742,12167.699999999999
3894,SPACEBOY TV DINNER TRAY,655,2943.8500000000004
3895,SPHERICAL IVORY CANDLE ,82,34.44
3896,SPOTS DESIGN MUG W PINK INSIDE,790,1139.34
3897,SPOTS MUG,426,744.2999999999998
3898,SPOTS ON RED BOOKCOVER TAPE,46,19.32
3899,SPOTTED WHITE NATURAL SEED NECKLACE,5,29.75
3900,SPOTTY  HOME SWEET HOME DOORMAT,650,3785.5
3901,SPOTTY COCKEREL DOORSTOP,1,4.25
3902,SPOTTY COFFEE CUP & SAUCER,28,82.60000000000001
3903,SPOTTY PINK DUCK DOORSTOP,362,1277.58
3904,SPRIG LAVENDER ARTIFICIAL FLOWER,448,360.8
3905,"SPRING DEC , HANGING CHICK  GREEN",1113,1433.85
3906,"SPRING DEC , HANGING CHICK  YELLOW",1556,2018.6
3907,"SPRING DEC , HANGING CHICK CREAM",1874,2422.1
3908,SPRING FLOWER CHOPSTICKS SET/5,857,1581.1499999999999
3909,SQUARE CHERRY BLOSSOM CABINET,327,1561.65
3910,SQUARE FLOOR CUSHION VINTAGE PINK ,5,39.75
3911,SQUARE FLOOR CUSHION VINTAGE RED,47,373.65000000000003
3912,SQUARE METAL CANDLEHOLDER BASE,125,75.53
3913,SQUARE MIRROR CURTAIN,207,1434.18
3914,SQUARECUSHION COVER PINK UNION FLAG,57,384.75
3915,ST GEORGE SET OF 10 PARTY LIGHTS,49,144.55
3916,ST TROPEZ NECKLACE,8,39.6
3917,STANDING FAIRY POLE SUPPORT ,431,347.63
3918,STANDING METAL RABBIT WITH EGG,675,1206.0
3919,STAR  T-LIGHT HOLDER ,515,744.3499999999999
3920,STAR DECORATION PAINTED ZINC ,1386,872.1
3921,STAR DECORATION RUSTIC,3662,1538.04
3922,STAR PORTABLE TABLE LIGHT ,1109,3098.75
3923,STAR WOODEN CHRISTMAS DECORATION,2221,1837.9299999999998
3924,STARFISH SOAP DISH,103,262.65
3925,STARS GIFT TAPE ,734,475.90000000000003
3926,STEEL SWEETHEART ROUND TABLE CREAM,97,1415.5
3927,STRAWBERRIES  DESIGN FLANNEL ,1317,689.25
3928,STRAWBERRIES PRINT BOWL,5,6.25
3929,STRAWBERRY   PICNIC BAG,2229,6195.55
3930,STRAWBERRY BATH SPONGE ,2246,2716.3
3931,STRAWBERRY CAKE TEAPOT,16,79.2
3932,STRAWBERRY CANDY BAG,1659,524.25
3933,STRAWBERRY CERAMIC TRINKET BOX,25398,29779.86
3934,STRAWBERRY CHARLOTTE BAG,7807,6229.05
3935,STRAWBERRY DREAM CHILDS UMBRELLA,484,1534.0
3936,STRAWBERRY FAIRY CAKE TEAPOT,1483,7077.650000000001
3937,STRAWBERRY HONEYCOMB  GARLAND ,852,1396.1999999999998
3938,STRAWBERRY LUNCH BOX WITH CUTLERY,2789,6719.549999999999
3939,STRAWBERRY LUNCHBOX WITH CUTLERY,1404,3241.7999999999997
3940,STRAWBERRY RAFFIA FOOD COVER,743,2671.05
3941,STRAWBERRY SCENTED SET/9 T-LIGHTS,816,662.4
3942,STRAWBERRY SHOPPER BAG,3335,3942.65
3943,STRAWBERY SWIRL FLARE CANDLE,24,50.400000000000006
3944,STRAWBRY SCENTED VOTIVE CANDLE,1320,353.99999999999994
3945,STRING CRYSTALS NATURAL,272,340.0
3946,STRING OF 20 ROSE LIGHTS,262,2962.5
3947,"STRING OF 8 BUTTERFLIES,PINK",340,538.05
3948,STRING OF STARS CARD HOLDER,238,620.5000000000001
3949,STRIPES DESIGN MONKEY DOLL,1288,1543.8
3950,STRIPES DESIGN TEDDY,111,283.04999999999995
3951,STRIPEY CHOCOLATE NESTING BOXES,604,1346.6000000000001
3952,STRIPY DESIGN SHOWER CAP,890,421.29999999999995
3953,SUKI  SHOULDER BAG,3285,5118.25
3954,SUMMER BUTTERFLIES BAG CHARM,31,79.05
3955,SUMMER DAISIES BAG CHARM,18,45.9
3956,SUMMER FUN DESIGN SHOWER CAP,979,348.22999999999996
3957,SUNFLOWER DECORATIVE PARASOL,41,522.75
3958,SUNSET CHECK HAMMOCK,124,949.8000000000001
3959,SUNSET COLOUR CHUNKY KNITTED THROW,28,474.59999999999997
3960,SWALLOW CIGAR BOX MATCHES ,1391,1629.31
3961,SWALLOW GIANT TUBE MATCHES,1115,2573.25
3962,SWALLOW SMALL TUBE MATCHES,1,1.65
3963,SWALLOW SQUARE TISSUE BOX,465,521.49
3964,SWALLOW WOODEN CHRISTMAS DECORATION,1702,1421.74
3965,SWALLOWS GREETING CARD,7303,2953.5
3966,SWEET PUDDING STICKER SHEET,230,195.5
3967,SWEET VALENCIA CANDLE+CUP,132,155.88
3968,SWEETHEART CAKESTAND 3 TIER,449,4206.55
3969,SWEETHEART CARRY-ALL BASKET,262,2186.2
3970,SWEETHEART CERAMIC TRINKET BOX,13018,15276.140000000001
3971,SWEETHEART CREAM STEEL FOLDIN BENCH,203,4049.85
3972,SWEETHEART CREAM STEEL FOLDIN CHAIR,1,14.95
3973,SWEETHEART CREAM STEEL TABLE RECT,127,2533.65
3974,SWEETHEART KEY CABINET,1493,8302.95
3975,SWEETHEART RECIPE BOOK STAND,420,2732.6
3976,SWEETHEART WIRE FRUIT BOWL,45,372.3
3977,SWEETHEART WIRE MAGAZINE RACK,72,558.0
3978,SWEETHEART WIRE WALL TIDY,30,301.7
3979,SWEETIES  STICKERS,788,669.8
3980,SWIRLY CIRCULAR RUBBERS IN BAG,595,196.54
3981,SWISS CHALET TREE DECORATION ,540,376.44
3982,"SWISS ROLL TOWEL, CHOCOLATE  SPOTS",440,1262.0000000000002
3983,"SWISS ROLL TOWEL, PINK  SPOTS",840,2444.4000000000005
3984,T-LIGHT GLASS FLUTED ANTIQUE,1817,2134.4500000000003
3985,T-LIGHT HOLDER HANGING LACE,1427,1708.51
3986,T-LIGHT HOLDER SWEETHEART HANGING,399,756.4499999999999
3987,T-LIGHT HOLDER WHITE LACE,742,593.26
3988,TABLE LAMP WHITE SHADE WOOD BASE,137,682.5500000000001
3989,TABLECLOTH RED APPLES DESIGN ,258,2108.0
3990,TALL ROCOCO CANDLE HOLDER,39,331.5
3991,TEA BAG PLATE RED RETROSPOT,1250,1015.6999999999999
3992,TEA BAG PLATE RED SPOTTY ,6871,5500.2699999999995
3993,TEA COSY BLUE STRIPE,370,916.5
3994,TEA COSY RED  STRIPE,918,2149.2
3995,TEA COSY VINTAGE UNION JACK,988,3885.93
3996,TEA CUP AND SAUCER RETRO SPOT,620,2241.48
3997,TEA FOR ONE POLKADOT,235,974.75
3998,TEA PARTY  WRAPPING PAPER ,4100,1674.0
3999,TEA PARTY BIRTHDAY CARD,6799,2758.38
4000,TEA TIME BREAKFAST BASKET,170,357.0
4001,TEA TIME CAKE STAND IN GIFT BOX,2388,23827.8
4002,TEA TIME DES TEA COSY,1232,2907.15
4003,TEA TIME KITCHEN APRON,1568,8222.0
4004,TEA TIME MUG IN GIFT BOX,810,2312.7000000000003
4005,TEA TIME OVEN GLOVE,3072,3693.7
4006,TEA TIME PAPER LANTERNS,336,634.4
4007,TEA TIME PARTY BUNTING,3355,13969.050000000001
4008,TEA TIME TABLE CLOTH,754,7274.1
4009,TEA TIME TEA SET IN GIFT BOX,340,2339.0
4010,TEA TIME TEA TOWELS ,2542,7321.300000000001
4011,TEA TIME TEAPOT IN GIFT BOX,489,4194.11
4012,TEACUP AND SAUCER REGENCY GREEN,174,472.5
4013,TEACUP AND SAUCER REGENCY PINK,144,384.0
4014,TEACUP AND SAUCER REGENCY ROSES,210,566.7
4015,TEAL/FUSCHIA COL BEAD NECKLACE,9,44.55
4016,TEATIME CAKE TIN WITH HANDLE,231,2178.45
4017,TEATIME FUNKY FLOWER BACKPACK FOR 2,4,67.8
4018,TEATIME GEL PENS ASST,2640,460.79999999999995
4019,TEATIME PEN CASE & PENS,9887,990.8299999999999
4020,TEATIME PENCIL W STAMP ASST,938,82.2
4021,TEATIME PENCIL WITH RUBBER,122,30.5
4022,TEATIME PUSH DOWN RUBBER,343,144.06
4023,TEATIME ROUND CAKE TINS ,4,39.8
4024,TEATIME ROUND PENCIL SHARPENER ,1977,311.94
4025,TEXRIO TOMATOES CANDLE+CUP,123,149.19
4026,THE KING GIFT BAG,8066,542.74
4027,THE KING GIFT BAG 25x24x12cm,60,25.2
4028,THREE CANVAS LUGGAGE TAGS,25,17.55
4029,TIGRIS EYE CHUNKY CHARM BRACELET,27,241.64999999999998
4030,TIN CAN BISCUITS DESIGN,48,60.0
4031,TIN CAN CONFECTIONERY DESIGN,12,15.0
4032,TIN CAN HOUSEKEEPING DESIGN,24,30.0
4033,TIN CAN KINGS CHOICE DESIGN,36,45.0
4034,TIN CAN POCKET MONEY DESIGN,24,30.0
4035,TINY CRYSTAL BRACELET BLUE,18,45.9
4036,TINY CRYSTAL BRACELET GREEN,17,43.349999999999994
4037,TINY CRYSTAL BRACELET RED,18,45.9
4038,TINY CRYSTALS BRACELET BLACK,6,15.299999999999999
4039,TOADSTOOL MONEY BOX,1088,3149.6000000000004
4040,TOAST ITS - BEST MUM,1705,1977.65
4041,TOAST ITS - DINOSAUR,1301,1619.17
4042,TOAST ITS - FAIRY FLOWER,862,1070.3
4043,TOAST ITS - HAPPY BIRTHDAY,715,886.55
4044,TOAST ITS - I LOVE YOU ,2634,3110.5
4045,TOILET METAL SIGN,4479,2397.4900000000002
4046,TOMATO CHARLIE+LOLA COASTER SET,669,1770.3500000000001
4047,TOOL BOX SOFT TOY ,187,1673.6499999999999
4048,TOOTHPASTE TUBE PEN,1128,703.2
4049,TOP SECRET PEN SET,1167,1177.9499999999998
4050,TOTE BAG I LOVE LONDON,477,950.86
4051,TOXIC AREA  DOOR HANGER ,913,782.17
4052,TOY TIDY DOLLY GIRL DESIGN,670,1313.0
4053,TOY TIDY PINK POLKADOT,1385,2690.0
4054,TOY TIDY PINK RETROSPOT  ,4284,8403.6
4055,TOY TIDY SPACEBOY  ,3526,6828.05
4056,TOYBOX  WRAP ,1075,451.5
4057,TRADITIONAL CHRISTMAS RIBBONS,3068,3780.28
4058,TRADITIONAL KNITTING NANCY,2506,3535.2999999999997
4059,TRADITIONAL MODELLING CLAY,6759,7967.67
4060,TRADITIONAL WOODEN CATCH CUP GAME ,4475,5302.67
4061,TRADITIONAL WOODEN SKIPPING ROPE,3914,4726.06
4062,TRANQUILITY MASALA INCENSE,242,50.82
4063,TRANSPARENT ACRYLIC TAPE DISPENSER,881,230.45
4064,TRAVEL SEWING KIT,4719,7451.95
4065,"TRAY FOR TV DINNER , DOLLY GIRL",6,29.700000000000003
4066,"TRAY FOR TV DINNER ,SPACEBOY",6,29.700000000000003
4067,"TRAY, BREAKFAST IN BED",80,976.8
4068,TREE OF NOAH FESTIVE SCENTED CANDLE,62,40.300000000000004
4069,TRELLIS FLOWER CHOPSTICKS SET/5,24,46.8
4070,TRIANGULAR POUFFE VINTAGE ,65,918.9499999999999
4071,TRIANGULAR RIDGED GLASS POSY HOLDER,766,475.1
4072,TRIPLE PHOTO FRAME CORNICE ,233,2271.95
4073,TROPICAL  HONEYCOMB PAPER GARLAND ,1469,3346.35
4074,TROPICAL HOLIDAY PURSE ,25,73.75
4075,TROPICAL LUGGAGE TAG,1633,460.25
4076,TROPICAL PASSPORT COVER ,232,362.20000000000005
4077,TUB 24 HANGING EASTER EGGS SPOTTY,365,1195.95
4078,TUB 24 PINK FLOWER PEGS,335,552.7499999999999
4079,"TUMBLER, BAROQUE",431,333.15
4080,"TUMBLER, ENGLISH ROSE",151,249.14999999999998
4081,"TUMBLER, NEW ENGLAND",342,564.3
4082,TURQ ICE CREAM BUM BAG ,238,371.9
4083,TURQ PENDANT TRIPLE SHELL NECKLACE,3,14.850000000000001
4084,TURQ STONE/CRYSTAL EARRINGS,6,17.700000000000003
4085,TURQ+RED BOUDICCA LARGE BRACELET,40,278.0
4086,TURQOISE ICE CREAM SUNHAT,289,304.09000000000003
4087,TURQUOISE BERTIE GLASS BEAD CHARM,15,31.500000000000004
4088,TURQUOISE CHRISTMAS TREE ,15,18.75
4089,TURQUOISE CRYSTAL+GLASS BRACELET,21,103.95
4090,TURQUOISE GLASS TASSLE BAG CHARM ,44,129.8
4091,TURQUOISE HEART OF GLASS BRACELET,18,107.1
4092,TV DINNER TRAY AIR HOSTESS ,205,979.0500000000001
4093,TV DINNER TRAY DOLLY GIRL,760,3430.0
4094,TV DINNER TRAY VINTAGE PAISLEY,312,1425.2
4095,TWO DOOR CURIO CABINET,589,6798.45
4096,TWO EMBOSSED HEART MINI DRAWERS,676,1544.2
4097,This is a test product.,51,226.0
4098,UBO-LIGHT TRIOBASE BLUE,1,0.85
4099,UNION FLAG WINDSOCK,672,764.76
4100,UNION JACK FLAG LUGGAGE TAG,1159,1444.19
4101,UNION JACK FLAG PASSPORT COVER ,959,1905.66
4102,UNION JACK GUNS & ROSES  DOORMAT,748,3744.2000000000003
4103,UNION JACK HOT WATER BOTTLE ,609,3520.55
4104,UNION STRIPE CUSHION COVER ,791,965.95
4105,UNION STRIPE WITH FRINGE  HAMMOCK,527,3989.65
4106,URBAN BLACK RIBBONS ,1188,1144.08
4107,URBAN CHIC CHOPSTICKS SET/5,397,744.15
4108,UTILTY CABINET WITH HOOKS,175,3576.25
4109,VANILLA CANDLE IN EMBOSSED ZINC POT,10,16.9
4110,VANILLA INCENSE 40 CONES IN TIN,66,77.7
4111,VANILLA INCENSE IN TIN,1986,1336.98
4112,VANILLA SCENT CAKE CANDLE ,960,218.88
4113,VANILLA SCENT CANDLE JEWELLED BOX,805,3349.97
4114,VANILLA SCENTED VOTIVE CANDLE,24,6.959999999999999
4115,VENDETTA CANVAS PICTURE,2,7.5
4116,VICTORIAN  METAL POSTCARD SPRING,3152,5326.88
4117,VICTORIAN GLASS HANGING T-LIGHT,15418,17664.4
4118,VICTORIAN METAL POSTCARD CHRISTMAS,353,582.4499999999999
4119,VICTORIAN SEWING BOX LARGE,944,10961.4
4120,VICTORIAN SEWING BOX MEDIUM,805,6029.75
4121,VICTORIAN SEWING BOX SMALL ,1155,6596.25
4122,VICTORIAN SEWING KIT,3068,3316.6
4123,VINTAGE BEAD CHAISE LONG JEWEL BOX,18,21.5
4124,VINTAGE BEAD COSMETIC BAG ,1760,1144.0
4125,VINTAGE BEAD FILLED PINK CUSHION,12,59.400000000000006
4126,VINTAGE BEAD NOTEBOOK,141,415.95000000000005
4127,VINTAGE BEAD PINK EVENING BAG,24,102.0
4128,VINTAGE BEAD PINK JEWEL BOX,47,199.75
4129,VINTAGE BEAD PINK JEWEL STAND,2,9.9
4130,VINTAGE BEAD PINK PURSE ,67,197.65000000000003
4131,VINTAGE BEAD PINK SCARF ,7,55.65
4132,VINTAGE BEAD PINK SHADE ,512,636.25
4133,VINTAGE BILLBOARD DRINK ME MUG,3326,3497.98
4134,VINTAGE BILLBOARD LOVE/HATE MUG,2692,2527.7400000000002
4135,VINTAGE BILLBOARD MUG ,894,800.12
4136,VINTAGE BILLBOARD TEA MUG,3084,2924.1
4137,VINTAGE BLUE KITCHEN CABINET,19,5605.0
4138,VINTAGE BLUE TINSEL REEL,383,209.58
4139,VINTAGE CARAVAN GIFT WRAP,2950,1219.0
4140,VINTAGE CARAVAN GREETING CARD ,2548,1044.24
4141,VINTAGE CAT FOOD CONTAINER,34,218.14
4142,VINTAGE COLLAGE  GREETING  CARD ,40,16.8
4143,VINTAGE CREAM 3 BASKET CAKE STAND,1285,11860.109999999999
4144,VINTAGE CREAM CAT FOOD CONTAINER,147,895.05
4145,VINTAGE CREAM DOG FOOD CONTAINER,184,1513.0
4146,VINTAGE DESIGN GIFT TAGS,3,2.55
4147,VINTAGE DOG FOOD CONTAINER,36,308.64
4148,VINTAGE ENAMEL & CRYSTAL EARRINGS,9,44.550000000000004
4149,VINTAGE ENAMEL & CRYSTAL NECKLACE,5,24.75
4150,VINTAGE GLASS COFFEE CADDY,166,975.7
4151,VINTAGE GLASS SUGAR CADDY,69,404.55
4152,VINTAGE GLASS TEA CADDY,217,1267.15
4153,VINTAGE GOLD TINSEL REEL,235,112.14
4154,VINTAGE HEADS AND TAILS CARD GAME ,10000,11673.12
4155,VINTAGE KEEPSAKE BOX BEAUTY GIRL,6,38.1
4156,VINTAGE KEEPSAKE BOX PARIS DAYS,38,135.7
4157,VINTAGE KEEPSAKE BOX PINK FLOWER,30,190.5
4158,VINTAGE KEEPSAKE BOX TRAVELOGUE,85,222.95
4159,VINTAGE KID DOLLY CARD ,4163,1674.3
4160,VINTAGE KITCHEN PRINT FRUITS,3406,1178.1
4161,VINTAGE KITCHEN PRINT PUDDINGS,2664,1273.2
4162,VINTAGE KITCHEN PRINT SEAFOOD,3615,1478.25
4163,VINTAGE KITCHEN PRINT VEGETABLES,3251,1548.45
4164,VINTAGE METAL CAKE STAND CREAM ,1,12.75
4165,VINTAGE NOTEBOOK BEAUTY GIRL,76,224.20000000000002
4166,VINTAGE NOTEBOOK FRENCH LETTER ,16,47.20000000000001
4167,VINTAGE NOTEBOOK PARIS DAYS,219,401.25000000000006
4168,VINTAGE NOTEBOOK PINK FLOWER,39,115.05000000000001
4169,VINTAGE NOTEBOOK RED ROSE,44,129.8
4170,VINTAGE NOTEBOOK TRAVELOGUE,282,546.3000000000001
4171,VINTAGE PAISLEY STATIONERY SET,925,1831.15
4172,VINTAGE PHOTO ALBUM PARIS DAYS,76,463.4
4173,VINTAGE PINK DECORATIVE PARASOL,43,548.25
4174,VINTAGE PINK TINSEL REEL ,13,27.3
4175,VINTAGE POST OFFICE CABINET,123,7954.87
4176,VINTAGE RED KITCHEN CABINET,16,4720.0
4177,VINTAGE RED MUG,1577,781.09
4178,VINTAGE RED TEATIME MUG,4322,3063.34
4179,VINTAGE ROSE BEAD BRACELET BLACK,57,242.25
4180,VINTAGE ROSE BEAD BRACELET BLUE,19,80.75
4181,VINTAGE ROSE BEAD BRACELET RASPBERR,41,174.25
4182,VINTAGE SEASIDE JIGSAW PUZZLES,705,2529.99
4183,VINTAGE SHELLS PRINT,69,445.05
4184,VINTAGE SNAKES & LADDERS,1860,6814.44
4185,VINTAGE SNAP CARDS,12429,10011.369999999999
4186,VINTAGE UNION JACK APRON,558,3678.1000000000004
4187,VINTAGE UNION JACK BUNTING,4002,33852.96
4188,VINTAGE UNION JACK CUSHION COVER,3199,16938.17
4189,VINTAGE UNION JACK DOORSTOP,1521,8886.43
4190,VINTAGE UNION JACK MEMOBOARD,3903,28756.489999999998
4191,VINTAGE UNION JACK PENNANT,689,1343.55
4192,VINTAGE UNION JACK SHOPPING BAG,678,3215.7000000000003
4193,VINTAGE WOODEN BAR STOOL,37,988.15
4194,VINTAGE WOODEN PLATE RACK,17,659.1500000000001
4195,VINYL RECORD FRAME SILVER,1341,4648.59
4196,VIP HOLIDAY PURSE,656,267.20000000000005
4197,VIP LUGGAGE TAG ,73,91.25
4198,VIPPASSPORT COVER ,364,682.4
4199,WAKE UP COCKEREL CALENDAR SIGN ,51,191.25
4200,WAKE UP COCKEREL TILE COASTER,58,72.5
4201,WAKE UP COCKEREL TILE HOOK,172,70.32000000000001
4202,WAKE UP COCKEREL WALL THERMOMETER,177,328.95
4203,"WALL MIRROR , DIAMANTE OVAL SHAPE",387,2591.85
4204,"WALL MIRROR , RECT DIAMANTE, PINK/",178,1108.8600000000001
4205,WALL MIRROR RECTANGLE DIAMANTE PINK,9,71.55
4206,WALL MOUNTED VINTAGE ORGANISER,460,5507.74
4207,WALL TIDY RETROSPOT ,1384,2806.4
4208,WASH BAG VINTAGE ROSE PAISLEY,1576,3852.2999999999997
4209,WASHROOM METAL SIGN,3914,4747.54
4210,WATERING CAN BLUE ELEPHANT,1233,2386.35
4211,WATERING CAN GARDEN MARKER,978,1220.6
4212,WATERING CAN GREEN DINOSAUR,1366,2406.8399999999997
4213,WATERING CAN PINK BUNNY,1769,3160.47
4214,WATERING CAN SINGLE HOOK PISTACHIO,412,564.12
4215,WATERMELON BATH SPONGE,1739,2169.95
4216,WAVELINE SURF IRONING BOARD COVER,8,30.0
4217,WAY OUT METAL SIGN ,999,1273.9499999999998
4218,WEEKEND BAG VINTAGE ROSE PAISLEY,906,7349.950000000001
4219,WELCOME  WOODEN BLOCK LETTERS,473,4542.13
4220,WELCOME METAL SIGN,44,55.0
4221,WHEELBARROW FOR CHILDREN ,407,4739.969999999999
4222,WHITE  ROSEBUD PEARL BRACELET,2,15.0
4223,WHITE 3 FRAME BIRDS AND TREE ,4,87.8
4224,WHITE ADVENT CANDLE,443,829.08
4225,WHITE ALLIUM  ARTIFICIAL FLOWER,25,42.25
4226,WHITE AND BLUE CERAMIC OIL BURNER,191,214.75
4227,WHITE ANEMONE ARTIFICIAL FLOWER,193,326.17
4228,WHITE BAMBOO RIBS LAMPSHADE,2253,1949.6899999999998
4229,WHITE BAROQUE CARRIAGE CLOCK,22,218.89999999999998
4230,WHITE BAROQUE WALL CLOCK ,35,435.45
4231,WHITE BEADED GARLAND STRING 20LIGHT,993,6036.749999999999
4232,WHITE BELL HONEYCOMB PAPER ,964,1522.9999999999998
4233,WHITE BELL HONEYCOMB PAPER GARLAND ,1019,1573.35
4234,WHITE BIRD GARDEN DESIGN MUG,8800,1323.2
4235,WHITE BITTY LIGHT CHAIN ,241,1004.73
4236,WHITE BROCANTE SOAP DISH,71,209.45000000000002
4237,WHITE CANDYSTUFT ARTIFICIAL FLOWER,137,149.20999999999998
4238,WHITE CERAMIC PARTY SET (5PCS),94,337.58
4239,WHITE CHERRY LIGHTS,962,5687.5
4240,WHITE CHOCOLATE SCENT CANDLE,351,244.35000000000002
4241,WHITE CHRISTMAS FLOCK DROPLET ,67,43.91
4242,WHITE CHRISTMAS GARLAND STARS TREES,385,1443.75
4243,WHITE CHRISTMAS HEART DECORATION,2600,1083.36
4244,WHITE CHRISTMAS STAR DECORATION,2789,1162.74
4245,WHITE CHRISTMAS TREE 60CM,1,2.95
4246,WHITE CHRISTMAS TREE DECORATION ,2124,874.8
4247,WHITE CHRYSANTHEMUMS ART FLOWER,233,384.54
4248,WHITE DOVE HONEYCOMB PAPER GARLAND,5022,7737.299999999999
4249,WHITE ENAMEL FLOWER HAIR TIE,2,5.9
4250,WHITE FOXGLOVE ARTIIFCIAL FLOWER,16,40.8
4251,WHITE FRANGIPANI HAIR CLIP,7,5.949999999999999
4252,WHITE FRANGIPANI NECKLACE,2,5.1
4253,WHITE GLASS CHUNKY CHARM BRACELET,61,539.5
4254,WHITE GLASS TV TRIPLE FRAME,16,68.0
4255,WHITE GOOSE FEATHER CHRISTMAS TREE ,199,671.0500000000001
4256,WHITE GOOSE FEATHER TREE 60CM ,98,287.09999999999997
4257,WHITE GRAND BAROQUE PHOTO FRAME,174,379.5
4258,WHITE HAND TOWEL WITH BUTTERFLY,13,77.35
4259,WHITE HANGING BEADS CANDLE HOLDER,490,2609.7000000000003
4260,WHITE HANGING HEART T-LIGHT HOLDER,56915,151624.31
4261,WHITE HEART CONFETTI IN TUBE,227,374.54999999999995
4262,WHITE HEART OF GLASS BRACELET,20,119.00000000000001
4263,WHITE HONEYCOMB PAPER FAN ,84,158.36
4264,WHITE HONEYCOMB PAPER GARLAND ,378,594.5
4265,WHITE HYDRANGEA ART FLOWER,180,273.6
4266,WHITE JEWELLED HEART DECORATION,4004,3216.9199999999996
4267,WHITE LOVEBIRD LANTERN,1442,4117.1
4268,WHITE METAL BAROQUE PHOTO FRAME,72,120.0
4269,WHITE METAL LANTERN,2931,10345.41
4270,WHITE MURANO TWIST BRACELET,100,409.75
4271,WHITE NEWBAROQUE CANDLESTICK CANDLE,640,737.2
4272,"WHITE PEARL BEADED HEART, SMALL",429,536.25
4273,WHITE PICNIC BARBECUE BUCKET,54,474.9
4274,WHITE RETRODISC LAMPSHADE,898,1775.1
4275,WHITE ROHMBIC BLOCK TABLE LAMP,2,5.9
4276,WHITE ROSE C/COVER,20,119.0
4277,WHITE ROSEBUD  PEARL EARRINGS,19,48.45
4278,WHITE ROSEBUD & PEARL NECKLACE,2,15.0
4279,WHITE ROUND PORCELAIN TLIGHT HOLDER,112,256.8
4280,WHITE SAGE INCENSE,848,170.58
4281,WHITE SATIN DRESS JEWEL STAND,4,19.8
4282,WHITE SCANDINAVIAN HEART CHRISTMAS,1,1.25
4283,WHITE SILVER NECKLACE SHELL GLASS,2,19.9
4284,WHITE SKULL HOT WATER BOTTLE ,2228,8091.48
4285,WHITE SNOW SCANDINAVIAN STOCKING ,564,266.52
4286,WHITE SOAP RACK WITH 2 BOTTLES,89,529.5500000000001
4287,WHITE SPOT BLUE CERAMIC DRAWER KNOB,5396,6337.4800000000005
4288,WHITE SPOT RED CERAMIC DRAWER KNOB,5813,6847.33
4289,WHITE SQUARE TABLE CLOCK,109,95.55000000000001
4290,WHITE STITCHED CUSHION COVER,166,835.7
4291,WHITE STITCHED WALL CLOCK,14,52.5
4292,WHITE STONE/CRYSTAL EARRINGS,17,50.150000000000006
4293,WHITE SWEETHEARTS CABINET 4 DRAWERS,241,2940.75
4294,WHITE TALL PORCELAIN T-LIGHT HOLDER,915,1960.05
4295,"WHITE TEA,COFFEE,SUGAR JARS",16,101.6
4296,WHITE TISSUE REAM,307,2440.65
4297,WHITE TRAVEL ALARM CLOCK,179,456.45
4298,WHITE VINT ART DECO CRYSTAL NECKLAC,7,59.5
4299,WHITE VINTAGE CRYSTAL BRACELET,11,74.25
4300,WHITE VINTAGE CRYSTAL EARRINGS,4,15.0
4301,WHITE WIRE EGG HOLDER,1442,7732.900000000001
4302,WHITE WITH BLACK CATS BOWL,344,141.68
4303,WHITE WITH BLACK CATS MUG,5155,977.11
4304,WHITE WITH BLACK CATS PLATE,6013,683.05
4305,WHITE WITH METAL BAG CHARM,10,49.5
4306,WHITE WOOD GARDEN PLANT LADDER,805,7571.849999999999
4307,WHITE WOOD SINGLE P/FRAME,5,6.25
4308,WHITE/BLUE PULL BACK RACING CAR,1661,851.1500000000001
4309,WHITE/BLUE RECT CERAMIC OIL BURNER,20,25.0
4310,WHITE/PINK CHICK DECORATION,36,45.0
4311,WHITE/PINK CHICK EASTER DECORATION,66,56.099999999999994
4312,WHITE/PINK MINI CRYSTALS NECKLACE,7,34.65
4313,WICKER STAR ,3009,6183.900000000001
4314,WICKER WREATH LARGE,727,1388.85
4315,WICKER WREATH SMALL,720,1024.8
4316,WILLOW BRANCH LIGHTS.,703,4121.25
4317,WINE BOTTLE DRESSING DARK BLUE,95,27.549999999999997
4318,WINE BOTTLE DRESSING LT.BLUE,127,36.83
4319,WIRE FLOWER T-LIGHT HOLDER,221,276.25
4320,WISE MAN STAR SHAPE EGG PAN,49,80.85
4321,WOBBLING METAL CHICKEN EASTER,85,72.25
4322,WOOD 2 DRAWER CABINET WHITE FINISH,2657,14460.150000000001
4323,WOOD AND GLASS MEDICINE CABINET,57,1575.15
4324,WOOD ANIMALS HEIGHT CHART STICKERS ,6,17.700000000000003
4325,WOOD BLACK BOARD ANT WHITE FINISH,4972,26035.079999999998
4326,WOOD FAN WITH FLOWER DESIGN,1391,1638.43
4327,WOOD S/3 CABINET ANT WHITE FINISH,2702,20162.9
4328,WOOD STAMP SET BEST WISHES,577,932.8499999999999
4329,WOOD STAMP SET FLOWERS,505,828.4499999999999
4330,WOOD STAMP SET HAPPY BIRTHDAY,456,747.5999999999999
4331,WOOD STAMP SET THANK YOU,822,1334.6999999999998
4332,WOOD STOCKING CHRISTMAS SCANDISPOT,1972,1630.96
4333,WOOD XMAS TREE 9 FIG SHELVES,29,24.65
4334,WOODEN ADVENT CALENDAR CREAM,506,7367.099999999999
4335,WOODEN ADVENT CALENDAR RED,243,3514.0499999999997
4336,WOODEN BOX ADVENT CALENDAR ,1237,10692.199999999999
4337,WOODEN BOX OF DOMINOES,6415,7661.17
4338,WOODEN CHRISTMAS TREE 3 HANGING,144,60.480000000000004
4339,WOODEN CROQUET GARDEN SET,1015,11447.33
4340,WOODEN FRAME ANTIQUE WHITE ,8425,23245.75
4341,WOODEN HAPPY BIRTHDAY GARLAND,2809,7933.750000000001
4342,WOODEN HEART CHRISTMAS SCANDINAVIAN,3316,2818.6
4343,WOODEN HEART CHRISTMAS SCANDISPOT,36,30.599999999999998
4344,WOODEN OWLS LIGHT GARLAND ,484,1864.04
4345,WOODEN PICTURE FRAME WHITE FINISH,7643,17677.95
4346,WOODEN REGATTA BUNTING,768,4377.6
4347,WOODEN ROUNDERS GARDEN SET ,1158,9576.130000000001
4348,WOODEN SCHOOL COLOURING SET,5597,9009.449999999999
4349,WOODEN SKITTLES GARDEN SET,725,9513.59
4350,WOODEN STAR CHRISTMAS SCANDINAVIAN,2667,2266.95
4351,WOODEN STAR CHRISTMAS SCANDISPOT,72,61.199999999999996
4352,WOODEN TREE CHRISTMAS SCANDINAVIAN,1885,1602.25
4353,WOODEN TREE CHRISTMAS SCANDISPOT,96,81.6
4354,WOODEN UNION JACK BUNTING,1443,8393.85
4355,WOODLAND  HEIGHT CHART STICKERS ,900,2397.0
4356,WOODLAND  STICKERS,1926,1562.2199999999998
4357,WOODLAND ANIMAL  WRITING SET ,1361,2139.6499999999996
4358,WOODLAND CHARLOTTE BAG,10051,7958.35
4359,WOODLAND CREATURES  WRAP,25,10.5
4360,WOODLAND DESIGN  COTTON TOTE BAG,1340,2997.0
4361,WOODLAND PARTY BAG + STICKER SET,1761,2819.25
4362,WOODLAND STORAGE BOX LARGE ,555,1127.49
4363,WOODLAND STORAGE BOX SMALL,750,929.4000000000001
4364,WOODLAND WATER TRANSFER TATTOOS ,1753,1447.6499999999999
4365,WOOLLY HAT SOCK GLOVE ADVENT STRING,1689,5001.750000000001
4366,WORLD WAR 2 GLIDERS ASSTD DESIGNS,54754,11319.619999999999
4367,WOVEN BERRIES CUSHION COVER ,179,308.85
4368,WOVEN BUBBLE GUM CUSHION COVER,176,294.0
4369,WOVEN CANDY CUSHION COVER ,79,124.65
4370,WOVEN FROST CUSHION COVER,91,184.05
4371,WOVEN ROSE GARDEN CUSHION COVER ,153,268.95
4372,WOVEN SUNSET CUSHION COVER ,11,54.45
4373,WRAP  PINK FLOCK,1050,439.0
4374,"WRAP , SUMMER ROSE DESIGN",150,63.0
4375,WRAP BAD HAIR DAY,275,27.5
4376,WRAP BLIZZARD,975,409.5
4377,WRAP BLUE REINDEER,1350,567.0
4378,WRAP BLUE RUSSIAN FOLKART,2025,626.25
4379,WRAP BOUDOIR ,750,75.0
4380,WRAP CHRISTMAS DECOUPAGE,25,10.5
4381,WRAP CHRISTMAS SCREEN PRINT,2550,760.5
4382,WRAP CHRISTMAS VILLAGE,4837,1967.54
4383,WRAP CIRCUS PARADE,2475,1007.5
4384,WRAP COWBOYS  ,2215,866.3
4385,WRAP DAISY CARPET ,1400,363.75
4386,WRAP DOLLY GIRL,2575,1001.5
4387,WRAP ENGLISH ROSE ,6072,2486.48
4388,WRAP FOLK ART,1875,574.75
4389,WRAP GREEN PEARS ,1950,819.0
4390,WRAP GREEN RUSSIAN FOLKART ,1700,512.75
4391,WRAP I LOVE LONDON ,2704,1055.68
4392,WRAP MONSTER FUN ,900,378.0
4393,WRAP PINK FAIRY CAKES ,10886,4238.12
4394,WRAP RED APPLES ,3550,1459.0
4395,WRAP ROMANTIC DECOUPAGE,25,10.5
4396,WRAP SPEED DEMONS ,450,45.0
4397,WRAP SUKI AND FRIENDS,2651,1055.42
4398,WRAP SWEETS LIGHT PINK SMALL BOWL,71,78.11
4399,WRAP WEDDING DAY,1450,561.0
4400,WRAP WINTER FOREST,250,105.0
4401,"WRAP, BILLBOARD FONTS DESIGN",990,415.8
4402,"WRAP, CAROUSEL",475,199.5
4403,"WRAP, FRIENDSHIP ON GREEN",1450,609.0
4404,"WRAP,SUKI AND FRIENDS",3325,1352.5
4405,"WRAPPING PAPER, XMAS VILLAGE",25,10.5
4406,YELLOW + BROWN BEAR FELT PURSE KIT,35,43.75
4407,YELLOW BIRDS FELT DES FOODCOVER,9,33.75
4408,YELLOW BREAKFAST CUP AND SAUCER,2639,407.93
4409,YELLOW BROWN BEAR FELT PURSE KIT,11,13.75
4410,YELLOW COAT RACK PARIS FASHION,49,242.55
4411,YELLOW DRAGONFLY HELICOPTER,63,500.85
4412,YELLOW EASTER EGG HUNT START POST,175,319.65
4413,YELLOW FELT HANGING HEART W FLOWER,31,26.349999999999998
4414,YELLOW FLOWERS FELT HANDBAG KIT,116,243.60000000000002
4415,YELLOW GIANT GARDEN THERMOMETER,12,71.4
4416,YELLOW KNITTED KIDS RUCKSACK,33,222.75
4417,YELLOW METAL CHICKEN HEART ,665,964.93
4418,YELLOW PINK FLOWER DESIGN BIG BOWL,3,8.850000000000001
4419,YELLOW POT PLANT CANDLE,470,1174.1000000000001
4420,YELLOW PURPLE DAISY FELT PURSE KIT,86,107.5
4421,YELLOW RABBIT SAT EASTER,48,20.16
4422,YELLOW RED FLOWER PIGGY BANK,107,206.54999999999998
4423,YELLOW SHARK HELICOPTER,47,373.65
4424,YELLOW VW BEETLE CERAMIC MONEY BOX,46,130.9
4425,YELLOW/BLUE RETRO RADIO,8,23.6
4426,YELLOW/PINK CERAMIC CANDLE HOLDER,7,11.549999999999999
4427,YELLOW/PINK FLOWER DESIGN BIG MUG,12,23.4
4428,YOU'RE CONFUSING ME METAL SIGN ,4438,6806.139999999999
4429,YULETIDE IMAGES GIFT WRAP SET,413,669.0600000000001
4430,YULETIDE IMAGES S/6 PAPER BOXES,762,901.5
4431,ZINC FINISH 15CM PLANTER POTS,1012,1228.52
4432,ZINC FOLKART SLEIGH BELLS,3251,5220.59
4433,ZINC HEART LATTICE 2 WALL PLANTER,54,342.9
4434,ZINC HEART LATTICE CHARGER LARGE,25,93.75
4435,ZINC HEART LATTICE CHARGER SMALL,18,53.10000000000001
4436,ZINC HEART LATTICE DOUBLE PLANTER,670,566.1
4437,ZINC HEART LATTICE PLANTER BOWL,820,713.8000000000001
4438,ZINC HEART LATTICE T-LIGHT HOLDER,675,843.75
4439,ZINC HEART LATTICE TRAY OVAL ,325,364.15000000000003
4440,ZINC METAL HEART DECORATION,13958,16706.5
4441,ZINC POLICE BOX LANTERN,193,783.7
4442,ZINC TOP  2 DOOR WOODEN SHELF ,234,1342.3
4443,ZINC WILLIE WINKIE  CANDLE STICK,3630,3010.62
